gid,role,role_score,cluster_id,priority_score,evidence,depth,is_seed,in_deg,out_deg,in_kzt,out_kzt,in_tx,out_tx,pagerank,pass_through,truncated_by_depth,turnover_kzt,betweenness,hubs,authorities,seed_payers,seed_payers_share,incoming_incomplete,role_rule,priority_score_raw
100000000011452100,peripheral,0.4,0,0.06370577731539606,"Вход/выход: 3/1 связей, 110 000/16 685 KZT; признаков специальной роли недостаточно",1,False,3,1,110000.0,16685.0,7,2,0.0004768640252326481,0.1516818181818182,False,126685.0,0.0,7.950546822802954e-18,2.746187867720004e-14,1,0.3333333333333333,False,other,0.07736491732285386
100000000018102100,peripheral,0.3,4,0.0,"Глубина 4, выход 0, вход 7 000 KZT; обход обрезан, данных для гипотезы о конечном получателе недостаточно",4,False,1,0,7000.0,0.0,1,0,0.0003204029472448961,0.0,True,7000.0,0.0,0.0,1.2951579116072231e-98,0,0.0,False,truncated,-0.2873898646432678
100000000031787100,transit,0.9,6,0.0343614387752751,"Вход 90 000, выход 90 000 KZT; передаёт 100.0%; 1/2 связей; признаки транзита",2,False,1,2,90000.0,90000.0,2,4,0.0004315356304853241,1.0,False,180000.0,0.0,3.3727299516409886e-18,1.771573904657609e-74,0,0.0,False,transit,0.020864433195613822
100000000041368100,terminal,0.7,2,0.14045651915887503,"Вход 160 000 KZT от 1 плательщика, выход 0; глубина 1; признаки конечного получателя",1,False,1,0,160000.0,0.0,1,0,0.0003176071236192344,0.0,False,160000.0,0.0,0.0,7.860176505024266e-14,1,1.0,False,terminal,0.11371451120133677
100000000076451100,peripheral,0.4,14,0.08355657884022044,"Вход/выход: 3/4 связей, 87 707/58 000 KZT; признаков специальной роли недостаточно",2,False,3,4,87707.0,58000.0,4,4,0.001396200864142394,0.661292713238396,False,145707.0,9.706144256455922e-05,4.161565865251051e-100,6.557227057150491e-18,0,0.0,False,other,0.10147192430837676
100000000089154100,distributor,0.55,0,0.21897481357067705,"Отправляет 425 500 KZT на 15 получателей, 21 переводов; признаки распределения; возможен неполный вход или начальный остаток",1,False,1,15,10000.0,425500.0,1,21,0.0002874458184490932,42.55,False,435500.0,0.0004194122885129119,4.084442044799058e-15,3.493540282054443e-15,1,1.0,True,distributor,0.11818895527104951
100000000190228100,peripheral,0.4,6,0.02393211431423925,"Вход 5 000, выход 28 560 KZT; возможны пропущенные входящие или начальный остаток; для проверки запросить выписку",2,False,1,1,5000.0,28560.0,1,1,0.0005820068181865647,5.712,False,33560.0,2.0521898650372875e-05,9.517491984853653e-104,3.16255988575774e-134,0,0.0,True,missing_incoming,0.029063393043863628
100000000201868100,transit,0.9,3,0.0919317812397605,"Вход 190 000, выход 190 000 KZT; передаёт 100.0%; 1/1 связей; признаки транзита",2,False,1,1,190000.0,190000.0,1,1,0.0009746432509228604,1.0,False,380000.0,0.0,4.519570430103088e-17,2.449706178385544e-65,0,0.0,False,transit,0.055821425894742975
100000000254336100,peripheral,0.4,0,0.018703701511781662,"Вход/выход: 2/1 связей, 97 177/60 000 KZT; признаков специальной роли недостаточно",3,False,2,1,97177.0,60000.0,2,1,0.00029193514276874816,0.6174300503205491,False,157177.0,1.8737385724253492e-05,1.4581983418183533e-89,4.6337932051624624e-14,0,0.0,False,other,0.022713957541502593
100000000267734100,peripheral,0.4,6,0.07426222103223276,"Вход 180 000, выход 282 000 KZT; возможны пропущенные входящие или начальный остаток; для проверки запросить выписку",1,False,2,7,180000.0,282000.0,4,8,0.0005373190777888428,1.5666666666666667,False,462000.0,7.123775601068567e-06,9.07498780174e-76,1.8576605371721379e-16,1,0.5,True,missing_incoming,0.09018476553431358
100000000274067100,peripheral,0.4,50,0.08873449940752187,"Вход 517 704, выход 2 969 000 KZT; возможны пропущенные входящие или начальный остаток; для проверки запросить выписку",1,False,2,3,517704.0,2969000.0,9,9,0.0004137036512851875,5.734937338710924,False,3486704.0,0.0,1.8851857667108324e-15,3.3959219888816737e-16,1,0.5,True,missing_incoming,0.10776004154789073
100000000287768100,peripheral,0.4,0,0.00897643258000411,"Вход/выход: 1/0 связей, 35 168/0 KZT; признаков специальной роли недостаточно",3,False,1,0,35168.0,0.0,1,0,0.0002886880716986401,0.0,False,35168.0,0.0,0.0,3.559732289006613e-14,0,0.0,False,other,0.010901067276332508
100000000288317100,peripheral,0.4,4,0.020028570028932314,"Вход/выход: 2/3 связей, 100 000/53 500 KZT; признаков специальной роли недостаточно",3,False,2,3,100000.0,53500.0,2,3,0.0003128334856204945,0.535,False,153500.0,5.6099732858414964e-05,6.836947911358366e-100,4.16183262408898e-15,0,0.0,False,other,0.024322890790767583
100000000291906100,transit,0.7251185567010309,51,0.09529658878325464,"Вход 388 000, выход 455 854 KZT; передаёт 117.5%; 2/2 связей; признаки транзита",2,False,2,2,388000.0,455854.0,3,6,0.0007629373053537486,1.1748814432989692,False,843854.0,7.658058771148709e-05,1.2466156391902168e-56,5.557709790940014e-48,0,0.0,False,transit,0.057864553444391655
100000000291908100,peripheral,0.4,51,0.03210100610083393,"Вход/выход: 1/1 связей, 295 500/13 300 KZT; признаков специальной роли недостаточно",3,False,1,1,295500.0,13300.0,5,1,0.0007065527083397004,0.045008460236886635,False,308800.0,1.9629642187313182e-05,2.3693749124097136e-118,1.0770832506560407e-55,0,0.0,False,other,0.038983774904371944
100000000297649100,peripheral,0.4,11,0.0357627548993312,"Вход 40 000, выход 70 600 KZT; возможны пропущенные входящие или начальный остаток; для проверки запросить выписку",2,False,1,1,40000.0,70600.0,1,2,0.0008091385858414705,1.765,False,110600.0,0.0,1.3392782271403947e-16,7.373365069081482e-91,0,0.0,True,missing_incoming,0.04343063835994643
100000000299820100,peripheral,0.3,4,0.0,"Глубина 4, выход 0, вход 10 000 KZT; обход обрезан, данных для гипотезы о конечном получателе недостаточно",4,False,1,0,10000.0,0.0,1,0,0.0004501620352243437,0.0,True,10000.0,0.0,0.0,3.0160521371438424e-119,0,0.0,False,truncated,-0.2794113689397407
100000000307908100,peripheral,0.4,43,0.009160242153321492,"Вход/выход: 1/0 связей, 5 000/0 KZT; признаков специальной роли недостаточно",2,False,1,0,5000.0,0.0,1,0,0.0002964337747494595,0.0,False,5000.0,0.0,0.0,1.917183172244846e-49,0,0.0,False,other,0.011124287414946397
100000000331309100,distributor,0.95,5,0.5976961517150574,"Отправляет 23 001 375 KZT на 99 получателей, 126 переводов; признаки распределения; возможен неполный вход или начальный остаток",2,False,5,99,984635.0,23001375.0,8,126,0.000875689903807376,23.360306103276848,False,23986010.0,0.0035779162956366874,2.3107721061002817e-11,4.4348089945383693e-14,0,0.0,True,distributor,0.322599127218478
100000000332284100,peripheral,0.4,5,0.11116082095621961,"Вход 107 426, выход 289 500 KZT; возможны пропущенные входящие или начальный остаток; для проверки запросить выписку",2,False,10,3,107426.0,289500.0,12,3,0.0007170946224349073,2.69487833485376,False,396926.0,0.00011130899376669636,2.544450256008381e-13,2.7726973609021175e-16,0,0.0,True,missing_incoming,0.13499478517060812
100000000343175100,coordinator,0.6293065233387649,9,0.3454063513797775,Вход/выход: 8/31 связей; seed-плательщиков 1; в топ-5% по посреднической роли в сети; признаки координации; seed: входящие суммы занижены методом сбора,0,True,8,31,178712.0,4000039.0,14,33,0.000713258197938405,22.382598818210305,False,4178751.0,0.0011349502210119258,1.1341156216814028e-12,3.969807589470027e-17,1,0.125,True,coordinator,0.16778593680750514
100000000369781100,peripheral,0.3,5,0.0,"Глубина 4, выход 0, вход 5 000 KZT; обход обрезан, данных для гипотезы о конечном получателе недостаточно",4,False,1,0,5000.0,0.0,1,0,0.0005324777910582564,0.0,True,5000.0,0.0,0.0,3.16255988575774e-134,0,0.0,False,truncated,-0.27440758047243763
100000000375150100,peripheral,0.3,12,0.0,"Глубина 4, выход 0, вход 300 000 KZT; обход обрезан, данных для гипотезы о конечном получателе недостаточно",4,False,1,0,300000.0,0.0,1,0,0.0007463802351751577,0.0,True,300000.0,0.0,0.0,9.131508432352688e-58,0,0.0,False,truncated,-0.25883683141987524
100000000404740100,peripheral,0.3,24,0.0,"Глубина 4, выход 0, вход 25 000 KZT; обход обрезан, данных для гипотезы о конечном получателе недостаточно",4,False,1,0,25000.0,0.0,1,0,0.0005579900727464834,0.0,True,25000.0,0.0,0.0,3.595414325170328e-104,0,0.0,False,truncated,-0.2726770613792645
100000000408846100,peripheral,0.4,25,0.009368242163429267,"Вход/выход: 1/0 связей, 40 500/0 KZT; признаков специальной роли недостаточно",3,False,1,0,40500.0,0.0,1,0,0.0002957255734808806,0.0,False,40500.0,0.0,0.0,1.7305122930123568e-31,0,0.0,False,other,0.011376884655938727
100000000413678100,peripheral,0.4,4,0.024093242805543178,"Вход 306 500, выход 528 198 KZT; возможны пропущенные входящие или начальный остаток; для проверки запросить выписку",3,False,2,3,306500.0,528198.0,2,18,0.00030069885417385005,1.723321370309951,False,834698.0,5.6099732858414964e-05,6.2280882329142696e-52,9.503033106559499e-13,0,0.0,True,missing_incoming,0.029259069055261606
100000000424935100,peripheral,0.3,27,0.0,"Глубина 4, выход 0, вход 15 000 KZT; обход обрезан, данных для гипотезы о конечном получателе недостаточно",4,False,1,0,15000.0,0.0,1,0,0.0003014479732354374,0.0,True,15000.0,0.0,0.0,1.1135812574968908e-30,0,0.0,False,truncated,-0.28848498929910765
100000000425407100,peripheral,0.4,2,0.009700365416308174,"Вход/выход: 1/0 связей, 20 000/0 KZT; признаков специальной роли недостаточно",2,False,1,0,20000.0,0.0,1,0,0.00030509459327138135,0.0,False,20000.0,0.0,0.0,8.097304303719923e-18,0,0.0,False,other,0.011780218373582011
100000000437046100,distributor,0.7,0,0.39982688700068236,"Отправляет 7 606 224 KZT на 42 получателей, 73 переводов; признаки распределения; возможен неполный вход или начальный остаток",2,False,9,42,1107200.0,7606224.0,20,73,0.0007924860106097876,6.86978323699422,False,8713424.0,0.001909171861086376,3.867722993878148e-12,1.3799936120278245e-15,0,0.0,True,distributor,0.21580163167319877
100000000440392100,terminal,0.7,3,0.13833223406072426,"Вход 105 705 KZT от 1 плательщика, выход 0; глубина 1; признаки конечного получателя",1,False,1,0,105705.0,0.0,4,0,0.0002969344900653258,0.0,False,105705.0,0.0,0.0,2.8452685721197364e-15,1,1.0,False,terminal,0.11199467617313662
100000000456947100,peripheral,0.2,71,0.0,0 входящих и 0 исходящих рёбер; недостаточно данных для гипотезы о роли; seed: входящие суммы занижены методом сбора,0,True,0,0,0.0,0.0,0,0,0.0002855692942172909,,False,0.0,0.0,0.0,0.0,0,0.0,True,no_edges,0.0
100000000470237100,peripheral,0.3,27,0.0,"Глубина 4, выход 0, вход 32 500 KZT; обход обрезан, данных для гипотезы о конечном получателе недостаточно",4,False,1,0,32500.0,0.0,1,0,0.0005846333941764127,0.0,True,32500.0,0.0,0.0,3.479383285408343e-70,0,0.0,False,truncated,-0.27098144351830145
100000000481716100,peripheral,0.4,8,0.013254982572399194,"Вход/выход: 1/0 связей, 8 000/0 KZT; признаков специальной роли недостаточно",3,False,1,0,8000.0,0.0,1,0,0.0003771539261882796,0.0,False,8000.0,0.0,0.0,2.0820733404507925e-23,0,0.0,False,other,0.01609698011771536
100000000489417100,transit,0.8116238572050501,12,0.08044358531974916,"Вход 73 504, выход 80 000 KZT; передаёт 108.8%; 3/1 связей; признаки транзита",2,False,3,1,73504.0,80000.0,3,1,0.0005517574141078733,1.0883761427949499,False,153504.0,0.0,5.2463113743937095e-15,3.950170561245055e-17,0,0.0,False,transit,0.04884573730734677
100000000490383100,peripheral,0.4,3,0.044171613508809694,"Вход 62 600, выход 461 375 KZT; возможны пропущенные входящие или начальный остаток; для проверки запросить выписку",2,False,3,8,62600.0,461375.0,3,9,0.0005480373500605439,7.37020766773163,False,523975.0,0.00020164996065148998,2.3165385611968213e-15,1.2442264909229723e-21,0,0.0,True,missing_incoming,0.05364243827066897
100000000500040100,peripheral,0.3,0,0.0,"Глубина 4, выход 0, вход 20 000 KZT; обход обрезан, данных для гипотезы о конечном получателе недостаточно",4,False,1,0,20000.0,0.0,1,0,0.00030605044673656407,0.0,True,20000.0,0.0,0.0,1.418145970698856e-17,0,0.0,False,truncated,-0.2881611933409328
100000000507799100,peripheral,0.4,38,0.09192696264441902,"Вход 5 132, выход 8 000 KZT; возможны пропущенные входящие или начальный остаток; для проверки запросить выписку",1,False,1,1,5132.0,8000.0,1,1,0.0002861210768679897,1.558846453624318,False,13132.0,0.00011219946571682993,1.5485030992974056e-87,1.3813838808115497e-16,1,1.0,True,missing_incoming,0.11163700004030534
100000000533217100,terminal,0.7,0,0.04128156208267877,"Вход 53 587 KZT от 1 плательщика, выход 0; глубина 2; признаки конечного получателя",2,False,1,0,53587.0,0.0,1,0,0.0006536029907362594,0.0,False,53587.0,0.0,0.0,2.2697150568740525e-83,0,0.0,False,terminal,0.03342182108720465
100000000534581100,peripheral,0.4,4,0.01861237109618683,"Вход/выход: 2/1 связей, 55 960/40 000 KZT; признаков специальной роли недостаточно",3,False,2,1,55960.0,40000.0,2,1,0.0002984533219886514,0.7147962830593281,False,95960.0,1.8737385724253492e-05,2.6049608555700787e-97,2.9943493695092867e-15,0,0.0,False,other,0.022603044994017694
100000000542087100,peripheral,0.3,36,0.0,"Глубина 4, выход 0, вход 8 507 KZT; обход обрезан, данных для гипотезы о конечном получателе недостаточно",4,False,1,0,8506.91,0.0,1,0,0.0002864146027372091,0.0,True,8506.91,0.0,0.0,8.793953539950067e-26,0,0.0,False,truncated,-0.28946058854895657
100000000552584100,peripheral,0.4,22,0.07868541721583248,"Вход/выход: 1/1 связей, 2 500 000/57 500 KZT; признаков специальной роли недостаточно",3,False,1,1,2500000.0,57500.0,3,1,0.0013254360037725057,0.023,False,2557500.0,8.014247551202137e-06,0.0037039062242542145,0.20622813944057672,0,0.0,False,other,0.09555633812109457
100000000555721100,terminal,0.7,0,0.09036001835447655,"Вход 113 000 KZT от 2 плательщиков, выход 0; глубина 1; признаки конечного получателя",1,False,2,0,113000.0,0.0,3,0,0.00030809196179581376,0.0,False,113000.0,0.0,0.0,3.8984188875256496e-14,1,0.5,False,terminal,0.07315605840765887
100000000557536100,peripheral,0.3,36,0.0,"Глубина 4, выход 0, вход 153 000 KZT; обход обрезан, данных для гипотезы о конечном получателе недостаточно",4,False,1,0,153000.0,0.0,7,0,0.00030077248827335636,0.0,True,153000.0,0.0,0.0,1.581625868396821e-24,0,0.0,False,truncated,-0.28737572187280924
100000000560751100,peripheral,0.4,12,0.0222193292782049,"Вход/выход: 1/0 связей, 25 000/0 KZT; признаков специальной роли недостаточно",3,False,1,0,25000.0,0.0,1,0,0.0005524500973404968,0.0,False,25000.0,0.0,0.0,3.595414325170328e-104,0,0.0,False,other,0.026983370190542366
100000000561160100,peripheral,0.3,2,0.0,"Глубина 4, выход 0, вход 240 000 KZT; обход обрезан, данных для гипотезы о конечном получателе недостаточно",4,False,1,0,240000.0,0.0,1,0,0.00043625462329844033,0.0,True,240000.0,0.0,0.0,9.889506319551055e-16,0,0.0,False,truncated,-0.2783460282274322
100000000569479100,terminal,0.7,0,0.02444334555396419,"Вход 320 000 KZT от 1 плательщика, выход 0; глубина 3; признаки конечного получателя",3,False,1,0,320000.0,0.0,1,0,0.0003949532398197791,0.0,False,320000.0,0.0,0.0,6.478352072384484e-15,0,0.0,False,terminal,0.019789491498435542
100000000572276100,peripheral,0.4,1,0.00901456858315582,"Вход 13 075, выход 34 547 KZT; возможны пропущенные входящие или начальный остаток; для проверки запросить выписку",3,False,1,1,13075.0,34547.0,1,1,0.00028761001118010675,2.6422179732313578,False,47622.0,8.904719501335708e-07,4.1230304537374823e-100,1.985818849035026e-42,0,0.0,True,missing_incoming,0.010947380010517496
100000000580561100,peripheral,0.4,44,0.05531608641743994,"Вход/выход: 2/3 связей, 27 980/1 488 077 KZT; признаков специальной роли недостаточно; seed: входящие суммы занижены методом сбора",0,True,2,3,27980.0,1488077.0,3,13,0.0008349888856684653,53.183595425303785,False,1516057.0,2.6714158504007127e-06,6.298446399798521e-35,1.4864466027437244e-106,0,0.0,True,other,0.06717639486795537
100000000581662100,peripheral,0.3,10,0.0,"Глубина 4, выход 0, вход 21 160 KZT; обход обрезан, данных для гипотезы о конечном получателе недостаточно",4,False,1,0,21160.0,0.0,1,0,0.00030291662853066217,0.0,True,21160.0,0.0,0.0,7.148203590135836e-59,0,0.0,False,truncated,-0.2883436059554015
100000000581682100,peripheral,0.3,27,0.0,"Глубина 4, выход 0, вход 5 000 KZT; обход обрезан, данных для гипотезы о конечном получателе недостаточно",4,False,1,0,5000.0,0.0,1,0,0.0002908621872233397,0.0,True,5000.0,0.0,0.0,3.711937524989636e-31,0,0.0,False,truncated,-0.28921721865525807
100000000583220100,peripheral,0.4,67,0.014619632331652432,"Вход 5 000, выход 761 255 KZT; возможны пропущенные входящие или начальный остаток; для проверки запросить выписку",3,False,1,1,5000.0,761255.0,1,4,0.0002981132552282115,152.251,False,766255.0,1.8699910952804988e-05,5.158085555271955e-41,6.795594514923615e-25,0,0.0,True,missing_incoming,0.017754224095394035
100000000594783100,peripheral,0.4,22,0.08303542898901686,"Вход/выход: 1/2 связей, 2 635 000/152 500 KZT; признаков специальной роли недостаточно",3,False,1,2,2635000.0,152500.0,10,2,0.0013815888060884876,0.05787476280834915,False,2787500.0,0.0,0.0059658260683817,0.21736445897036785,0,0.0,False,other,0.10083903484606675
100000000596954100,peripheral,0.4,2,0.021722760253208052,"Вход/выход: 1/2 связей, 120 000/48 100 KZT; признаков специальной роли недостаточно",2,False,1,2,120000.0,48100.0,1,2,0.0005156144546495897,0.4008333333333333,False,168100.0,4.8085485307212824e-05,1.6720027103126972e-94,1.694576639910507e-74,0,0.0,False,other,0.026380331923325638
100000000600707100,peripheral,0.3,37,0.0,"Глубина 4, выход 0, вход 89 000 KZT; обход обрезан, данных для гипотезы о конечном получателе недостаточно",4,False,1,0,89000.0,0.0,2,0,0.0005701602511841814,0.0,True,89000.0,0.0,0.0,5.06181524172816e-80,0,0.0,False,truncated,-0.27139745547148203
100000000607731100,peripheral,0.4,29,0.09314464436767798,"Вход 20 000, выход 66 666 KZT; возможны пропущенные входящие или начальный остаток; для проверки запросить выписку",1,False,1,1,20000.0,66666.0,1,1,0.0003175358448925586,3.3333,False,86666.0,1.7809439002671417e-06,1.5029865500620997e-87,5.560576990139824e-69,1,1.0,True,missing_incoming,0.11311576460162735
100000000607941100,peripheral,0.4,3,0.03321191793807905,"Вход 50 000, выход 70 000 KZT; возможны пропущенные входящие или начальный остаток; для проверки запросить выписку",2,False,2,1,50000.0,70000.0,3,4,0.0005785720589504693,1.4,False,120000.0,5.621215717276048e-05,1.286694201441815e-86,5.746863494639043e-21,0,0.0,True,missing_incoming,0.04033287707474414
100000000608031100,peripheral,0.3,15,0.0,"Глубина 4, выход 0, вход 30 000 KZT; обход обрезан, данных для гипотезы о конечном получателе недостаточно",4,False,1,0,30000.0,0.0,1,0,0.0005386366709608574,0.0,True,30000.0,0.0,0.0,9.131508432352698e-101,0,0.0,False,truncated,-0.27382162193332876
100000000611474100,peripheral,0.4,21,0.02444636572568345,"Вход/выход: 1/0 связей, 32 000/0 KZT; признаков специальной роли недостаточно",3,False,1,0,32000.0,0.0,1,0,0.0005956216679556007,0.0,False,32000.0,0.0,0.0,1.464797666040067e-99,0,0.0,False,other,0.02968790497364627
100000000625169100,peripheral,0.4,1,0.008817638848381474,"Вход/выход: 1/0 связей, 10 000/0 KZT; признаков специальной роли недостаточно",2,False,1,0,10000.0,0.0,1,0,0.00028896566732328953,0.0,False,10000.0,0.0,0.0,1.3445403038387367e-36,0,0.0,False,other,0.010708226619863447
100000000627521100,peripheral,0.3,39,0.0,"Глубина 4, выход 0, вход 6 500 KZT; обход обрезан, данных для гипотезы о конечном получателе недостаточно",4,False,1,0,6500.0,0.0,1,0,0.00028609897888673294,0.0,True,6500.0,0.0,0.0,8.686129855347483e-23,0,0.0,False,truncated,-0.2894966684688714
100000000629812100,peripheral,0.4,56,0.017932764132110295,"Вход/выход: 2/0 связей, 22 000/0 KZT; признаков специальной роли недостаточно",2,False,2,0,22000.0,0.0,2,0,0.0002979840074392023,0.0,False,22000.0,0.0,0.0,1.2946749483287609e-17,0,0.0,False,other,0.02177772366833143
100000000634341100,peripheral,0.3,0,0.0,"Глубина 4, выход 0, вход 24 000 KZT; обход обрезан, данных для гипотезы о конечном получателе недостаточно",4,False,1,0,24000.0,0.0,2,0,0.00055493827193886,0.0,True,24000.0,0.0,0.0,6.214582605838966e-105,0,0.0,False,truncated,-0.2728724573005081
100000000640800100,peripheral,0.4,4,0.014019710170773502,"Вход 80 000, выход 518 135 KZT; возможны пропущенные входящие или начальный остаток; для проверки запросить выписку",3,False,1,4,80000.0,518135.0,1,6,0.00030324034248046286,6.4766875,False,598135.0,5.6099732858414964e-05,1.611957463759596e-21,9.650224501673085e-15,0,0.0,True,missing_incoming,0.017025672771912588
100000000646541100,peripheral,0.4,0,0.03702513957650277,"Вход/выход: 3/0 связей, 25 300/0 KZT; признаков специальной роли недостаточно",2,False,3,0,25300.0,0.0,4,0,0.0005058630830440054,0.0,False,25300.0,0.0,0.0,2.0739097258527497e-18,0,0.0,False,other,0.044963690624507884
100000000655469100,peripheral,0.3,20,0.0,"Глубина 4, выход 0, вход 20 000 KZT; обход обрезан, данных для гипотезы о конечном получателе недостаточно",4,False,1,0,20000.0,0.0,2,0,0.0003454311507267085,0.0,True,20000.0,0.0,0.0,6.56637649783704e-85,0,0.0,False,truncated,-0.2857473840992198
100000000656682100,transit,0.7732394366197183,0,0.020223548419157147,"Вход 71 000, выход 80 000 KZT; передаёт 112.7%; 1/2 связей; признаки транзита",3,False,1,2,71000.0,80000.0,1,3,0.0002895680118780556,1.1267605633802817,False,151000.0,3.7399821905609976e-05,1.5455456059398029e-87,1.878572975094305e-14,0,0.0,False,transit,0.012279837224784183
100000000661131100,peripheral,0.4,1,0.00880755645039341,"Вход/выход: 1/0 связей, 15 600/0 KZT; признаков специальной роли недостаточно",3,False,1,0,15600.0,0.0,1,0,0.00028800410757254345,0.0,False,15600.0,0.0,0.0,2.3693135024815605e-42,0,0.0,False,other,0.01069598245740859
100000000661912100,transit,0.8041716280442505,4,0.2878461895404309,"Вход 393 036, выход 430 700 KZT; передаёт 109.6%; 5/2 связей; признаки транзита",1,False,5,2,393036.0,430700.0,9,8,0.0017491597591117625,1.0958283719557496,False,823736.0,0.0006375779162956368,5.277084201806643e-53,5.651813104161127e-14,1,0.2,False,transit,0.17478161003548465
100000000667713100,peripheral,0.4,3,0.06386115071298093,"Вход/выход: 2/6 связей, 119 495/79 236 KZT; признаков специальной роли недостаточно",1,False,2,6,119495.0,79236.0,10,7,0.0003201059721320319,0.663090505878907,False,198731.0,0.0003069362232925334,5.553572209373223e-17,2.8733012277315395e-15,1,0.5,False,other,0.07755360429230741
100000000673868100,peripheral,0.4,30,0.0703037815464857,"Вход/выход: 1/5 связей, 2 030 650/383 000 KZT; признаков специальной роли недостаточно",3,False,1,5,2030650.0,383000.0,5,19,0.0011728050936714379,0.18860955851574618,False,2413650.0,4.7195013357079255e-05,3.206767503198556e-15,6.290038370236133e-20,0,0.0,False,other,0.08537759801438553
100000000673915100,peripheral,0.3,36,0.0,"Глубина 4, выход 0, вход 20 200 KZT; обход обрезан, данных для гипотезы о конечном получателе недостаточно",4,False,1,0,20200.0,0.0,1,0,0.0002875765133018172,0.0,True,20200.0,0.0,0.0,2.0881596432428617e-25,0,0.0,False,truncated,-0.28929187090521186
100000000703894100,peripheral,0.4,29,0.10168097641533412,"Вход/выход: 1/1 связей, 120 000/35 000 KZT; признаков специальной роли недостаточно",1,False,1,1,120000.0,35000.0,1,1,0.00047736859826889746,0.2916666666666667,False,155000.0,1.7809439002671417e-06,7.314009743832997e-100,3.3363461940838944e-68,1,1.0,False,other,0.12348236949897848
100000000703902100,peripheral,0.4,1,0.09136728768059114,"Вход/выход: 1/0 связей, 25 499/0 KZT; признаков специальной роли недостаточно",1,False,1,0,25499.0,0.0,1,0,0.00029092123563524295,0.0,False,25499.0,0.0,0.0,2.2335379111087925e-39,1,1.0,False,other,0.11095732530547167
100000000704700100,peripheral,0.3,23,0.0,"Глубина 4, выход 0, вход 10 000 KZT; обход обрезан, данных для гипотезы о конечном получателе недостаточно",4,False,1,0,10000.0,0.0,1,0,0.000533255171856773,0.0,True,10000.0,0.0,0.0,2.7818170943428587e-121,0,0.0,False,truncated,-0.2743182405594945
100000000706545100,consolidator,0.65,3,0.5241178774136006,Вход 1 070 300 KZT от 3 плательщиков; передаёт 7.1%; признаки консолидации,1,False,3,1,1070300.0,75800.0,8,3,0.0032266260404967403,0.07082126506586939,False,1146100.0,1.9590382902938557e-05,4.2717578970984805e-85,1.9623559682562876e-14,1,0.3333333333333333,False,consolidator,0.2545975449151823
100000000718427100,peripheral,0.4,1,0.008721605379490504,"Вход/выход: 1/0 связей, 6 000/0 KZT; признаков специальной роли недостаточно",2,False,1,0,6000.0,0.0,1,0,0.00028760711808089006,0.0,False,6000.0,0.0,0.0,8.067241823032419e-37,0,0.0,False,other,0.010591602638584732
100000000723383100,peripheral,0.4,20,0.016449219748373215,"Вход 6 800, выход 75 000 KZT; возможны пропущенные входящие или начальный остаток; для проверки запросить выписку",2,False,1,2,6800.0,75000.0,1,2,0.0003893195549175227,11.029411764705882,False,81800.0,0.0002623234001395489,5.5341796356897626e-89,1.2363431075081358e-24,0,0.0,True,missing_incoming,0.01997609289904694
100000000724540100,peripheral,0.4,16,0.01098398999927293,"Вход 50 000, выход 100 000 KZT; возможны пропущенные входящие или начальный остаток; для проверки запросить выписку",2,False,1,1,50000.0,100000.0,1,1,0.00030963471226613077,2.0,False,150000.0,2.048085485307213e-05,8.417082485105928e-80,1.3947060212979152e-21,0,0.0,True,missing_incoming,0.013339064586901051
100000000733373100,peripheral,0.4,3,0.009671244537586011,"Вход/выход: 1/0 связей, 10 710/0 KZT; признаков специальной роли недостаточно",2,False,1,0,10710.0,0.0,1,0,0.00030578139777600477,0.0,False,10710.0,0.0,0.0,1.2785837449100711e-21,0,0.0,False,other,0.011744853694432816
100000000733451100,peripheral,0.4,12,0.02421344748131411,"Вход 70 000, выход 300 000 KZT; возможны пропущенные входящие или начальный остаток; для проверки запросить выписку",3,False,1,1,70000.0,300000.0,2,1,0.0005412616148555033,4.285714285714286,False,370000.0,2.4042742653606412e-05,8.288897912611628e-59,3.0352078082234743e-69,0,0.0,True,missing_incoming,0.029405046785927973
100000000733940100,peripheral,0.3,31,0.0,"Глубина 4, выход 0, вход 752 000 KZT; обход обрезан, данных для гипотезы о конечном получателе недостаточно",4,False,1,0,752000.0,0.0,2,0,0.00041118521018324803,0.0,True,752000.0,0.0,0.0,2.560260913437945e-31,0,0.0,False,truncated,-0.27561348293563576
100000000737152100,peripheral,0.3,0,0.0,"Глубина 4, выход 0, вход 35 000 KZT; обход обрезан, данных для гипотезы о конечном получателе недостаточно",4,False,1,0,35000.0,0.0,1,0,0.0003445071691804116,0.0,True,35000.0,0.0,0.0,1.4557639709268838e-71,0,0.0,False,truncated,-0.2856789459134515
100000000749118100,peripheral,0.4,0,0.008938945826645613,"Вход 10 330, выход 16 500 KZT; возможны пропущенные входящие или начальный остаток; для проверки запросить выписку",3,False,1,1,10330.0,16500.0,1,1,0.00028615107947694863,1.5972894482090998,False,26830.0,1.8699910952804988e-05,3.122159807155758e-114,2.7331913848907285e-15,0,0.0,True,missing_incoming,0.01085554299742882
100000000764836100,peripheral,0.4,4,0.013530253983728676,"Вход/выход: 1/2 связей, 251 716/50 000 KZT; признаков специальной роли недостаточно",3,False,1,2,251716.0,50000.0,1,2,0.00033678317937202955,0.1986365586613485,False,301716.0,3.7474771448506984e-05,1.140727389542692e-99,1.5856044496565095e-14,0,0.0,False,other,0.016431272404479495
100000000765628100,peripheral,0.4,3,0.010118733541498233,"Вход/выход: 1/0 связей, 5 000/0 KZT; признаков специальной роли недостаточно",2,False,1,0,5000.0,0.0,1,0,0.0003154241694621746,0.0,False,5000.0,0.0,0.0,2.4505744318902823e-22,0,0.0,False,other,0.012288288705344905
100000000769919100,terminal,0.7,62,0.04950072969736612,"Вход 250 000 KZT от 1 плательщика, выход 0; глубина 2; признаки конечного получателя",2,False,1,0,250000.0,0.0,1,0,0.0007354469638244255,0.0,False,250000.0,0.0,0.0,3.5954143251703286e-61,0,0.0,False,terminal,0.04007611263154251
100000000782285100,peripheral,0.4,0,0.01033755270530861,"Вход/выход: 1/0 связей, 6 151/0 KZT; признаков специальной роли недостаточно",3,False,1,0,6151.0,0.0,1,0,0.0003196030120468737,0.0,False,6151.0,0.0,0.0,3.744782804576862e-19,0,0.0,False,other,0.012554024832117735
100000000783406100,peripheral,0.4,35,0.008852724667503078,"Вход/выход: 1/0 связей, 6 066/0 KZT; признаков специальной роли недостаточно",3,False,1,0,6066.0,0.0,1,0,0.0002901959794883712,0.0,False,6066.0,0.0,0.0,7.91889577920482e-45,0,0.0,False,other,0.010750835180812464
100000000785800100,transit,0.9,57,0.024857005120164918,"Вход 19 000, выход 19 000 KZT; передаёт 100.0%; 1/1 связей; признаки транзита",2,False,1,1,19000.0,19000.0,1,1,0.0003566979785631403,1.0,False,38000.0,0.0,2.397901770633943e-51,1.6643643049000081e-50,0,0.0,False,transit,0.015093294729727435
100000000790311100,peripheral,0.4,14,0.009638908244538278,"Вход/выход: 1/0 связей, 46 300/0 KZT; признаков специальной роли недостаточно",2,False,1,0,46300.0,0.0,1,0,0.000300299219066313,0.0,False,46300.0,0.0,0.0,7.108262608819866e-18,0,0.0,False,other,0.011705584184765272
100000000791285100,peripheral,0.4,25,0.03521609533654717,"Вход/выход: 1/3 связей, 1 120 000/650 000 KZT; признаков специальной роли недостаточно",3,False,1,3,1120000.0,650000.0,2,3,0.000566434301012859,0.5803571428571429,False,1770000.0,3.9180765805877114e-05,8.752519978369928e-22,4.785614242404543e-30,0,0.0,False,other,0.04276676965508545
100000000795033100,peripheral,0.4,0,0.021191837482782493,"Вход/выход: 1/0 связей, 18 200/0 KZT; признаков специальной роли недостаточно",2,False,1,0,18200.0,0.0,1,0,0.0005330176535576376,0.0,False,18200.0,0.0,0.0,4.240316315261137e-110,0,0.0,False,other,0.025735574132592785
100000000795129100,terminal,0.7,14,0.02428218218227305,"Вход 332 000 KZT от 1 плательщика, выход 0; глубина 2; признаки конечного получателя",2,False,1,0,332000.0,0.0,1,0,0.0003911920814716179,0.0,False,332000.0,0.0,0.0,5.0970695164755847e-17,0,0.0,False,terminal,0.019659012584781935
100000000795374100,terminal,0.7,4,0.014151466518930055,"Вход 50 000 KZT от 1 плательщика, выход 0; глубина 3; признаки конечного получателя",3,False,1,0,50000.0,0.0,1,0,0.00029574224412010574,0.0,False,50000.0,0.0,0.0,3.149590112778905e-15,0,0.0,False,terminal,0.011457119310795134
100000000802149100,terminal,0.7,0,0.014637871079237561,"Вход 104 128 KZT от 1 плательщика, выход 0; глубина 3; признаки конечного получателя",3,False,1,0,104128.0,0.0,1,0,0.0002948035998809035,0.0,False,104128.0,0.0,0.0,1.0539917077732046e-13,0,0.0,False,terminal,0.011850915605568075
100000000803368100,peripheral,0.3,13,0.0,"Глубина 4, выход 0, вход 139 503 KZT; обход обрезан, данных для гипотезы о конечном получателе недостаточно",4,False,1,0,139503.0,0.0,1,0,0.0005481144591336169,0.0,True,139503.0,0.0,0.0,6.223287030965628e-21,0,0.0,False,truncated,-0.27232763113404906
100000000806727100,peripheral,0.4,2,0.011963853885076559,"Вход/выход: 1/1 связей, 45 000/5 000 KZT; признаков специальной роли недостаточно",2,False,1,1,45000.0,5000.0,1,1,0.0003458595620044754,0.1111111111111111,False,50000.0,0.0,6.242944365688964e-69,3.711769725454536e-65,0,0.0,False,other,0.014529020846873212
100000000810551100,peripheral,0.4,2,0.09325932243343268,"Вход/выход: 1/1 связей, 100 000/7 100 KZT; признаков специальной роли недостаточно",1,False,1,1,100000.0,7100.0,1,1,0.0003055929375935056,0.071,False,107100.0,7.479964381121995e-05,2.4017562349567036e-130,4.912610315640166e-14,1,1.0,False,other,0.1132550307631865
100000000817146100,terminal,0.7,3,0.16011206412021334,"Вход 70 020 KZT от 1 плательщика, выход 0; глубина 1; признаки конечного получателя",1,False,1,0,70020.0,0.0,1,0,0.000589468478641026,0.0,False,70020.0,0.0,0.0,4.383459426820428e-71,1,1.0,False,terminal,0.12962776820827046
100000000821507100,terminal,0.7,30,0.020769383180404638,"Вход 400 000 KZT от 1 плательщика, выход 0; глубина 2; признаки конечного получателя",2,False,1,0,400000.0,0.0,1,0,0.0003355427477307164,0.0,False,400000.0,0.0,0.0,3.102749965127141e-15,0,0.0,False,terminal,0.016815027671599144
100000000831684100,peripheral,0.4,11,0.09003410019567896,"Вход 15 000, выход 50 000 KZT; возможны пропущенные входящие или начальный остаток; для проверки запросить выписку",2,False,1,1,15000.0,50000.0,2,3,0.0018906089223340397,3.3333333333333335,False,65000.0,0.0,2.0099953555149006e-20,1.0381323173024496e-113,0,0.0,True,missing_incoming,0.10933828942061845
100000000838385100,peripheral,0.4,27,0.09550990663342,"Вход/выход: 1/2 связей, 436 900/177 500 KZT; признаков специальной роли недостаточно",3,False,1,2,436900.0,177500.0,8,6,0.0019211545642599105,0.40627145799954223,False,614400.0,2.048085485307213e-05,8.25585862115591e-71,9.566575295683483e-51,0,0.0,False,other,0.11598816216660886
100000000850297100,transit,0.9,9,0.018478923870142893,"Вход 17 520, выход 17 520 KZT; передаёт 100.0%; 1/1 связей; признаки транзита",2,False,1,1,17520.0,17520.0,1,1,0.0002939168313087527,1.0,False,35040.0,0.0,7.07582927375191e-20,1.0987559212305242e-17,0,0.0,False,transit,0.011220492690569626
100000000860514100,peripheral,0.4,24,0.01020389194816572,"Вход 12 000, выход 50 000 KZT; возможны пропущенные входящие или начальный остаток; для проверки запросить выписку",3,False,1,1,12000.0,50000.0,1,1,0.0003062893737864735,4.166666666666667,False,62000.0,1.9590382902938557e-05,4.784557452868471e-93,6.7379469817124326e-21,0,0.0,True,missing_incoming,0.012391705904990058
100000000861294100,terminal,0.7,6,0.016563560921015113,"Вход 150 000 KZT от 1 плательщика, выход 0; глубина 2; признаки конечного получателя",2,False,1,0,150000.0,0.0,1,0,0.00031399890954633404,0.0,False,150000.0,0.0,0.0,4.7954392732142055e-18,0,0.0,False,terminal,0.013409966622882687
100000000870121100,peripheral,0.4,12,0.010179445831839237,"Вход/выход: 1/0 связей, 12 000/0 KZT; признаков специальной роли недостаточно",3,False,1,0,12000.0,0.0,1,0,0.00031567480064350023,0.0,False,12000.0,0.0,0.0,1.6309426835816674e-24,0,0.0,False,other,0.012362018302889233
100000000878006100,peripheral,0.4,5,0.008977166046688497,"Вход/выход: 1/0 связей, 47 003/0 KZT; признаков специальной роли недостаточно",3,False,1,0,47003.0,0.0,1,0,0.000287092622626295,0.0,False,47003.0,0.0,0.0,2.8427613879600276e-13,0,0.0,False,other,0.010901958005427856
100000000896111100,terminal,0.7,22,0.023515390912847503,"Вход 287 100 KZT от 1 плательщика, выход 0; глубина 3; признаки конечного получателя",3,False,1,0,287100.0,0.0,1,0,0.00038717189285320344,0.0,False,287100.0,0.0,0.0,9.850499014991619e-22,0,0.0,False,terminal,0.019038213387148756
100000000907277100,peripheral,0.4,1,0.0912282218188555,"Вход/выход: 1/0 связей, 17 534/0 KZT; признаков специальной роли недостаточно",1,False,1,0,17534.0,0.0,1,0,0.00028924947543311784,0.0,False,17534.0,0.0,0.0,1.5358584153645855e-39,1,1.0,False,other,0.11078844236660812
100000000910216100,peripheral,0.4,2,0.015004642384797866,"Вход/выход: 1/1 связей, 71 000/52 010 KZT; признаков специальной роли недостаточно",2,False,1,1,71000.0,52010.0,3,1,0.00032323954910943236,0.7325352112676057,False,123010.0,0.0004657168299198575,7.369648265173161e-19,1.328180297471948e-16,0,0.0,False,other,0.01822178405910969
100000000912487100,peripheral,0.4,2,0.008954645606159124,"Вход/выход: 1/0 связей, 10 000/0 KZT; признаков специальной роли недостаточно",2,False,1,0,10000.0,0.0,1,0,0.00029168015431879206,0.0,False,10000.0,0.0,0.0,5.107632613375906e-16,0,0.0,False,other,0.010874608962797022
100000000913911100,peripheral,0.4,2,0.03340483047744841,"Вход 467 000, выход 600 000 KZT; возможны пропущенные входящие или начальный остаток; для проверки запросить выписку",2,False,2,1,467000.0,600000.0,2,1,0.0004594431862388912,1.284796573875803,False,1067000.0,1.8699910952804988e-05,1.458198341818352e-45,6.304625330215732e-14,0,0.0,True,missing_incoming,0.04056715194411686
100000000917179100,terminal,0.7,13,0.02446064564715888,"Вход 94 465 KZT от 1 плательщика, выход 0; глубина 2; признаки конечного получателя",2,False,1,0,94465.0,0.0,2,0,0.00042586253334482907,0.0,False,94465.0,0.0,0.0,1.7017573516165547e-19,0,0.0,False,terminal,0.019803497766376348
100000000922570100,transit,0.8384514129211694,11,0.1839806974375434,"Вход 47 101, выход 50 000 KZT; передаёт 106.2%; 1/1 связей; признаки транзита",1,False,1,1,47101.0,50000.0,1,1,0.00029338594320602463,1.0615485870788306,False,97101.0,8.904719501335708e-07,4.784557452868471e-93,3.287653162434215e-19,1,1.0,False,transit,0.11171397670723206
100000000926078100,peripheral,0.3,4,0.0,"Глубина 4, выход 0, вход 250 000 KZT; обход обрезан, данных для гипотезы о конечном получателе недостаточно",4,False,1,0,250000.0,0.0,1,0,0.0005165635899862601,0.0,True,250000.0,0.0,0.0,1.0421752845224578e-60,0,0.0,False,truncated,-0.27334017141356026
100000000926766100,peripheral,0.4,24,0.010381541057431633,"Вход/выход: 1/1 связей, 18 750/6 000 KZT; признаков специальной роли недостаточно",3,False,1,1,18750.0,6000.0,1,1,0.00031794441854413876,0.32,False,24750.0,0.0,2.707214071165509e-25,1.0528042158925677e-20,0,0.0,False,other,0.012607444715974076
100000000933075100,peripheral,0.4,11,0.03580225648508366,"Вход 40 000, выход 55 000 KZT; возможны пропущенные входящие или начальный остаток; для проверки запросить выписку",3,False,1,2,40000.0,55000.0,1,2,0.0008086964755110837,1.375,False,95000.0,2.1371326803205702e-05,5.949770290235434e-93,1.886671805599823e-19,0,0.0,True,missing_incoming,0.04347860947096091
100000000941942100,terminal,0.7,2,0.13969275818549523,"Вход 130 000 KZT от 1 плательщика, выход 0; глубина 1; признаки конечного получателя",1,False,1,0,130000.0,0.0,1,0,0.00031160003060637,0.0,False,130000.0,0.0,0.0,6.386393410332217e-14,1,1.0,False,terminal,0.11309616535108613
100000000942301100,terminal,0.7,0,0.014596571429309393,"Вход 57 580 KZT от 1 плательщика, выход 0; глубина 3; признаки конечного получателя",3,False,1,0,57580.0,0.0,2,0,0.000300590276391355,0.0,False,57580.0,0.0,0.0,1.8539340319481552e-14,0,0.0,False,terminal,0.011817479140443548
100000000943371100,peripheral,0.4,12,0.009713912744708038,"Вход/выход: 1/0 связей, 15 500/0 KZT; признаков специальной роли недостаточно",2,False,1,0,15500.0,0.0,1,0,0.00030597516384402423,0.0,False,15500.0,0.0,0.0,5.175756803230776e-22,0,0.0,False,other,0.011796670381323978
100000000945428100,terminal,0.7,0,0.13857957384524222,"Вход 89 629 KZT от 1 плательщика, выход 0; глубина 1; признаки конечного получателя",1,False,1,0,89629.0,0.0,1,0,0.00030238839325451197,0.0,False,89629.0,0.0,0.0,3.1312252194025767e-14,1,1.0,False,terminal,0.11219492407095963
100000000954884100,peripheral,0.4,35,0.010119883350546878,"Вход/выход: 1/0 связей, 34 000/0 KZT; признаков специальной роли недостаточно",3,False,1,0,34000.0,0.0,1,0,0.00031150191855239327,0.0,False,34000.0,0.0,0.0,4.438550222435935e-44,0,0.0,False,other,0.012289685044668182
100000000955444100,peripheral,0.4,44,0.012004585591093762,"Вход/выход: 1/0 связей, 6 910/0 KZT; признаков специальной роли недостаточно",2,False,1,0,6910.0,0.0,1,0,0.0003525283441776959,0.0,False,6910.0,0.0,0.0,4.4507066396417166e-107,0,0.0,False,other,0.014578485827935113
100000000955529100,peripheral,0.4,2,0.009763092549364251,"Вход 27 000, выход 63 500 KZT; возможны пропущенные входящие или начальный остаток; для проверки запросить выписку",3,False,1,1,27000.0,63500.0,1,1,0.0002956290149139567,2.3518518518518516,False,90500.0,7.138051704477521e-06,1.1012234676135046e-15,7.209507341724655e-20,0,0.0,True,missing_incoming,0.011856394815771191
100000000957746100,peripheral,0.3,15,0.0,"Глубина 4, выход 0, вход 5 300 KZT; обход обрезан, данных для гипотезы о конечном получателе недостаточно",4,False,1,0,5300.0,0.0,1,0,0.00034730735985062075,0.0,True,5300.0,0.0,0.0,1.8407046617377985e-107,0,0.0,False,truncated,-0.2857549547872846
100000000961900100,peripheral,0.4,0,0.05901624450165842,"Вход/выход: 2/0 связей, 36 000/0 KZT; признаков специальной роли недостаточно",1,False,2,0,36000.0,0.0,3,0,0.00029432044056326446,0.0,False,36000.0,0.0,0.0,9.636958410884443e-15,1,0.5,False,other,0.0716699029347327
100000000967918100,peripheral,0.4,0,0.018499709416014927,"Вход/выход: 1/0 связей, 21 200/0 KZT; признаков специальной роли недостаточно",2,False,1,0,21200.0,0.0,3,0,0.00047927096158051775,0.0,False,21200.0,0.0,0.0,4.908492449273736e-106,0,0.0,False,other,0.02246622755077701
100000000968253100,peripheral,0.4,1,0.09118397914545459,"Вход/выход: 1/0 связей, 15 000/0 KZT; признаков специальной роли недостаточно",1,False,1,0,15000.0,0.0,1,0,0.00028871761851507826,0.0,False,15000.0,0.0,0.0,1.3138973554504838e-39,1,1.0,False,other,0.11073471363251142
100000000971908100,terminal,0.7,6,0.015060021470589604,"Вход 89 000 KZT от 1 плательщика, выход 0; глубина 2; признаки конечного получателя",2,False,1,0,89000.0,0.0,1,0,0.0003024375326458565,0.0,False,89000.0,0.0,0.0,2.845293968773762e-18,0,0.0,False,terminal,0.012192691307354838
100000000976943100,transit,0.7000000000000001,9,0.0284799579589033,"Вход 70 000, выход 84 000 KZT; передаёт 120.0%; 1/1 связей; признаки транзита",3,False,1,1,70000.0,84000.0,1,3,0.00037346136238482604,1.2,False,154000.0,2.1371326803205702e-05,3.921481494270444e-83,4.356270661779696e-15,0,0.0,False,transit,0.01729316936155188
100000000978041100,peripheral,0.4,1,0.09169807761360359,"Вход/выход: 1/0 связей, 44 445/0 KZT; признаков специальной роли недостаточно",1,False,1,0,44445.0,0.0,1,0,0.00029489777911163493,0.0,False,44445.0,0.0,0.0,3.893077864199784e-39,1,1.0,False,other,0.11135903982646464
100000000979567100,peripheral,0.4,1,0.021020106631478193,"Вход/выход: 1/0 связей, 10 000/0 KZT; признаков специальной роли недостаточно",2,False,1,0,10000.0,0.0,1,0,0.0005307306769296842,0.0,False,10000.0,0.0,0.0,2.7818170943428587e-121,0,0.0,False,other,0.02552702251180078
100000000979923100,terminal,0.7,9,0.13851556683634178,"Вход 97 900 KZT от 1 плательщика, выход 0; глубина 1; признаки конечного получателя",1,False,1,0,97900.0,0.0,1,0,0.0003004178044094989,0.0,False,97900.0,0.0,0.0,2.905771634628344e-14,1,1.0,False,terminal,0.11214310358036114
100000000981693100,peripheral,0.3,0,0.0,"Глубина 4, выход 0, вход 16 500 KZT; обход обрезан, данных для гипотезы о конечном получателе недостаточно",4,False,1,0,16500.0,0.0,1,0,0.000529081521154152,0.0,True,16500.0,0.0,0.0,6.253716259282016e-112,0,0.0,False,truncated,-0.2745198629331379
100000000993112100,terminal,0.7,32,0.0260946434156687,"Вход 141 000 KZT от 1 плательщика, выход 0; глубина 2; признаки конечного получателя",2,False,1,0,141000.0,0.0,1,0,0.00044111482764995627,0.0,False,141000.0,0.0,0.0,8.047366708052916e-70,0,0.0,False,terminal,0.02112639298450427
100000000998559100,terminal,0.7,2,0.13892899721211546,"Вход 100 000 KZT от 1 плательщика, выход 0; глубина 1; признаки конечного получателя",1,False,1,0,100000.0,0.0,1,0,0.0003055929375935056,0.0,False,100000.0,0.0,0.0,4.912610315640166e-14,1,1.0,False,terminal,0.11247781950083549
100000001009583100,terminal,0.7,5,0.017887590476427056,"Вход 393 740 KZT от 1 плательщика, выход 0; глубина 3; признаки конечного получателя",3,False,1,0,393740.0,0.0,1,0,0.00029833008241722037,0.0,False,393740.0,0.0,0.0,2.3813562302307967e-12,0,0.0,False,terminal,0.01448190956018051
100000001046057100,terminal,0.7,28,0.016219746952710928,"Вход 83 420 KZT от 1 плательщика, выход 0; глубина 3; признаки конечного получателя",3,False,1,0,83420.0,0.0,1,0,0.00031851488108134123,0.0,False,83420.0,0.0,0.0,2.232692897836966e-19,0,0.0,False,terminal,0.01313161259856233
100000001046626100,terminal,0.7,5,0.014779241426874947,"Вход 150 000 KZT от 1 плательщика, выход 0; глубина 3; признаки конечного получателя",3,False,1,0,150000.0,0.0,1,0,0.00029043067032840335,0.0,False,150000.0,0.0,0.0,9.072063659638836e-13,0,0.0,False,terminal,0.0119653699582476
100000001049200100,peripheral,0.4,17,0.06825946804426931,"Вход/выход: 2/4 связей, 76 624/36 000 KZT; признаков специальной роли недостаточно",1,False,2,4,76624.0,36000.0,2,5,0.0002982913003271399,0.46982668615577367,False,112624.0,0.0010774710596616207,4.0666319831160698e-22,4.686853831475993e-16,1,0.5,False,other,0.08289496375818689
100000001052789100,terminal,0.7,17,0.014516246641953234,"Вход 70 975 KZT от 1 плательщика, выход 0; глубина 3; признаки конечного получателя",3,False,1,0,70975.0,0.0,1,0,0.00029770710734911807,0.0,False,70975.0,0.0,0.0,3.083920963546442e-16,0,0.0,False,terminal,0.011752447670304202
100000001052945100,peripheral,0.4,58,0.021172415489673052,"Вход 56 520, выход 1 595 700 KZT; возможны пропущенные входящие или начальный остаток; для проверки запросить выписку",3,False,1,3,56520.0,1595700.0,1,6,0.0003015447649742742,28.23248407643312,False,1652220.0,5.621215717276048e-05,3.51920887130515e-27,3.96951190713149e-18,0,0.0,True,missing_incoming,0.025711987874729263
100000001053894100,peripheral,0.3,39,0.0,"Глубина 4, выход 0, вход 2 000 000 KZT; обход обрезан, данных для гипотезы о конечном получателе недостаточно",4,False,1,0,2000000.0,0.0,7,0,0.0004485491925071488,0.0,True,2000000.0,0.0,0.0,2.672655340106918e-20,0,0.0,False,truncated,-0.26291722119120786
100000001056414100,terminal,0.7,10,0.016342635881509346,"Вход 250 000 KZT от 1 плательщика, выход 0; глубина 3; признаки конечного получателя",3,False,1,0,250000.0,0.0,1,0,0.0002974772562529216,0.0,False,250000.0,0.0,0.0,3.6368345260933194e-17,0,0.0,False,terminal,0.013231104274378113
100000001063678100,peripheral,0.4,21,0.01187502841299145,"Вход 35 000, выход 90 000 KZT; возможны пропущенные входящие или начальный остаток; для проверки запросить выписку",3,False,1,2,35000.0,90000.0,1,2,0.00032774872839870327,2.5714285714285716,False,125000.0,3.9259284374626364e-05,7.231538694740652e-86,2.7082728084945673e-17,0,0.0,True,missing_incoming,0.01442115032721836
100000001065234100,peripheral,0.3,59,0.0,"Глубина 4, выход 0, вход 360 000 KZT; обход обрезан, данных для гипотезы о конечном получателе недостаточно",4,False,1,0,360000.0,0.0,1,0,0.0005486947871235914,0.0,True,360000.0,0.0,0.0,3.609662713845617e-50,0,0.0,False,truncated,-0.27045351366734327
100000001065481100,peripheral,0.3,12,0.0,"Глубина 4, выход 0, вход 16 000 KZT; обход обрезан, данных для гипотезы о конечном получателе недостаточно",4,False,1,0,16000.0,0.0,2,0,0.0004322656924987217,0.0,True,16000.0,0.0,0.0,5.126193678436517e-20,0,0.0,False,truncated,-0.28045828201224177
100000001066017100,peripheral,0.4,0,0.02003828630113127,"Вход/выход: 2/4 связей, 136 123/82 500 KZT; признаков специальной роли недостаточно",3,False,2,4,136123.0,82500.0,3,4,0.0003012384075340412,0.6060695106631503,False,218623.0,7.479964381121995e-05,3.0471241628784553e-93,3.8261652459629136e-14,0,0.0,False,other,0.02433469032649316
100000001072022100,consolidator,0.65,2,0.1891846142264651,Вход 1 684 000 KZT от 3 плательщиков; передаёт 0.0%; признаки консолидации,1,False,3,0,1684000.0,0.0,6,0,0.0005021346766292359,0.0,False,1684000.0,0.0,0.0,4.18486402852527e-12,1,0.3333333333333333,False,consolidator,0.09189905628762662
100000001073568100,peripheral,0.4,13,0.025182748435440987,"Вход/выход: 1/2 связей, 707 465/219 503 KZT; признаков специальной роли недостаточно",3,False,1,2,707465.0,219503.0,4,3,0.000485535437513278,0.31026693900051594,False,926968.0,1.8699910952804988e-05,1.7035260878513759e-19,4.968667270663092e-17,0,0.0,False,other,0.030582175318646872
100000001074553100,peripheral,0.4,6,0.09989688557984719,"Вход/выход: 2/0 связей, 28 971/0 KZT; признаков специальной роли недостаточно",1,False,2,0,28971.0,0.0,2,0,0.0002894987523363481,0.0,False,28971.0,0.0,0.0,9.198080581702136e-18,2,1.0,False,other,0.12131575218732453
100000001083990100,peripheral,0.4,11,0.019849698405199595,"Вход/выход: 1/0 связей, 49 900/0 KZT; признаков специальной роли недостаточно",2,False,1,0,49900.0,0.0,2,0,0.0005021137973799181,0.0,False,49900.0,0.0,0.0,6.633754204202503e-91,0,0.0,False,other,0.024105667346291344
100000001089055100,peripheral,0.3,15,0.0,"Глубина 4, выход 0, вход 13 000 KZT; обход обрезан, данных для гипотезы о конечном получателе недостаточно",4,False,1,0,13000.0,0.0,1,0,0.00032930768290614026,0.0,True,13000.0,0.0,0.0,5.2223135703819064e-18,0,0.0,False,truncated,-0.28679402671989324
100000001102676100,transit,0.9,2,0.022764461029010908,"Вход 50 000, выход 50 000 KZT; передаёт 100.0%; 1/1 связей; признаки транзита",2,False,1,1,50000.0,50000.0,1,1,0.0003130309543986752,1.0,False,100000.0,9.260908281389137e-05,3.8569830094589756e-15,5.886614033648937e-63,0,0.0,False,transit,0.0138226917528179
100000001103905100,peripheral,0.4,1,0.09123635800109892,"Вход/выход: 1/0 связей, 18 000/0 KZT; признаков специальной роли недостаточно",1,False,1,0,18000.0,0.0,1,0,0.00028934728337463573,0.0,False,18000.0,0.0,0.0,1.5766768265405807e-39,1,1.0,False,other,0.11079832302568036
100000001110358100,peripheral,0.4,0,0.017749159509168708,"Вход/выход: 2/0 связей, 32 000/0 KZT; признаков специальной роли недостаточно",3,False,2,0,32000.0,0.0,2,0,0.00029298593062142844,0.0,False,32000.0,0.0,0.0,7.932962145167846e-15,0,0.0,False,other,0.021554752423452873
100000001111763100,peripheral,0.4,1,0.09122141256762173,"Вход/выход: 1/0 связей, 17 144/0 KZT; признаков специальной роли недостаточно",1,False,1,0,17144.0,0.0,1,0,0.0002891676190013754,0.0,False,17144.0,0.0,0.0,1.5016970841228727e-39,1,1.0,False,other,0.11078017314549615
100000001114385100,peripheral,0.4,2,0.009014830699592077,"Вход/выход: 1/0 связей, 29 500/0 KZT; признаков специальной роли недостаточно",2,False,1,0,29500.0,0.0,1,0,0.00029021989549549073,0.0,False,29500.0,0.0,0.0,4.0635667405459277e-16,0,0.0,False,other,0.010947698327274227
100000001126374100,peripheral,0.4,0,0.05805526751904432,"Вход/выход: 4/2 связей, 182 500/29 200 KZT; признаков специальной роли недостаточно",1,False,4,2,182500.0,29200.0,7,4,0.00031350041044900375,0.16,False,211700.0,3.7399821905609976e-05,3.596954777367646e-108,4.922301985771269e-14,1,0.25,False,other,0.07050288311420636
100000001130176100,peripheral,0.4,0,0.022501747920163927,"Вход/выход: 1/0 связей, 25 000/0 KZT; признаков специальной роли недостаточно",3,False,1,0,25000.0,0.0,2,0,0.0005580456003895466,0.0,False,25000.0,0.0,0.0,3.595414325170328e-104,0,0.0,False,other,0.02732634214389317
100000001130553100,peripheral,0.3,5,0.0,"Глубина 4, выход 0, вход 18 000 KZT; обход обрезан, данных для гипотезы о конечном получателе недостаточно",4,False,1,0,18000.0,0.0,2,0,0.0005436529519802218,0.0,True,18000.0,0.0,0.0,1.4335648330140456e-106,0,0.0,False,truncated,-0.2736142112638591
100000001131403100,peripheral,0.3,58,0.0,"Глубина 4, выход 0, вход 1 570 000 KZT; обход обрезан, данных для гипотезы о конечном получателе недостаточно",4,False,1,0,1570000.0,0.0,3,0,0.0005380419296007599,0.0,True,1570000.0,0.0,0.0,7.406877526525684e-27,0,0.0,False,truncated,-0.261017257676254
100000001138283100,peripheral,0.4,4,0.010470406231069578,"Вход/выход: 1/2 связей, 81 805/50 000 KZT; признаков специальной роли недостаточно",3,False,1,2,81805.0,50000.0,1,2,0.0003022132575532862,0.6112095837662734,False,131805.0,1.8699910952804988e-05,3.2185504780174395e-16,5.153044383517565e-15,0,0.0,False,other,0.012715363449581917
100000001138376100,peripheral,0.4,14,0.008928283079961368,"Вход/выход: 1/0 связей, 15 300/0 KZT; признаков специальной роли недостаточно",2,False,1,0,15300.0,0.0,1,0,0.00029043685037690294,0.0,False,15300.0,0.0,0.0,2.348950710905917e-18,0,0.0,False,other,0.010842594053856918
100000001140785100,terminal,0.7,7,0.03020137095628435,"Вход 215 000 KZT от 2 плательщиков, выход 0; глубина 3; признаки конечного получателя",3,False,2,0,215000.0,0.0,2,0,0.00031534667818847384,0.0,False,215000.0,0.0,0.0,1.0687137216944841e-18,0,0.0,False,terminal,0.024451226304557885
100000001141268100,peripheral,0.4,16,0.02469756229486723,"Вход/выход: 2/1 связей, 480 000/10 000 KZT; признаков специальной роли недостаточно",3,False,2,1,480000.0,10000.0,2,1,0.00036486256771000946,0.020833333333333332,False,490000.0,2.226179875333927e-05,8.417082485105925e-124,5.273675061242605e-18,0,0.0,False,other,0.02999296053729593
100000001145749100,peripheral,0.4,2,0.018384347353158102,"Вход/выход: 1/0 связей, 10 000/0 KZT; признаков специальной роли недостаточно",3,False,1,0,10000.0,0.0,1,0,0.0004785089150229722,0.0,False,10000.0,0.0,0.0,3.797649894857528e-113,0,0.0,False,other,0.022326130736465707
100000001149815100,peripheral,0.4,1,0.008754479233261251,"Вход/выход: 1/0 связей, 12 000/0 KZT; признаков специальной роли недостаточно",3,False,1,0,12000.0,0.0,1,0,0.00028744222756748515,0.0,False,12000.0,0.0,0.0,1.8225488480627392e-42,0,0.0,False,other,0.010631524967237377
100000001155773100,peripheral,0.4,1,0.00889454411180445,"Вход/выход: 1/0 связей, 21 500/0 KZT; признаков специальной роли недостаточно",3,False,1,0,21500.0,0.0,1,0,0.0002889249664697223,0.0,False,21500.0,0.0,0.0,3.265400019445741e-42,0,0.0,False,other,0.010801621121855858
100000001160401100,peripheral,0.4,0,0.009876652100424835,"Вход/выход: 1/0 связей, 47 190/0 KZT; признаков специальной роли недостаточно",3,False,1,0,47190.0,0.0,2,0,0.00030488851800838674,0.0,False,47190.0,0.0,0.0,1.0717354946926848e-15,0,0.0,False,other,0.011994302642176428
100000001162560100,distributor,0.55,6,0.25860221362432784,"Отправляет 2 904 398 KZT на 12 получателей, 14 переводов; признаки распределения; возможен неполный вход или начальный остаток",1,False,1,12,331300.0,2904398.0,2,14,0.00032114870693118253,8.76667069121642,False,3235698.0,0.0,9.426868751413649e-17,2.010010992947627e-16,1,1.0,True,distributor,0.13957735577281427
100000001164648100,peripheral,0.4,18,0.05865199105043771,"Вход/выход: 2/0 связей, 13 660/0 KZT; признаков специальной роли недостаточно",1,False,2,0,13660.0,0.0,2,0,0.00029014259597535177,0.0,False,13660.0,0.0,0.0,1.7227073218482897e-16,1,0.5,False,other,0.0712275499908429
100000001166289100,peripheral,0.4,1,0.10891634433355311,"Вход/выход: 2/1 связей, 721 039/25 000 KZT; признаков специальной роли недостаточно",2,False,2,1,721039.0,25000.0,10,1,0.0020021280906723886,0.0346721883282319,False,746039.0,0.0,4.5826784023049794e-38,4.0369141179781366e-35,0,0.0,False,other,0.1322690708686541
100000001169666100,peripheral,0.4,8,0.012136620439725592,"Вход/выход: 1/1 связей, 220 000/24 000 KZT; признаков специальной роли недостаточно",3,False,1,1,220000.0,24000.0,2,1,0.0003195447456388584,0.10909090909090909,False,244000.0,2.1371326803205702e-05,4.5129052813912194e-107,2.563124975977422e-18,0,0.0,False,other,0.014738830235908742
100000001184915100,terminal,0.7,14,0.019777735574551675,"Вход 201 000 KZT от 1 плательщика, выход 0; глубина 2; признаки конечного получателя",2,False,1,0,201000.0,0.0,2,0,0.00034951562023572384,0.0,False,201000.0,0.0,0.0,3.085876424131302e-17,0,0.0,False,terminal,0.016012183321911153
100000001194266100,terminal,0.7,2,0.13765606225648244,"Вход 50 000 KZT от 1 плательщика, выход 0; глубина 1; признаки конечного получателя",1,False,1,0,50000.0,0.0,1,0,0.00029558111590539824,0.0,False,50000.0,0.0,0.0,2.456305157820083e-14,1,1.0,False,terminal,0.11144724308375108
100000001202637100,peripheral,0.3,8,0.0,"Глубина 4, выход 0, вход 10 000 KZT; обход обрезан, данных для гипотезы о конечном получателе недостаточно",4,False,1,0,10000.0,0.0,1,0,0.0005487659443752247,0.0,True,10000.0,0.0,0.0,2.7818170943428587e-121,0,0.0,False,truncated,-0.2733675199715508
100000001202787100,peripheral,0.3,0,0.0,"Глубина 4, выход 0, вход 14 850 KZT; обход обрезан, данных для гипотезы о конечном получателе недостаточно",4,False,2,0,14850.0,0.0,2,0,0.00035114494940795553,0.0,True,14850.0,0.0,0.0,1.2548103322733022e-19,0,0.0,False,truncated,-0.27502343633967397
100000001220124100,peripheral,0.3,4,0.0,"Глубина 4, выход 0, вход 40 000 KZT; обход обрезан, данных для гипотезы о конечном получателе недостаточно",4,False,1,0,40000.0,0.0,1,0,0.0005395565851958802,0.0,True,40000.0,0.0,0.0,2.152326726909713e-95,0,0.0,False,truncated,-0.27368185457660205
100000001222245100,peripheral,0.3,5,0.0,"Глубина 4, выход 0, вход 420 000 KZT; обход обрезан, данных для гипотезы о конечном получателе недостаточно",4,False,1,0,420000.0,0.0,5,0,0.0005491629789918046,0.0,True,420000.0,0.0,0.0,1.7540745955035493e-51,0,0.0,False,truncated,-0.2699245245871189
100000001222263100,peripheral,0.4,5,0.017947804365050463,"Вход/выход: 1/1 связей, 745 570/420 000 KZT; признаков специальной роли недостаточно",3,False,1,1,745570.0,420000.0,1,5,0.0003097326021317051,0.5633273870998028,False,1165570.0,1.8699910952804988e-05,2.229104151337223e-52,4.509239001811284e-12,0,0.0,False,other,0.021795988673908112
100000001223977100,peripheral,0.4,52,0.009933931842199012,"Вход 5 000, выход 18 000 KZT; возможны пропущенные входящие или начальный остаток; для проверки запросить выписку",3,False,1,1,5000.0,18000.0,1,1,0.00030554127989763816,3.6,False,23000.0,2.4090924502611633e-05,1.435991296635105e-112,7.9545436372320915e-78,0,0.0,True,missing_incoming,0.012063863719262017
100000001227106100,terminal,0.7,5,0.014967535402901192,"Вход 164 765 KZT от 1 плательщика, выход 0; глубина 3; признаки конечного получателя",3,False,1,0,164765.0,0.0,1,0,0.00029090919178360717,0.0,False,164765.0,0.0,0.0,9.965057125869284e-13,0,0.0,False,terminal,0.012117813985582216
100000001229743100,peripheral,0.4,0,0.008979863608060877,"Вход 7 000, выход 9 000 KZT; возможны пропущенные входящие или начальный остаток; для проверки запросить выписку",3,False,1,1,7000.0,9000.0,1,1,0.0002884350404884854,1.2857142857142858,False,16000.0,1.8699910952804988e-05,8.162665475510408e-126,1.5897750504023718e-16,0,0.0,True,missing_incoming,0.010905233950269003
100000001232297100,peripheral,0.4,12,0.009443136305736744,"Вход 5 000, выход 45 000 KZT; возможны пропущенные входящие или начальный остаток; для проверки запросить выписку",2,False,1,2,5000.0,45000.0,1,2,0.0002921518328065597,9.0,False,50000.0,2.4042742653606412e-05,8.76511598936781e-16,1.6695989687841212e-22,0,0.0,True,missing_incoming,0.01146783683283311
100000001236706100,peripheral,0.4,12,0.051518468563426546,"Вход/выход: 3/2 связей, 142 700/36 000 KZT; признаков специальной роли недостаточно",3,False,3,2,142700.0,36000.0,3,2,0.0007662915221773792,0.25227750525578135,False,178700.0,3.7399821905609976e-05,7.889437670430585e-106,2.1673600516209827e-13,0,0.0,False,other,0.06256453070617024
100000001241318100,terminal,0.7,0,0.031981172671725504,"Вход 53 000 KZT от 1 плательщика, выход 0; глубина 2; признаки конечного получателя",2,False,1,0,53000.0,0.0,1,0,0.0005308383624756592,0.0,False,53000.0,0.0,0.0,3.8742796409693446e-90,0,0.0,False,terminal,0.025892165346182307
100000001246806100,peripheral,0.3,7,0.0,"Глубина 4, выход 0, вход 130 000 KZT; обход обрезан, данных для гипотезы о конечном получателе недостаточно",4,False,1,0,130000.0,0.0,1,0,0.0005329767614424807,0.0,True,130000.0,0.0,0.0,2.2074593798865273e-73,0,0.0,False,truncated,-0.2733347222499544
100000001248999100,peripheral,0.4,15,0.008924487836325087,"Вход/выход: 1/0 связей, 23 425/0 KZT; признаков специальной роли недостаточно",3,False,1,0,23425.0,0.0,1,0,0.0002892563668937372,0.0,False,23425.0,0.0,0.0,1.37304135278142e-15,0,0.0,False,other,0.010837985072968305
100000001249054100,peripheral,0.3,8,0.0,"Глубина 4, выход 0, вход 17 375 KZT; обход обрезан, данных для гипотезы о конечном получателе недостаточно",4,False,1,0,17375.0,0.0,1,0,0.00029207326082160943,0.0,True,17375.0,0.0,0.0,3.973989472227306e-20,0,0.0,False,truncated,-0.2890398017043394
100000001250022100,terminal,0.7,6,0.014098742149825759,"Вход 50 000 KZT от 1 плательщика, выход 0; глубина 2; признаки конечного получателя",2,False,1,0,50000.0,0.0,1,0,0.0002950458326603053,0.0,False,50000.0,0.0,0.0,1.5984797577380686e-18,0,0.0,False,terminal,0.011414433318738674
100000001251686100,peripheral,0.4,2,0.009256317950163174,"Вход/выход: 1/0 связей, 18 000/0 KZT; признаков специальной роли недостаточно",2,False,1,0,18000.0,0.0,1,0,0.0002965688423999929,0.0,False,18000.0,0.0,0.0,9.19373870407663e-16,0,0.0,False,other,0.011240962799701298
100000001252290100,peripheral,0.4,5,0.00995849452004269,"Вход/выход: 1/1 связей, 141 005/5 000 KZT; признаков специальной роли недостаточно",3,False,1,1,141005.0,5000.0,1,1,0.000290139149807607,0.03545973547037339,False,146005.0,1.8699910952804988e-05,4.784557452868469e-137,8.528042242182493e-13,0,0.0,False,other,0.012093692874806203
100000001253557100,consolidator,0.75,7,0.16026424717220192,Вход 210 200 KZT от 5 плательщиков; передаёт 0.0%; признаки консолидации,1,False,5,0,210200.0,0.0,5,0,0.00035106592298765355,0.0,False,210200.0,0.0,0.0,3.280844090018823e-17,1,0.2,False,consolidator,0.07785058595802008
100000001256409100,peripheral,0.3,4,0.0,"Глубина 4, выход 0, вход 8 000 KZT; обход обрезан, данных для гипотезы о конечном получателе недостаточно",4,False,1,0,8000.0,0.0,1,0,0.0005471647850140195,0.0,True,8000.0,0.0,0.0,1.893206610408231e-125,0,0.0,False,truncated,-0.27348233816141343
100000001262647100,peripheral,0.4,14,0.009639491076008607,"Вход/выход: 1/0 связей, 23 650/0 KZT; признаков специальной роли недостаточно",2,False,1,0,23650.0,0.0,1,0,0.00030339197249201576,0.0,False,23650.0,0.0,0.0,7.153052493790624e-67,0,0.0,False,other,0.011706291980987459
100000001270349100,terminal,0.7,26,0.020205389682314643,"Вход 200 000 KZT от 1 плательщика, выход 0; глубина 3; признаки конечного получателя",3,False,1,0,200000.0,0.0,1,0,0.00035530033832396505,0.0,False,200000.0,0.0,0.0,4.2052526958647494e-20,0,0.0,False,terminal,0.016358414868291014
100000001270470100,peripheral,0.3,0,0.0,"Глубина 4, выход 0, вход 28 300 KZT; обход обрезан, данных для гипотезы о конечном получателе недостаточно",4,False,1,0,28300.0,0.0,2,0,0.000429741305607408,0.0,True,28300.0,0.0,0.0,3.678602007368244e-98,0,0.0,False,truncated,-0.2805104525351714
100000001273783100,peripheral,0.4,9,0.009294760432600272,"Вход/выход: 1/0 связей, 23 200/0 KZT; признаков специальной роли недостаточно",2,False,1,0,23200.0,0.0,1,0,0.0002966231104571262,0.0,False,23200.0,0.0,0.0,1.4549735943235252e-17,0,0.0,False,other,0.011287647725319698
100000001275557100,peripheral,0.3,21,0.0,"Глубина 4, выход 0, вход 20 000 KZT; обход обрезан, данных для гипотезы о конечном получателе недостаточно",4,False,1,0,20000.0,0.0,1,0,0.0003475117995580225,0.0,True,20000.0,0.0,0.0,9.018863808921384e-85,0,0.0,False,truncated,-0.28561985236745996
100000001275752100,terminal,0.7,7,0.015017565594063679,"Вход 151 500 KZT от 1 плательщика, выход 0; глубина 3; признаки конечного получателя",3,False,1,0,151500.0,0.0,1,0,0.00029337452908966797,0.0,False,151500.0,0.0,0.0,9.461565912325516e-17,0,0.0,False,terminal,0.012158318753658637
100000001276409100,peripheral,0.3,8,0.0,"Глубина 4, выход 0, вход 94 760 KZT; обход обрезан, данных для гипотезы о конечном получателе недостаточно",4,False,1,0,94760.0,0.0,1,0,0.00032104071150795133,0.0,True,94760.0,0.0,0.0,2.1673395245367456e-19,0,0.0,False,truncated,-0.2866190134965873
100000001279272100,peripheral,0.4,0,0.012499866313755882,"Вход/выход: 1/2 связей, 250 000/136 758 KZT; признаков специальной роли недостаточно",3,False,1,2,250000.0,136758.0,1,2,0.0003077398575230603,0.547032,False,386758.0,1.8699910952804988e-05,1.744427217183422e-15,2.530519427467167e-13,0,0.0,False,other,0.01517995956823116
100000001279875100,peripheral,0.4,10,0.009809141063962737,"Вход/выход: 1/0 связей, 49 235/0 KZT; признаков специальной роли недостаточно",2,False,1,0,49235.0,0.0,1,0,0.0003032727428264067,0.0,False,49235.0,0.0,0.0,2.3235823410232128e-20,0,0.0,False,other,0.01191231658103142
100000001280798100,peripheral,0.4,8,0.00918814415216469,"Вход/выход: 1/0 связей, 23 785/0 KZT; признаков специальной роли недостаточно",3,False,1,0,23785.0,0.0,1,0,0.0002944311629865574,0.0,False,23785.0,0.0,0.0,6.351041930478553e-20,0,0.0,False,other,0.011158171874482294
100000001282143100,consolidator,0.75,10,0.15106159198285535,Вход 1 700 000 KZT от 5 плательщиков; передаёт 0.0%; признаки консолидации,3,False,5,0,1700000.0,0.0,6,0,0.00040176306143270535,0.0,False,1700000.0,0.0,0.0,4.362277085287081e-16,0,0.0,False,consolidator,0.07338026827019263
100000001285440100,terminal,0.7,16,0.030869658536626196,"Вход 243 000 KZT от 2 плательщиков, выход 0; глубина 3; признаки конечного получателя",3,False,2,0,243000.0,0.0,2,0,0.0003203647790984497,0.0,False,243000.0,0.0,0.0,4.251735814092176e-17,0,0.0,False,terminal,0.02499227627500844
100000001286703100,peripheral,0.3,39,0.0,"Глубина 4, выход 0, вход 20 500 KZT; обход обрезан, данных для гипотезы о конечном получателе недостаточно",4,False,1,0,20500.0,0.0,1,0,0.0002872398381747619,0.0,True,20500.0,0.0,0.0,2.7394717236095905e-22,0,0.0,False,truncated,-0.28931000568387655
100000001287955100,peripheral,0.4,10,0.022790939959034574,"Вход 17 520, выход 310 000 KZT; возможны пропущенные входящие или начальный остаток; для проверки запросить выписку",2,False,1,4,17520.0,310000.0,1,5,0.0002939168313087527,17.69406392694064,False,327520.0,0.001460373998219056,1.0765665656286701e-17,1.0987559212305242e-17,0,0.0,True,missing_incoming,0.027677539776517428
100000001290243100,peripheral,0.4,3,0.010381441636487177,"Вход/выход: 1/0 связей, 10 000/0 KZT; признаков специальной роли недостаточно",2,False,1,0,10000.0,0.0,1,0,0.00031994897355357534,0.0,False,10000.0,0.0,0.0,1.4532981860977684e-19,0,0.0,False,other,0.01260732397820943
100000001297206100,peripheral,0.3,0,0.0,"Глубина 4, выход 0, вход 6 758 KZT; обход обрезан, данных для гипотезы о конечном получателе недостаточно",4,False,1,0,6758.0,0.0,1,0,0.00029851097242758,0.0,True,6758.0,0.0,0.0,3.0849382588080144e-18,0,0.0,False,truncated,-0.2887337338443012
100000001298099100,peripheral,0.4,8,0.009065307563969992,"Вход/выход: 1/0 связей, 19 000/0 KZT; признаков специальной роли недостаточно",3,False,1,0,19000.0,0.0,1,0,0.0002926483569297594,0.0,False,19000.0,0.0,0.0,5.073357018250683e-20,0,0.0,False,other,0.011008997923698279
100000001299323100,peripheral,0.3,7,0.0,"Глубина 4, выход 0, вход 109 000 KZT; обход обрезан, данных для гипотезы о конечном получателе недостаточно",4,False,1,0,109000.0,0.0,1,0,0.0002999090853734995,0.0,True,109000.0,0.0,0.0,1.5595212935316176e-18,0,0.0,False,truncated,-0.28779552400113145
100000001299443100,peripheral,0.3,18,0.0,"Глубина 4, выход 0, вход 8 000 KZT; обход обрезан, данных для гипотезы о конечном получателе недостаточно",4,False,1,0,8000.0,0.0,1,0,0.00028985049114896067,0.0,True,8000.0,0.0,0.0,1.6562965051282979e-21,0,0.0,False,truncated,-0.28925421518808564
100000001299828100,peripheral,0.3,0,0.0,"Глубина 4, выход 0, вход 100 000 KZT; обход обрезан, данных для гипотезы о конечном получателе недостаточно",4,False,1,0,100000.0,0.0,1,0,0.0005472629597932584,0.0,True,100000.0,0.0,0.0,2.7818170943428595e-78,0,0.0,False,truncated,-0.2727092067855218
100000001303311100,consolidator,0.75,16,0.15721758685866508,Вход 1 324 000 KZT от 5 плательщиков; передаёт 0.0%; признаки консолидации,3,False,5,0,1324000.0,0.0,5,0,0.0005016994290161643,0.0,False,1324000.0,0.0,0.0,1.6778741842783885e-16,0,0.0,False,consolidator,0.07637062835793829
100000001307612100,peripheral,0.4,1,0.09159398336781978,"Вход/выход: 1/0 связей, 38 483/0 KZT; признаков специальной роли недостаточно",1,False,1,0,38483.0,0.0,1,0,0.00029364642514740773,0.0,False,38483.0,0.0,0.0,3.370847461986731e-39,1,1.0,False,other,0.11123262675910689
100000001308856100,peripheral,0.4,1,0.009225781091168079,"Вход/выход: 1/0 связей, 27 000/0 KZT; признаков специальной роли недостаточно",2,False,1,0,27000.0,0.0,1,0,0.0002947395016034872,0.0,False,27000.0,0.0,0.0,3.630258820364589e-36,0,0.0,False,other,0.011203878540297967
100000001311175100,peripheral,0.3,10,0.0,"Глубина 4, выход 0, вход 300 000 KZT; обход обрезан, данных для гипотезы о конечном получателе недостаточно",4,False,1,0,300000.0,0.0,1,0,0.0005315144876960898,0.0,True,300000.0,0.0,0.0,1.0134504144805061e-57,0,0.0,False,truncated,-0.2720068582208778
100000001317336100,peripheral,0.4,31,0.024745405210578143,"Вход 131 196, выход 1 752 000 KZT; возможны пропущенные входящие или начальный остаток; для проверки запросить выписку",3,False,1,2,131196.0,1752000.0,1,3,0.0003438491368028857,13.354065672733924,False,1883196.0,3.7474771448506984e-05,1.6126999730444822e-31,2.4790019994698252e-17,0,0.0,True,missing_incoming,0.03005106144076869
100000001325618100,peripheral,0.3,18,0.0,"Глубина 4, выход 0, вход 9 300 KZT; обход обрезан, данных для гипотезы о конечном получателе недостаточно",4,False,1,0,9300.0,0.0,1,0,0.000290546185650357,0.0,True,9300.0,0.0,0.0,1.925444687211646e-21,0,0.0,False,truncated,-0.2892007334894829
100000001329153100,terminal,0.7,0,0.015060784259260357,"Вход 150 687 KZT от 1 плательщика, выход 0; глубина 3; признаки конечного получателя",3,False,1,0,150687.0,0.0,1,0,0.00029405598109260987,0.0,False,150687.0,0.0,0.0,3.986993322507543e-14,0,0.0,False,terminal,0.012193308866022561
100000001330595100,peripheral,0.4,23,0.0470786901953642,"Вход 87 000, выход 154 000 KZT; возможны пропущенные входящие или начальный остаток; для проверки запросить выписку",2,False,3,1,87000.0,154000.0,6,1,0.0006755694259219613,1.7701149425287357,False,241000.0,8.922564630596902e-07,1.4999379727919943e-71,2.604177271301144e-40,0,0.0,True,missing_incoming,0.05717282055284437
100000001330685100,consolidator,0.65,5,0.19612075609299648,Вход 2 435 923 KZT от 3 плательщиков; передаёт 4.1%; признаки консолидации,1,False,3,1,2435923.0,100500.0,7,1,0.0004382160258847987,0.04125746175063826,False,2536423.0,1.8699910952804988e-05,1.0482582774621302e-79,1.2649597781696716e-11,1,0.3333333333333333,False,consolidator,0.09526838362123471
100000001339466100,peripheral,0.4,2,0.009708826466169255,"Вход/выход: 1/0 связей, 30 000/0 KZT; признаков специальной роли недостаточно",2,False,1,0,30000.0,0.0,1,0,0.0003039018745217943,0.0,False,30000.0,0.0,0.0,1.5322897840127719e-15,0,0.0,False,other,0.011790493555057725
100000001346560100,peripheral,0.4,2,0.032767854442435365,"Вход 10 000, выход 22 200 KZT; возможны пропущенные входящие или начальный остаток; для проверки запросить выписку",2,False,2,1,10000.0,22200.0,2,1,0.0005866163489075493,2.22,False,32200.0,2.4933214603739984e-05,1.4611421158027475e-108,4.1265437011542943e-66,0,0.0,True,missing_incoming,0.03979360203448388
100000001362940100,terminal,0.7,2,0.1384452819289749,"Вход 81 000 KZT от 1 плательщика, выход 0; глубина 1; признаки конечного получателя",1,False,1,0,81000.0,0.0,1,0,0.00030178844535202483,0.0,False,81000.0,0.0,0.0,3.979214355668534e-14,1,1.0,False,terminal,0.11208620046234341
100000001363952100,peripheral,0.4,4,0.061536707799558006,"Вход/выход: 2/1 связей, 196 655/91 000 KZT; признаков специальной роли недостаточно",1,False,2,1,196655.0,91000.0,2,2,0.00030709529312419024,0.4627393150441128,False,287655.0,1.8699910952804988e-05,1.3273420264519924e-81,2.7376546329134144e-14,1,0.5,False,other,0.07473077814691167
100000001373265100,peripheral,0.4,4,0.01120114161753139,"Вход/выход: 1/1 связей, 142 482/5 000 KZT; признаков специальной роли недостаточно",3,False,1,1,142482.0,5000.0,1,1,0.00031455853917834807,0.0350921519911287,False,147482.0,1.8699910952804988e-05,4.784557452868469e-137,8.975197968979277e-15,0,0.0,False,other,0.013602775630091313
100000001378288100,peripheral,0.3,4,0.0,"Глубина 4, выход 0, вход 268 000 KZT; обход обрезан, данных для гипотезы о конечном получателе недостаточно",4,False,1,0,268000.0,0.0,3,0,0.0005234508868762802,0.0,True,268000.0,0.0,0.0,1.4661349050558842e-59,0,0.0,False,truncated,-0.2727679324854198
100000001379511100,terminal,0.7,28,0.015077286736496625,"Вход 55 000 KZT от 1 плательщика, выход 0; глубина 3; признаки конечного получателя",3,False,1,0,55000.0,0.0,1,0,0.0003072907911907118,0.0,False,55000.0,0.0,0.0,1.4720463843326919e-19,0,0.0,False,terminal,0.012206669378897087
100000001380054100,peripheral,0.4,29,0.08351663812591158,"Вход 127 050, выход 360 000 KZT; возможны пропущенные входящие или начальный остаток; для проверки запросить выписку",1,False,2,3,127050.0,360000.0,2,4,0.0007164305424822365,2.833530106257379,False,487050.0,1.2466607301869992e-05,2.6089932388656812e-64,3.3419099779543892e-68,1,0.5,True,missing_incoming,0.10142341991536037
100000001380107100,peripheral,0.4,56,0.008890252215465902,"Вход/выход: 1/0 связей, 6 000/0 KZT; признаков специальной роли недостаточно",3,False,1,0,6000.0,0.0,1,0,0.00029094848350339587,0.0,False,6000.0,0.0,0.0,7.529348951830475e-23,0,0.0,False,other,0.010796409001081536
100000001380986100,terminal,0.7,6,0.014088920584574819,"Вход 70 170 KZT от 1 плательщика, выход 0; глубина 2; признаки конечного получателя",2,False,1,0,70170.0,0.0,1,0,0.000292172266547817,0.0,False,70170.0,0.0,0.0,1.7353887728405027e-18,0,0.0,False,terminal,0.011406481715648759
100000001382002100,transit,0.8727272727272727,0,0.056816962432352854,"Вход 55 000, выход 56 500 KZT; передаёт 102.7%; 1/1 связей; признаки транзита",2,False,1,1,55000.0,56500.0,2,3,0.000663307426759573,1.0272727272727273,False,111500.0,0.0,8.137449656820512e-16,2.3295636652186703e-83,0,0.0,False,transit,0.03449953666959149
100000001384826100,peripheral,0.4,5,0.011890897745649954,"Вход/выход: 1/1 связей, 364 260/10 000 KZT; признаков специальной роли недостаточно",3,False,1,1,364260.0,10000.0,1,1,0.0002973746599655164,0.027452918245209467,False,374260.0,1.8699910952804988e-05,8.417082485105925e-124,2.2030599391066946e-12,0,0.0,False,other,0.014440422199579573
100000001386612100,terminal,0.7,19,0.024727676145864096,"Вход 62 264 KZT от 1 плательщика, выход 0; глубина 2; признаки конечного получателя",2,False,1,0,62264.0,0.0,1,0,0.0004337700956812129,0.0,False,62264.0,0.0,0.0,1.3008822211370078e-17,0,0.0,False,terminal,0.020019687394440284
100000001389255100,peripheral,0.4,1,0.09120381327212523,"Вход/выход: 1/0 связей, 16 136/0 KZT; признаков специальной роли недостаточно",1,False,1,0,16136.0,0.0,1,0,0.00028895605160856404,0.0,False,16136.0,0.0,0.0,1.4134031818366004e-39,1,1.0,False,other,0.11075880038939138
100000001411870100,terminal,0.7,6,0.11133228690685104,"Вход 900 000 KZT от 2 плательщиков, выход 0; глубина 1; признаки конечного получателя",1,False,2,0,900000.0,0.0,4,0,0.0004780448174649528,0.0,False,900000.0,0.0,0.0,3.5164267837237114e-16,1,0.5,False,terminal,0.0901353433956262
100000001415126100,peripheral,0.4,19,0.015024023882490205,"Вход/выход: 1/0 связей, 27 000/0 KZT; признаков специальной роли недостаточно; seed: входящие суммы занижены методом сбора",0,True,1,0,27000.0,0.0,1,0,0.00040961890543080487,0.0,False,27000.0,0.0,0.0,4.7897954545050246e-23,0,0.0,True,other,0.018245321138943713
100000001418900100,peripheral,0.4,1,0.009541251036474905,"Вход/выход: 1/0 связей, 40 140/0 KZT; признаков специальной роли недостаточно",2,False,1,0,40140.0,0.0,2,0,0.00029920233586476936,0.0,False,40140.0,0.0,0.0,5.396984779608689e-36,0,0.0,False,other,0.011586988318798534
100000001420847100,peripheral,0.4,17,0.009585849204170679,"Вход/выход: 1/0 связей, 20 000/0 KZT; признаков специальной роли недостаточно",2,False,1,0,20000.0,0.0,2,0,0.00030282570687728154,0.0,False,20000.0,0.0,0.0,7.35184907334769e-65,0,0.0,False,other,0.011641148768634226
100000001427082100,peripheral,0.4,20,0.01784524013644154,"Вход 5 000, выход 124 900 KZT; возможны пропущенные входящие или начальный остаток; для проверки запросить выписку",3,False,1,5,5000.0,124900.0,1,6,0.0004392450523980504,24.98,False,129900.0,7.836153161175423e-05,5.182132273042539e-86,8.125221956695244e-88,0,0.0,True,missing_incoming,0.02167143367433048
100000001429930100,peripheral,0.4,12,0.012048318263471948,"Вход/выход: 1/0 связей, 26 000/0 KZT; признаков специальной роли недостаточно; seed: входящие суммы занижены методом сбора",0,True,1,0,26000.0,0.0,1,0,0.00035079789147407785,0.0,False,26000.0,0.0,0.0,3.53370914776028e-24,0,0.0,True,other,0.014631595211815562
100000001439416100,peripheral,0.4,0,0.012733659887753346,"Вход 10 000, выход 165 000 KZT; возможны пропущенные входящие или начальный остаток; для проверки запросить выписку",3,False,1,2,10000.0,165000.0,1,3,0.00034089967599193374,16.5,False,175000.0,2.048085485307213e-05,1.2182485001280618e-18,6.088087798043997e-19,0,0.0,True,missing_incoming,0.015463880764787332
100000001445848100,peripheral,0.4,35,0.03576134960499126,"Вход/выход: 1/1 связей, 546 000/351 850 KZT; признаков специальной роли недостаточно",3,False,1,1,546000.0,351850.0,13,14,0.0007020167320692292,0.6444139194139195,False,897850.0,0.0,6.746119879690216e-18,7.127789474853002e-43,0,0.0,False,other,0.04342893175679354
100000001463701100,terminal,0.7,9,0.1155880359125618,"Вход 621 000 KZT от 2 плательщиков, выход 0; глубина 1; признаки конечного получателя",1,False,2,0,621000.0,0.0,2,0,0.0005722109368497137,0.0,False,621000.0,0.0,0.0,7.442886178185002e-14,1,0.5,False,terminal,0.09358082546280297
100000001471706100,peripheral,0.3,19,0.0,"Глубина 4, выход 0, вход 377 000 KZT; обход обрезан, данных для гипотезы о конечном получателе недостаточно",4,False,1,0,377000.0,0.0,8,0,0.0005401265380892354,0.0,True,377000.0,0.0,0.0,1.6865787742799394e-53,0,0.0,False,truncated,-0.270836948450355
100000001477796100,terminal,0.7,2,0.1416714582940872,"Вход 182 000 KZT от 1 плательщика, выход 0; глубина 1; признаки конечного получателя",1,False,1,0,182000.0,0.0,1,0,0.0003306619019813842,0.0,False,182000.0,0.0,0.0,1.1470221553613001e-15,1,1.0,False,terminal,0.1146981338251023
100000001484381100,terminal,0.7,8,0.029422830103360498,"Вход 95 585 KZT от 2 плательщиков, выход 0; глубина 3; признаки конечного получателя",3,False,2,0,95585.0,0.0,4,0,0.0003213079861341874,0.0,False,95585.0,0.0,0.0,2.2773053102042325e-19,0,0.0,False,terminal,0.023820914567725174
100000001490461100,peripheral,0.4,8,0.01070592368320406,"Вход/выход: 1/1 связей, 20 000/5 000 KZT; признаков специальной роли недостаточно",2,False,1,1,20000.0,5000.0,1,1,0.00032099043429899374,0.25,False,25000.0,2.1371326803205702e-05,4.784557452868469e-137,7.760408584694037e-71,0,0.0,False,other,0.01300137814056144
100000001498732100,peripheral,0.3,28,0.0,"Глубина 4, выход 0, вход 5 500 KZT; обход обрезан, данных для гипотезы о конечном получателе недостаточно",4,False,1,0,5500.0,0.0,1,0,0.0002894096098235812,0.0,True,5500.0,0.0,0.0,1.994381540761486e-25,0,0.0,False,truncated,-0.28930208414627734
100000001524952100,terminal,0.7,0,0.13892701963964357,"Вход 103 807 KZT от 1 плательщика, выход 0; глубина 1; признаки конечного получателя",1,False,1,0,103807.0,0.0,1,0,0.00030504892931036134,0.0,False,103807.0,0.0,0.0,3.6265393605922555e-14,1,1.0,False,terminal,0.11247621844530348
100000001526235100,peripheral,0.4,24,0.061174162663542656,"Вход 82 000, выход 432 750 KZT; возможны пропущенные входящие или начальный остаток; для проверки запросить выписку",2,False,3,8,82000.0,432750.0,4,9,0.0008778562267377687,5.277439024390244,False,514750.0,0.00025467497773820126,2.145678369834962e-18,1.4912083837718985e-22,0,0.0,True,missing_incoming,0.07429049979766922
100000001527186100,terminal,0.7,2,0.15364412529923283,"Вход 678 000 KZT от 1 плательщика, выход 0; глубина 1; признаки конечного получателя",1,False,1,0,678000.0,0.0,2,0,0.00042132959630802663,0.0,False,678000.0,0.0,0.0,3.330749794004032e-13,1,1.0,False,terminal,0.12439128288233124
100000001530709100,terminal,0.7,0,0.013652165630525289,"Вход 53 961 KZT от 1 плательщика, выход 0; глубина 3; признаки конечного получателя",3,False,1,0,53961.0,0.0,1,0,0.00028860837595943913,0.0,False,53961.0,0.0,0.0,1.427741919845969e-14,0,0.0,False,terminal,0.011052882064938872
100000001530740100,peripheral,0.4,3,0.021008457766754293,"Вход/выход: 1/0 связей, 15 000/0 KZT; признаков специальной роли недостаточно",2,False,1,0,15000.0,0.0,1,0,0.0005298197024409161,0.0,False,15000.0,0.0,0.0,1.0381323173024496e-113,0,0.0,False,other,0.02551287601686347
100000001530983100,coordinator,0.6043637827240426,3,0.2442179991259835,Вход/выход: 4/11 связей; seed-плательщиков 2; в топ-5% по посреднической роли в сети; признаки координации; возможен неполный вход или начальный остаток,1,False,4,11,564158.0,1829538.0,4,17,0.00035609030999176293,3.24295321523403,False,2393696.0,0.00027960819234194124,4.947332566018514e-15,6.587477213029111e-13,2,0.5,True,coordinator,0.1186322880425373
100000001533161100,peripheral,0.3,45,0.0,"Глубина 4, выход 0, вход 100 000 KZT; обход обрезан, данных для гипотезы о конечном получателе недостаточно",4,False,1,0,100000.0,0.0,1,0,0.0003244427669685303,0.0,True,100000.0,0.0,0.0,1.7719448848167152e-19,0,0.0,False,truncated,-0.28636679505045504
100000001534244100,peripheral,0.4,7,0.02296963671971756,"Вход/выход: 2/1 связей, 366 000/45 000 KZT; признаков специальной роли недостаточно",3,False,2,1,366000.0,45000.0,2,1,0.00034150708804052437,0.12295081967213115,False,411000.0,2.1414155113432564e-05,4.639938126450946e-95,1.6107028890494183e-17,0,0.0,False,other,0.027894550865600554
100000001537524100,peripheral,0.3,10,0.0,"Глубина 4, выход 0, вход 150 000 KZT; обход обрезан, данных для гипотезы о конечном получателе недостаточно",4,False,1,0,150000.0,0.0,1,0,0.0002986714418382267,0.0,True,150000.0,0.0,0.0,4.085825458273134e-18,0,0.0,False,truncated,-0.2875295184410498
100000001538095100,terminal,0.7,10,0.031990431477752705,"Вход 280 000 KZT от 2 плательщиков, выход 0; глубина 3; признаки конечного получателя",3,False,2,0,280000.0,0.0,2,0,0.00033013522666239774,0.0,False,280000.0,0.0,0.0,1.0533886389170288e-16,0,0.0,False,terminal,0.025899661335745453
100000001541418100,terminal,0.7,6,0.028090474458543766,"Вход 96 900 KZT от 2 плательщиков, выход 0; глубина 2; признаки конечного получателя",2,False,2,0,96900.0,0.0,2,0,0.00030353063860818737,0.0,False,96900.0,0.0,0.0,4.530440525944297e-18,0,0.0,False,terminal,0.02274223077430651
100000001549194100,peripheral,0.4,13,0.009560200706763335,"Вход/выход: 1/0 связей, 46 500/0 KZT; признаков специальной роли недостаточно",3,False,1,0,46500.0,0.0,1,0,0.0002987125955300956,0.0,False,46500.0,0.0,0.0,3.265787397056162e-18,0,0.0,False,other,0.011610000983221442
100000001550388100,terminal,0.7,0,0.1376084263359791,"Вход 50 000 KZT от 1 плательщика, выход 0; глубина 1; признаки конечного получателя",1,False,1,0,50000.0,0.0,1,0,0.0002949519153763026,0.0,False,50000.0,0.0,0.0,1.7467701410272213e-14,1,1.0,False,terminal,0.11140867673276858
100000001550419100,peripheral,0.4,13,0.00906359490097155,"Вход/выход: 1/0 связей, 23 000/0 KZT; признаков специальной роли недостаточно",3,False,1,0,23000.0,0.0,1,0,0.0002920702819634094,0.0,False,23000.0,0.0,0.0,1.6153357017697145e-18,0,0.0,False,other,0.011006918049048601
100000001554432100,terminal,0.7,2,0.13775586035700407,"Вход 53 920 KZT от 1 плательщика, выход 0; глубина 1; признаки конечного получателя",1,False,1,0,53920.0,0.0,1,0,0.00029636604272574585,0.0,False,53920.0,0.0,0.0,2.6488794821931774e-14,1,1.0,False,terminal,0.1115280402748505
100000001557930100,peripheral,0.4,6,0.009146271027293143,"Вход/выход: 1/0 связей, 34 610/0 KZT; признаков специальной роли недостаточно",2,False,1,0,34610.0,0.0,1,0,0.0002921289541275454,0.0,False,34610.0,0.0,0.0,1.106467688306291e-18,0,0.0,False,other,0.011107320743230908
100000001567366100,terminal,0.7,3,0.15157824964709624,"Вход 824 070 KZT от 1 плательщика, выход 0; глубина 1; признаки конечного получателя",1,False,1,0,824070.0,0.0,4,0,0.00037417169658699974,0.0,False,824070.0,0.0,0.0,2.2181547440771117e-14,1,1.0,False,terminal,0.12271873652141987
100000001578517100,peripheral,0.4,3,0.009034334279689528,"Вход/выход: 1/0 связей, 30 000/0 KZT; признаков специальной роли недостаточно",2,False,1,0,30000.0,0.0,1,0,0.00029053829816639534,0.0,False,30000.0,0.0,0.0,3.883979668892572e-17,0,0.0,False,other,0.010971383665171744
100000001584286100,terminal,0.7,10,0.036589667578902016,"Вход 738 699 KZT от 2 плательщиков, выход 0; глубина 2; признаки конечного получателя",2,False,2,0,738699.0,0.0,3,0,0.00032848499407064284,0.0,False,738699.0,0.0,0.0,8.685935828795045e-16,0,0.0,False,terminal,0.02962323278884514
100000001590795100,peripheral,0.3,18,0.0,"Глубина 4, выход 0, вход 5 060 KZT; обход обрезан, данных для гипотезы о конечном получателе недостаточно",4,False,1,0,5060.0,0.0,1,0,0.00028827715127657203,0.0,True,5060.0,0.0,0.0,1.0476075394936483e-21,0,0.0,False,truncated,-0.2893751661064642
100000001597424100,peripheral,0.4,13,0.009594012165881075,"Вход/выход: 1/0 связей, 48 100/0 KZT; признаков специальной роли недостаточно",3,False,1,0,48100.0,0.0,1,0,0.00029916483815591255,0.0,False,48100.0,0.0,0.0,3.3781585763097075e-18,0,0.0,False,other,0.011651061948952362
100000001597505100,peripheral,0.4,32,0.010461982506717564,"Вход/выход: 1/1 связей, 26 460/12 920 KZT; признаков специальной роли недостаточно",2,False,1,1,26460.0,12920.0,1,1,0.00031475890283167617,0.48828420256991684,False,39380.0,1.7809439002671416e-05,1.5525664849039231e-18,1.510165412021845e-70,0,0.0,False,other,0.012705133596568465
100000001598625100,peripheral,0.3,4,0.0,"Глубина 4, выход 0, вход 25 000 KZT; обход обрезан, данных для гипотезы о конечном получателе недостаточно",4,False,1,0,25000.0,0.0,1,0,0.0004288818435522477,0.0,True,25000.0,0.0,0.0,7.540130342859604e-98,0,0.0,False,truncated,-0.28059064862463834
100000001600934100,peripheral,0.4,4,0.1149384155820332,"Вход/выход: 1/1 связей, 180 300/11 000 KZT; признаков специальной роли недостаточно",3,False,1,1,180300.0,11000.0,2,1,0.002366851758392171,0.06100942872989462,False,191300.0,0.0,5.241595148386724e-18,5.896010495464945e-18,0,0.0,False,other,0.1395823329287719
100000001601320100,transit,0.8379310344827587,6,0.08867269241021082,"Вход 43 500, выход 46 200 KZT; передаёт 106.2%; 2/1 связей; признаки транзита",2,False,2,1,43500.0,46200.0,2,1,0.000811763739861756,1.0620689655172413,False,89700.0,8.904719501335708e-07,1.4770952706858304e-94,6.732489911625378e-75,0,0.0,False,transit,0.05384249126376241
100000001609499100,peripheral,0.4,0,0.05691550618730932,"Вход/выход: 3/2 связей, 263 113/21 000 KZT; признаков специальной роли недостаточно",1,False,3,2,263113.0,21000.0,3,2,0.00032091395654925293,0.07981361620292422,False,284113.0,0.0,1.946815391786449e-17,6.635914167594248e-14,1,0.3333333333333333,False,other,0.06911874583634359
100000001611488100,terminal,0.7,5,0.07857579310325175,"Вход 779 300 KZT от 2 плательщиков, выход 0; глубина 3; признаки конечного получателя",3,False,2,0,779300.0,0.0,3,0,0.0008775368508533171,0.0,False,779300.0,0.0,0.0,3.0803035552101107e-12,0,0.0,False,terminal,0.0636154730197089
100000001616816100,transit,0.8708788558131616,6,0.308950352595202,"Вход 176 195, выход 181 326 KZT; передаёт 102.9%; 5/3 связей; признаки транзита; seed: входящие суммы занижены методом сбора",0,True,5,3,176195.0,181326.0,12,10,0.0024346571906844576,1.0291211441868384,False,357521.0,8.387210752761088e-05,1.3281817506774031e-17,1.5168833012945892e-18,0,0.0,True,transit,0.1875961607615285
100000001632325100,terminal,0.7,1,0.014759420175278083,"Вход 85 600 KZT от 1 плательщика, выход 0; глубина 3; признаки конечного получателя",3,False,1,0,85600.0,0.0,3,0,0.0002989295521153433,0.0,False,85600.0,0.0,0.0,1.3000848449514204e-41,0,0.0,False,terminal,0.01194932254407107
100000001633685100,peripheral,0.4,0,0.027082244842508645,"Вход/выход: 3/0 связей, 45 000/0 KZT; признаков специальной роли недостаточно",2,False,3,0,45000.0,0.0,3,0,0.0003061866332400334,0.0,False,45000.0,0.0,0.0,3.597488114770217e-17,0,0.0,False,other,0.03288894228203078
100000001637376100,peripheral,0.4,5,0.011325899029525174,"Вход 116 700, выход 234 250 KZT; возможны пропущенные входящие или начальный остаток; для проверки запросить выписку",3,False,1,1,116700.0,234250.0,1,2,0.0002893514448317364,2.0072836332476434,False,350950.0,1.8699910952804988e-05,1.552615665588003e-63,7.058065527199014e-13,0,0.0,True,missing_incoming,0.013754282248031595
100000001639766100,peripheral,0.4,6,0.02714203583437375,"Вход/выход: 1/0 связей, 20 000/0 KZT; признаков специальной роли недостаточно",3,False,1,0,20000.0,0.0,1,0,0.0006506628579150653,0.0,False,20000.0,0.0,0.0,1.8761217410718573e-90,0,0.0,False,other,0.03296155304572014
100000001641789100,peripheral,0.4,6,0.10134153737056366,"Вход/выход: 1/0 связей, 17 826/0 KZT; признаков специальной роли недостаточно",1,False,1,0,17826.0,0.0,1,0,0.0004895828148678133,0.0,False,17826.0,0.0,0.0,6.195905300204174e-20,1,1.0,False,other,0.1230701514123079
100000001641951100,peripheral,0.4,2,0.010439759885350315,"Вход/выход: 1/0 связей, 25 000/0 KZT; признаков специальной роли недостаточно",2,False,1,0,25000.0,0.0,4,0,0.0003190638874323934,0.0,False,25000.0,0.0,0.0,2.0620942919191865e-65,0,0.0,False,other,0.012678146228432878
100000001648936100,terminal,0.7,6,0.015152205692632084,"Вход 92 740 KZT от 1 плательщика, выход 0; глубина 2; признаки конечного получателя",2,False,1,0,92740.0,0.0,1,0,0.00030314637772139394,0.0,False,92740.0,0.0,0.0,2.9648602546525696e-18,0,0.0,False,terminal,0.012267324252929823
100000001650895100,peripheral,0.4,8,0.011065559283139565,"Вход/выход: 1/1 связей, 153 500/10 000 KZT; признаков специальной роли недостаточно",3,False,1,1,153500.0,10000.0,1,1,0.00030927489327733915,0.06514657980456026,False,163500.0,2.1371326803205702e-05,8.417082485105925e-124,1.788362199147883e-18,0,0.0,False,other,0.013438123120810526
100000001660397100,transit,0.8917695473251029,0,0.12645142705773027,"Вход 48 600, выход 49 000 KZT; передаёт 100.8%; 2/3 связей; признаки транзита",1,False,2,3,48600.0,49000.0,2,4,0.0002951523346277189,1.008230452674897,False,97600.0,0.0004737310774710597,1.4492087505995672e-16,8.588192550453513e-15,1,0.5,False,transit,0.07678192317821314
100000001669260100,peripheral,0.3,4,0.0,"Глубина 4, выход 0, вход 500 000 KZT; обход обрезан, данных для гипотезы о конечном получателе недостаточно",4,False,1,0,500000.0,0.0,1,0,0.000560115378020431,0.0,True,500000.0,0.0,0.0,3.162559885757741e-48,0,0.0,False,truncated,-0.26858615040841766
100000001674850100,terminal,0.7,7,0.030333084844322334,"Вход 237 000 KZT от 2 плательщиков, выход 0; глубина 3; признаки конечного получателя",3,False,2,0,237000.0,0.0,2,0,0.0003140936423748864,0.0,False,237000.0,0.0,0.0,4.9358759939945216e-18,0,0.0,False,terminal,0.024557862724756546
100000001677389100,peripheral,0.4,15,0.00899249904243418,"Вход/выход: 1/1 связей, 11 000/5 400 KZT; признаков специальной роли недостаточно",3,False,1,1,11000.0,5400.0,1,1,0.00028863096954467773,0.4909090909090909,False,16400.0,1.8699910952804988e-05,1.4141224447151665e-135,1.3767017837034424e-17,0,0.0,False,other,0.010920578545011002
100000001677929100,peripheral,0.4,6,0.1824408729104352,"Вход 126 777, выход 286 098 KZT; возможны пропущенные входящие или начальный остаток; для проверки запросить выписку",2,False,3,2,126777.0,286098.0,3,4,0.003334091954588855,2.2567027142147236,False,412875.0,8.904719501335708e-07,2.6983691429269233e-60,3.0132181244846065e-80,0,0.0,True,missing_incoming,0.22155797549014425
100000001680944100,terminal,0.7,16,0.021457944811898062,"Вход 393 000 KZT от 1 плательщика, выход 0; глубина 3; признаки конечного получателя",3,False,1,0,393000.0,0.0,1,0,0.00034558988439926675,0.0,False,393000.0,0.0,0.0,4.395753199322765e-18,0,0.0,False,terminal,0.017372491645689964
100000001684867100,peripheral,0.4,3,0.09129762819702927,"Вход/выход: 1/0 связей, 30 550/0 KZT; признаков специальной роли недостаточно",1,False,1,0,30550.0,0.0,1,0,0.00028885397075253017,0.0,False,30550.0,0.0,0.0,8.223163982617468e-16,1,1.0,False,other,0.11087273014921392
100000001686328100,terminal,0.7,7,0.016540479474025895,"Вход 140 000 KZT от 1 плательщика, выход 0; глубина 3; признаки конечного получателя",3,False,1,0,140000.0,0.0,1,0,0.0003150543933476953,0.0,False,140000.0,0.0,0.0,7.748339611235759e-19,0,0.0,False,terminal,0.013391279733317744
100000001688676100,terminal,0.7,17,0.015974377645547776,"Вход 133 700 KZT от 1 плательщика, выход 0; глубина 3; признаки конечного получателя",3,False,1,0,133700.0,0.0,1,0,0.0003084340439985561,0.0,False,133700.0,0.0,0.0,5.809372776698264e-16,0,0.0,False,terminal,0.012932960012018394
100000001689968100,terminal,0.7,5,0.04620131661243512,"Вход 344 334 KZT от 3 плательщиков, выход 0; глубина 3; признаки конечного получателя",3,False,3,0,344333.75,0.0,3,0,0.00033914310918301173,0.0,False,344333.75,0.0,0.0,1.145458211549271e-12,0,0.0,False,terminal,0.037404886344211324
100000001690439100,peripheral,0.4,5,0.01834042153979035,"Вход/выход: 1/0 связей, 14 200/0 KZT; признаков специальной роли недостаточно",3,False,1,0,14200.0,0.0,1,0,0.00047706727238734376,0.0,False,14200.0,0.0,0.0,3.9218762095143124e-17,0,0.0,False,other,0.022272786800283738
100000001690558100,terminal,0.7,17,0.030068675413253927,"Вход 740 000 KZT от 1 плательщика, выход 0; глубина 3; признаки конечного получателя",3,False,1,0,740000.0,0.0,1,0,0.00041212063930432354,0.0,False,740000.0,0.0,0.0,3.215359652024469e-15,0,0.0,False,terminal,0.024343795130094333
100000001696818100,terminal,0.7,2,0.13793911699693673,"Вход 53 550 KZT от 1 плательщика, выход 0; глубина 1; признаки конечного получателя",1,False,1,0,53550.0,0.0,1,0,0.00029883692688634147,0.0,False,53550.0,0.0,0.0,3.3748921109669024e-16,1,1.0,False,terminal,0.11167640604212947
100000001697501100,coordinator,0.6000791998649707,1,0.2017622694909165,Вход/выход: 3/38 связей; seed-плательщиков 1; в топ-5% по посреднической роли в сети; признаки координации; возможен неполный вход или начальный остаток,1,False,3,38,123700.0,1482606.0,3,55,0.0005916045492534869,11.98549717057397,False,1606306.0,0.00013268032056990204,4.8143327082038543e-35,2.202185480032592e-39,1,0.3333333333333333,True,coordinator,0.09800882717909316
100000001703168100,peripheral,0.4,2,0.010010636538904442,"Вход 45 000, выход 90 000 KZT; возможны пропущенные входящие или начальный остаток; для проверки запросить выписку",2,False,1,1,45000.0,90000.0,1,1,0.00029266343176030765,2.0,False,135000.0,1.8737385724253492e-05,8.162665475510406e-82,6.198661129646331e-16,0,0.0,True,missing_incoming,0.012157014651076424
100000001714173100,terminal,0.7,16,0.041031632176971825,"Вход 638 905 KZT от 1 плательщика, выход 0; глубина 3; признаки конечного получателя",3,False,1,0,638905.0,0.0,6,0,0.0005706777097822566,0.0,False,638905.0,0.0,0.0,1.1645083300361867e-20,0,0.0,False,terminal,0.033219476210425286
100000001714413100,terminal,0.7,5,0.01605670733723736,"Вход 250 172 KZT от 1 плательщика, выход 0; глубина 3; признаки конечного получателя",3,False,1,0,250172.0,0.0,1,0,0.00029367716211375244,0.0,False,250172.0,0.0,0.0,1.5130508732394446e-12,0,0.0,False,terminal,0.01299961466574257
100000001714883100,peripheral,0.3,18,0.0,"Глубина 4, выход 0, вход 6 900 KZT; обход обрезан, данных для гипотезы о конечном получателе недостаточно",4,False,1,0,6900.0,0.0,1,0,0.00028926182657085605,0.0,True,6900.0,0.0,0.0,1.4285557356731568e-21,0,0.0,False,truncated,-0.2892994689330572
100000001716579100,peripheral,0.4,1,0.09116505291894844,"Вход/выход: 1/0 связей, 13 916/0 KZT; признаков специальной роли недостаточно",1,False,1,0,13916.0,0.0,1,0,0.0002884900996124915,0.0,False,13916.0,0.0,0.0,1.2189463732299289e-39,1,1.0,False,other,0.11071172943844637
100000001724740100,peripheral,0.3,7,0.0,"Глубина 4, выход 0, вход 185 000 KZT; обход обрезан, данных для гипотезы о конечном получателе недостаточно",4,False,1,0,185000.0,0.0,4,0,0.0005364804152149869,0.0,True,185000.0,0.0,0.0,8.564714545356501e-67,0,0.0,False,truncated,-0.27266136789153333
100000001726614100,terminal,0.7,0,0.015226336609909033,"Вход 138 717 KZT от 1 плательщика, выход 0; глубина 3; признаки конечного получателя",3,False,1,0,138717.0,0.0,1,0,0.0002978710303376365,0.0,False,138717.0,0.0,0.0,1.4041042536798518e-13,0,0.0,False,terminal,0.012327341125578643
100000001732159100,peripheral,0.4,40,0.1671724299126945,"Вход/выход: 2/4 связей, 2 378 100/1 505 966 KZT; признаков специальной роли недостаточно; seed: входящие суммы занижены методом сбора",0,True,2,4,2378100.0,1505966.0,30,23,0.0010950567872996843,0.633264370716118,False,3884066.0,1.8699910952804988e-05,1.0067471733023283e-17,1.170088619519218e-19,2,1.0,True,other,0.203015829393711
100000001733216100,peripheral,0.3,0,0.0,"Глубина 4, выход 0, вход 60 000 KZT; обход обрезан, данных для гипотезы о конечном получателе недостаточно",4,False,1,0,60000.0,0.0,2,0,0.0004076531172154509,0.0,True,60000.0,0.0,0.0,1.6844659905853093e-81,0,0.0,False,truncated,-0.2816000099062244
100000001733687100,terminal,0.7,7,0.0175501504230429,"Вход 300 000 KZT от 1 плательщика, выход 0; глубина 3; признаки конечного получателя",3,False,1,0,300000.0,0.0,1,0,0.0003066249703782886,0.0,False,300000.0,0.0,0.0,2.53381444340273e-17,0,0.0,False,terminal,0.014208715898824512
100000001737722100,terminal,0.7,2,0.016003044253256625,"Вход 60 460 KZT от 1 плательщика, выход 0; глубина 2; признаки конечного получателя",2,False,1,0,60460.0,0.0,1,0,0.0003187759337086208,0.0,False,60460.0,0.0,0.0,7.118093689488295e-63,0,0.0,False,terminal,0.01295616868401834
100000001740277100,peripheral,0.4,6,0.012917568916883901,"Вход/выход: 1/1 связей, 8 700/5 000 KZT; признаков специальной роли недостаточно",3,False,1,1,8700.0,5000.0,1,1,0.00036969341532294264,0.5747126436781609,False,13700.0,0.0,4.558622051568495e-83,1.0072887338457837e-60,0,0.0,False,other,0.015687221683510773
100000001745217100,terminal,0.7,0,0.013716986918256166,"Вход 50 000 KZT от 1 плательщика, выход 0; глубина 3; признаки конечного получателя",3,False,1,0,50000.0,0.0,1,0,0.0002900034068784448,0.0,False,50000.0,0.0,0.0,5.061038854934334e-14,0,0.0,False,terminal,0.011105361800973197
100000001746925100,peripheral,0.4,2,0.09298071963866557,"Вход/выход: 1/1 связей, 65 250/5 000 KZT; признаков специальной роли недостаточно",1,False,1,1,65250.0,5000.0,1,1,0.000298634721520271,0.07662835249042145,False,70250.0,0.00011599334019775972,4.784557452868469e-137,3.2054782309552083e-14,1,1.0,False,other,0.11291669281188323
100000001782980100,peripheral,0.4,29,0.017304214096010573,"Вход 50 000, выход 596 200 KZT; возможны пропущенные входящие или начальный остаток; для проверки запросить выписку",2,False,1,1,50000.0,596200.0,1,3,0.00037028315078489586,11.924,False,646200.0,1.7845129261193803e-06,1.1025754997257143e-45,8.520389127564725e-64,0,0.0,True,missing_incoming,0.021014406373961337
100000001784279100,peripheral,0.4,0,0.00898217166002993,"Вход/выход: 1/0 связей, 35 674/0 KZT; признаков специальной роли недостаточно",3,False,1,0,35674.0,0.0,1,0,0.00028873294491877093,0.0,False,35674.0,0.0,0.0,3.610950002218549e-14,0,0.0,False,other,0.010908036871091688
100000001785161100,peripheral,0.4,30,0.01966523780420912,"Вход/выход: 2/0 связей, 30 000/0 KZT; признаков специальной роли недостаточно",3,False,2,0,30000.0,0.0,2,0,0.0003312208709043081,0.0,False,30000.0,0.0,0.0,1.4012274463378955e-17,0,0.0,False,other,0.02388165659332149
100000001788284100,peripheral,0.4,24,0.012141080242456028,"Вход 8 000, выход 296 700 KZT; возможны пропущенные входящие или начальный остаток; для проверки запросить выписку",3,False,1,5,8000.0,296700.0,1,8,0.000299382680596746,37.0875,False,304700.0,9.795191451469279e-05,1.017630063799897e-20,4.491964654474955e-21,0,0.0,True,missing_incoming,0.014744246263843042
100000001805543100,terminal,0.7,3,0.13747103514657685,"Вход 59 000 KZT от 1 плательщика, выход 0; глубина 1; признаки конечного получателя",1,False,1,0,59000.0,0.0,1,0,0.0002919128593753634,0.0,False,59000.0,0.0,0.0,1.5881069557264504e-15,1,1.0,False,terminal,0.11129744393246987
100000001808684100,peripheral,0.4,6,0.05376244832110975,"Вход/выход: 1/1 связей, 48 400/37 700 KZT; признаков специальной роли недостаточно",3,False,1,1,48400.0,37700.0,3,2,0.001169095718365905,0.7789256198347108,False,86100.0,0.0,1.261578774490688e-20,4.540214613393895e-90,0,0.0,False,other,0.06528964161044239
100000001816678100,peripheral,0.3,2,0.0,"Глубина 4, выход 0, вход 60 000 KZT; обход обрезан, данных для гипотезы о конечном получателе недостаточно",4,False,1,0,60000.0,0.0,1,0,0.0003096552220398208,0.0,True,60000.0,0.0,0.0,1.694122584916372e-16,0,0.0,False,truncated,-0.2876067137249921
100000001818442100,peripheral,0.4,8,0.009661263968346146,"Вход/выход: 1/0 связей, 42 215/0 KZT; признаков специальной роли недостаточно",3,False,1,0,42215.0,0.0,1,0,0.00030129785381765185,0.0,False,42215.0,0.0,0.0,1.1272198238181715e-19,0,0.0,False,other,0.011732733193802955
100000001819396100,terminal,0.7,25,0.017729936277070618,"Вход 166 080 KZT от 1 плательщика, выход 0; глубина 3; признаки конечного получателя",3,False,1,0,166080.0,0.0,1,0,0.0003272175623678337,0.0,False,166080.0,0.0,0.0,7.096382262308451e-31,0,0.0,False,terminal,0.014354271695266764
100000001822623100,terminal,0.7,21,0.017810654654926834,"Вход 201 300 KZT от 1 плательщика, выход 0; глубина 2; признаки конечного получателя",2,False,1,0,201300.0,0.0,1,0,0.0003234925604032018,0.0,False,201300.0,0.0,0.0,2.9852285661487504e-15,0,0.0,False,terminal,0.014419621818834202
100000001822650100,peripheral,0.3,7,0.0,"Глубина 4, выход 0, вход 112 000 KZT; обход обрезан, данных для гипотезы о конечном получателе недостаточно",4,False,1,0,112000.0,0.0,1,0,0.00030590273887598653,0.0,True,112000.0,0.0,0.0,1.3364749262057906e-18,0,0.0,False,truncated,-0.28740313314783456
100000001825934100,peripheral,0.4,37,0.019130036628575507,"Вход 40 000, выход 97 000 KZT; возможны пропущенные входящие или начальный остаток; для проверки запросить выписку",3,False,1,1,40000.0,97000.0,1,1,0.00047586713178590694,2.425,False,137000.0,8.904719501335708e-07,2.2035245369394662e-80,1.6122998766680878e-88,0,0.0,True,missing_incoming,0.023231703065574767
100000001831496100,peripheral,0.4,9,0.011666894559613636,"Вход 25 000, выход 373 000 KZT; возможны пропущенные входящие или начальный остаток; для проверки запросить выписку",3,False,1,1,25000.0,373000.0,1,1,0.0002926355852456805,14.92,False,398000.0,0.0,8.400076107495198e-15,1.755799675836646e-18,0,0.0,True,missing_incoming,0.014168390545653463
100000001835625100,terminal,0.7,5,0.013824444949727302,"Вход 75 130 KZT от 1 плательщика, выход 0; глубина 3; признаки конечного получателя",3,False,1,0,75130.0,0.0,1,0,0.0002880041954654767,0.0,False,75130.0,0.0,0.0,4.543894284991104e-13,0,0.0,False,terminal,0.0111923605219765
100000001837130100,terminal,0.7,0,0.01580789482884982,"Вход 172 900 KZT от 1 плательщика, выход 0; глубина 3; признаки конечного получателя",3,False,1,0,172900.0,0.0,1,0,0.00030090245579956094,0.0,False,172900.0,0.0,0.0,1.7501072360362928e-13,0,0.0,False,terminal,0.012798174441098646
100000001845505100,peripheral,0.3,4,0.0,"Глубина 4, выход 0, вход 20 000 KZT; обход обрезан, данных для гипотезы о конечном получателе недостаточно",4,False,1,0,20000.0,0.0,1,0,0.0005923838494805277,0.0,True,20000.0,0.0,0.0,2.4469121932608153e-108,0,0.0,False,truncated,-0.27061061288590876
100000001848426100,terminal,0.7,6,0.015220974136348273,"Вход 95 530 KZT от 1 плательщика, выход 0; глубина 2; признаки конечного получателя",2,False,1,0,95530.0,0.0,1,0,0.0003036751685665142,0.0,False,95530.0,0.0,0.0,3.0540554251343537e-18,0,0.0,False,terminal,0.012322999632115444
100000001851289100,terminal,0.7,3,0.13840239489721565,"Вход 109 510 KZT от 1 плательщика, выход 0; глубина 1; признаки конечного получателя",1,False,1,0,109510.0,0.0,3,0,0.00029734359625899464,0.0,False,109510.0,0.0,0.0,2.947688012230569e-15,1,1.0,False,terminal,0.1120514788425668
100000001852140100,peripheral,0.4,60,0.03498637573688716,"Вход/выход: 1/0 связей, 30 000/0 KZT; признаков специальной роли недостаточно",3,False,1,0,30000.0,0.0,1,0,0.0008047208113869022,0.0,False,30000.0,0.0,0.0,9.131508432352698e-101,0,0.0,False,other,0.04248779593269998
100000001853812100,terminal,0.7,4,0.014665520020809642,"Вход 70 000 KZT от 1 плательщика, выход 0; глубина 3; признаки конечного получателя",3,False,1,0,70000.0,0.0,1,0,0.00029981142408123165,0.0,False,70000.0,0.0,0.0,4.409426157890466e-15,0,0.0,False,terminal,0.011873300368446521
100000001857829100,distributor,0.55,4,0.21868427851221542,"Отправляет 2 390 993 KZT на 16 получателей, 16 переводов; признаки распределения; возможен неполный вход или начальный остаток",2,False,6,16,888535.0,2390993.0,9,16,0.0006204790252521135,2.690938454872346,False,3279528.0,0.0007978628673196795,4.609171285573109e-13,3.4128678439629204e-14,0,0.0,True,distributor,0.11803214255606524
100000001860090100,peripheral,0.4,6,0.013278934207297696,"Вход/выход: 1/0 связей, 5 000/0 KZT; признаков специальной роли недостаточно",3,False,1,0,5000.0,0.0,1,0,0.0003780365817959729,0.0,False,5000.0,0.0,0.0,1.2035061565112063e-105,0,0.0,False,other,0.016126067216747142
100000001870116100,peripheral,0.4,1,0.09134111571238755,"Вход/выход: 1/0 связей, 24 000/0 KZT; признаков специальной роли недостаточно",1,False,1,0,24000.0,0.0,1,0,0.00029060661309375074,0.0,False,24000.0,0.0,0.0,2.102235768720774e-39,1,1.0,False,other,0.11092554181201826
100000001872484100,peripheral,0.4,57,0.20079814791319953,"Вход/выход: 1/3 связей, 871 400/514 580 KZT; признаков специальной роли недостаточно",1,False,1,3,871400.0,514580.0,13,9,0.002273978764924579,0.5905210006885472,False,1385980.0,0.0,6.020164640373141e-50,7.476243921771558e-38,1,1.0,False,other,0.24385122930024297
100000001875167100,terminal,0.7,5,0.02561905718185687,"Вход 1 000 000 KZT от 1 плательщика, выход 0; глубина 3; признаки конечного получателя",3,False,1,0,1000000.0,0.0,2,0,0.0003179784682913741,0.0,False,1000000.0,0.0,0.0,6.048042439759224e-12,0,0.0,False,terminal,0.02074135527720623
100000001875239100,consolidator,0.65,7,0.08266156877628748,Вход 712 000 KZT от 3 плательщиков; передаёт 0.0%; признаки консолидации,3,False,3,0,712000.0,0.0,3,0,0.00033397863057687676,0.0,False,712000.0,0.0,0.0,2.931427023722906e-16,0,0.0,False,consolidator,0.0401540061429207
100000001884825100,consolidator,0.65,7,0.07970869373317598,Вход 495 000 KZT от 3 плательщиков; передаёт 0.0%; признаки консолидации,3,False,3,0,495000.0,0.0,3,0,0.0003400964668098243,0.0,False,495000.0,0.0,0.0,2.4394867707052466e-17,0,0.0,False,consolidator,0.038719606041692646
100000001887715100,peripheral,0.4,16,0.06269279338149715,"Вход/выход: 3/1 связей, 1 331 500/750 000 KZT; признаков специальной роли недостаточно",3,False,3,1,1331500.0,750000.0,4,1,0.0007309294553868685,0.5632745024408562,False,2081500.0,2.4042742653606412e-05,2.6782873643529724e-41,8.290827594091946e-17,0,0.0,False,other,0.0761347397534401
100000001893287100,peripheral,0.4,6,0.02655096498482759,"Вход 18 000, выход 152 700 KZT; возможны пропущенные входящие или начальный остаток; для проверки запросить выписку",3,False,1,1,18000.0,152700.0,3,14,0.0006184515295005462,8.483333333333333,False,170700.0,0.0,1.0358806892732212e-19,4.332622163440343e-105,0,0.0,True,missing_incoming,0.03224375084105202
100000001899164100,peripheral,0.4,11,0.10340134736660939,"Вход/выход: 4/3 связей, 291 675/76 500 KZT; признаков специальной роли недостаточно",1,False,4,3,291675.0,76500.0,5,3,0.0011765620095510495,0.2622782206222679,False,368175.0,0.00012733748886910063,1.4541555002378392e-92,6.269502730064735e-15,1,0.25,False,other,0.12557160476175713
100000001904863100,terminal,0.7,13,0.03287211347911725,"Вход 500 000 KZT от 1 плательщика, выход 0; глубина 2; признаки конечного получателя",2,False,1,0,500000.0,0.0,1,0,0.0004817984770777493,0.0,False,500000.0,0.0,0.0,1.3651768437355339e-17,0,0.0,False,terminal,0.026613476817010356
100000001924185100,terminal,0.7,9,0.1526708817784031,"Вход 151 000 KZT от 2 плательщиков, выход 0; глубина 1; признаки конечного получателя",1,False,2,0,151000.0,0.0,2,0,0.0003102198760278653,0.0,False,151000.0,0.0,0.0,5.181856751242916e-14,2,1.0,False,terminal,0.12360333859954692
100000001927599100,terminal,0.7,8,0.030824894411930228,"Вход 188 000 KZT от 2 плательщиков, выход 0; глубина 3; признаки конечного получателя",3,False,2,0,188000.0,0.0,2,0,0.0003272554677154655,0.0,False,188000.0,0.0,0.0,1.6694447478930668e-18,0,0.0,False,terminal,0.02495603494858485
100000001929088100,terminal,0.7,6,0.1557520420461188,"Вход 396 010 KZT от 2 плательщиков, выход 0; глубина 1; признаки конечного получателя",1,False,2,0,396010.0,0.0,2,0,0.0003175873990634125,0.0,False,396010.0,0.0,0.0,4.3785096122244014e-16,2,1.0,False,terminal,0.1260978659869155
100000001934935100,terminal,0.7,0,0.014598380575663435,"Вход 118 935 KZT от 1 плательщика, выход 0; глубина 3; признаки конечного получателя",3,False,1,0,118935.0,0.0,1,0,0.0002922677094987423,0.0,False,118935.0,0.0,0.0,3.146874321025932e-14,0,0.0,False,terminal,0.011818943837095391
100000001937767100,peripheral,0.4,13,0.1355320834159688,"Вход 53 000, выход 1 933 000 KZT; возможны пропущенные входящие или начальный остаток; для проверки запросить выписку",1,False,1,4,53000.0,1933000.0,1,6,0.0008921392815659774,36.471698113207545,False,1986000.0,4.541406945681211e-05,6.305706917024562e-17,1.8421574156334634e-19,1,1.0,True,missing_incoming,0.16459148400558796
100000001952325100,terminal,0.7,1,0.13842296945506186,"Вход 77 888 KZT от 1 плательщика, выход 0; глубина 1; признаки конечного получателя",1,False,1,0,77888.0,0.0,2,0,0.0003019170730776952,0.0,False,77888.0,0.0,0.0,6.822455814755153e-39,1,1.0,False,terminal,0.11206813613838103
100000001953577100,peripheral,0.4,1,0.09119445491658344,"Вход/выход: 1/0 связей, 15 600/0 KZT; признаков специальной роли недостаточно",1,False,1,0,15600.0,0.0,1,0,0.00028884355148698975,0.0,False,15600.0,0.0,0.0,1.3664532496685032e-39,1,1.0,False,other,0.1107474355111452
100000001954534100,peripheral,0.4,0,0.01314635195273461,"Вход 13 000, выход 40 000 KZT; возможны пропущенные входящие или начальный остаток; для проверки запросить выписку",3,False,1,1,13000.0,40000.0,1,1,0.0003659515092221361,3.076923076923077,False,53000.0,1.8699910952804988e-05,2.6049608555700787e-97,2.769289420457982e-16,0,0.0,True,missing_incoming,0.0159650580336715
100000001954903100,peripheral,0.4,9,0.009415881561684594,"Вход/выход: 1/0 связей, 27 118/0 KZT; признаков специальной роли недостаточно",2,False,1,0,27118.0,0.0,1,0,0.000298489871320388,0.0,False,27118.0,0.0,0.0,1.700688531502817e-17,0,0.0,False,other,0.011434738405828428
100000001957974100,peripheral,0.3,13,0.0,"Глубина 4, выход 0, вход 500 000 KZT; обход обрезан, данных для гипотезы о конечном получателе недостаточно",4,False,1,0,500000.0,0.0,1,0,0.00032013746769043517,0.0,True,500000.0,0.0,0.0,5.670792598531363e-17,0,0.0,False,truncated,-0.28329540745741527
100000001960517100,terminal,0.7,6,0.1440189738407498,"Вход 200 000 KZT от 1 плательщика, выход 0; глубина 1; признаки конечного получателя",1,False,1,0,200000.0,0.0,1,0,0.00035922049322186785,0.0,False,200000.0,0.0,0.0,1.1573668866384674e-18,1,1.0,False,terminal,0.1165986976759288
100000001961048100,terminal,0.7,30,0.01582997667029616,"Вход 150 000 KZT от 1 плательщика, выход 0; глубина 2; признаки конечного получателя",2,False,1,0,150000.0,0.0,1,0,0.00030430933928482544,0.0,False,150000.0,0.0,0.0,1.163531236922678e-15,0,0.0,False,terminal,0.012816052043516343
100000001965374100,peripheral,0.4,22,0.10071640179000682,"Вход 1 759 720, выход 3 082 100 KZT; возможны пропущенные входящие или начальный остаток; для проверки запросить выписку",2,False,2,3,1759720.0,3082100.0,8,5,0.0012816556260608727,1.7514718250630783,False,4841820.0,5.3428317008014254e-06,4.867014551896149e-21,5.508952646451278e-05,0,0.0,True,missing_incoming,0.12231098066605178
100000001969496100,peripheral,0.4,13,0.009058100538864916,"Вход/выход: 1/0 связей, 22 740/0 KZT; признаков специальной роли недостаточно",3,False,1,0,22740.0,0.0,1,0,0.0002919967925367141,0.0,False,22740.0,0.0,0.0,1.5970753851410134e-18,0,0.0,False,other,0.011000245642117325
100000001985793100,terminal,0.7,26,0.02378554298275092,"Вход 420 000 KZT от 1 плательщика, выход 0; глубина 2; признаки конечного получателя",2,False,1,0,420000.0,0.0,1,0,0.0003726610761384928,0.0,False,420000.0,0.0,0.0,9.595951553524727e-19,0,0.0,False,terminal,0.01925693025955215
100000001987030100,peripheral,0.4,14,0.05953315968014067,"Вход/выход: 2/1 связей, 30 864/19 000 KZT; признаков специальной роли недостаточно",1,False,2,1,30864.0,19000.0,2,1,0.0002938727535543705,0.6156039398652151,False,49864.0,5.621215717276048e-05,2.6836700086861933e-19,1.973288723354967e-16,1,0.5,False,other,0.07229764976918727
100000001991973100,peripheral,0.3,18,0.0,"Глубина 4, выход 0, вход 20 800 KZT; обход обрезан, данных для гипотезы о конечном получателе недостаточно",4,False,1,0,20800.0,0.0,1,0,0.00029670040623963227,0.0,True,20800.0,0.0,0.0,4.306370913333574e-21,0,0.0,False,truncated,-0.28872762615568937
100000002015633100,terminal,0.7,5,0.014077459002173004,"Вход 94 970 KZT от 1 плательщика, выход 0; глубина 3; признаки конечного получателя",3,False,1,0,94970.0,0.0,1,0,0.0002886471934791066,0.0,False,94970.0,0.0,0.0,5.743825905039335e-13,0,0.0,False,terminal,0.01139720234400961
100000002028158100,peripheral,0.4,14,0.00937528923187265,"Вход/выход: 1/0 связей, 34 800/0 KZT; признаков специальной роли недостаточно",2,False,1,0,34800.0,0.0,1,0,0.00029664059842346733,0.0,False,34800.0,0.0,0.0,5.3427114208840465e-18,0,0.0,False,other,0.011385442684589592
100000002032323100,peripheral,0.4,28,0.02397484332073595,"Вход 300 000, выход 1 050 000 KZT; возможны пропущенные входящие или начальный остаток; для проверки запросить выписку",3,False,1,1,300000.0,1050000.0,1,2,0.00040405018679958674,3.5,False,1350000.0,1.8737385724253492e-05,7.202623974014146e-35,8.029343914541955e-19,0,0.0,True,missing_incoming,0.0291152835661084
100000002087788100,terminal,0.7,5,0.0421409551804269,"Вход 100 500 KZT от 1 плательщика, выход 0; глубина 2; признаки конечного получателя",2,False,1,0,100500.0,0.0,1,0,0.0006585724738436674,0.0,False,100500.0,0.0,0.0,3.4472217963441956e-78,0,0.0,False,terminal,0.0341175913271726
100000002095257100,peripheral,0.4,11,0.014246660448680221,"Вход/выход: 1/0 связей, 8 500/0 KZT; признаков специальной роли недостаточно",3,False,1,0,8500.0,0.0,1,0,0.0003967338202422219,0.0,False,8500.0,0.0,0.0,4.009177586899624e-20,0,0.0,False,other,0.017301283402950424
100000002103448100,peripheral,0.4,1,0.008975634304645246,"Вход/выход: 1/0 связей, 27 000/0 KZT; признаков специальной роли недостаточно",3,False,1,0,27000.0,0.0,1,0,0.000289783394255228,0.0,False,27000.0,0.0,0.0,4.1007349081411625e-42,0,0.0,False,other,0.010900097842950766
100000002109656100,terminal,0.7,10,0.019818938998787613,"Вход 500 000 KZT от 1 плательщика, выход 0; глубина 3; признаки конечного получателя",3,False,1,0,500000.0,0.0,1,0,0.00030938521828855235,0.0,False,500000.0,0.0,0.0,7.273669052186639e-17,0,0.0,False,terminal,0.01604554188208956
100000002116705100,peripheral,0.4,1,0.008837043793244608,"Вход/выход: 1/0 связей, 17 600/0 KZT; признаков специальной роли недостаточно",3,False,1,0,17600.0,0.0,1,0,0.00028831626313090915,0.0,False,17600.0,0.0,0.0,2.6730716438253503e-42,0,0.0,False,other,0.010731792174170375
100000002119762100,peripheral,0.3,5,0.0,"Глубина 4, выход 0, вход 77 000 KZT; обход обрезан, данных для гипотезы о конечном получателе недостаточно",4,False,1,0,77000.0,0.0,6,0,0.0005295245957280118,0.0,True,77000.0,0.0,0.0,3.659567431918417e-83,0,0.0,False,truncated,-0.2739882443007902
100000002121357100,peripheral,0.4,7,0.021900217057987895,"Вход/выход: 2/1 связей, 255 300/113 000 KZT; признаков специальной роли недостаточно",3,False,2,1,255300.0,113000.0,2,1,0.00032627377480928593,0.4426165295730513,False,368300.0,2.048085485307213e-05,1.8222715566316954e-77,1.9991864147553822e-18,0,0.0,False,other,0.026595837197866137
100000002126791100,peripheral,0.3,7,0.0,"Глубина 4, выход 0, вход 1 313 000 KZT; обход обрезан, данных для гипотезы о конечном получателе недостаточно",4,False,1,0,1313000.0,0.0,3,0,0.000571680600606073,0.0,True,1313000.0,0.0,0.0,3.386193668975099e-30,0,0.0,False,truncated,-0.26109831763293057
100000002130400100,peripheral,0.3,37,0.0,"Глубина 4, выход 0, вход 10 000 KZT; обход обрезан, данных для гипотезы о конечном получателе недостаточно",4,False,1,0,10000.0,0.0,1,0,0.00031754580623604263,0.0,True,10000.0,0.0,0.0,5.687432855874337e-81,0,0.0,False,truncated,-0.28753997627020395
100000002132479100,peripheral,0.4,13,0.02509494774720582,"Вход/выход: 1/1 связей, 30 000/20 000 KZT; признаков специальной роли недостаточно",2,False,1,1,30000.0,20000.0,2,1,0.0006060232510344739,0.6666666666666666,False,50000.0,0.0,1.0393806190139866e-18,1.3968816154689666e-96,0,0.0,False,other,0.03047554930649457
100000002152857100,peripheral,0.4,26,0.10080201511782333,"Вход 105 000, выход 1 230 000 KZT; возможны пропущенные входящие или начальный остаток; для проверки запросить выписку",1,False,1,5,105000.0,1230000.0,1,6,0.0002997108402620942,11.714285714285714,False,1335000.0,0.0,8.730070951803674e-18,5.2274456704842316e-17,1,1.0,True,missing_incoming,0.12241495032637738
100000002156381100,peripheral,0.4,33,0.058183401498864175,"Вход/выход: 2/1 связей, 61 000/21 800 KZT; признаков специальной роли недостаточно",2,False,2,1,61000.0,21800.0,7,3,0.001080775830716409,0.35737704918032787,False,82800.0,4.096170970614426e-05,6.565190037063678e-109,2.0083627614425128e-69,0,0.0,False,other,0.07065849026904779
100000002158488100,peripheral,0.4,1,0.09147595634643457,"Вход/выход: 1/0 связей, 31 723/0 KZT; признаков специальной роли недостаточно",1,False,1,0,31723.0,0.0,1,0,0.00029222758033053823,0.0,False,31723.0,0.0,0.0,2.7787177204637132e-39,1,1.0,False,other,0.11108929359316619
100000002170580100,terminal,0.7,9,0.019821987190972418,"Вход 150 000 KZT от 1 плательщика, выход 0; глубина 2; признаки конечного получателя",2,False,1,0,150000.0,0.0,1,0,0.0003570379336989844,0.0,False,150000.0,0.0,0.0,9.407156859850378e-17,0,0.0,False,terminal,0.016048009718302635
100000002173070100,peripheral,0.4,3,0.009034334279689528,"Вход/выход: 1/0 связей, 30 000/0 KZT; признаков специальной роли недостаточно",2,False,1,0,30000.0,0.0,1,0,0.00029053829816639534,0.0,False,30000.0,0.0,0.0,3.883979668892572e-17,0,0.0,False,other,0.010971383665171744
100000002173161100,consolidator,0.65,3,0.17636296237476026,Вход 1 427 500 KZT от 3 плательщиков; передаёт 0.0%; признаки консолидации,1,False,3,0,1427500.0,0.0,5,0,0.0004354146921033433,0.0,False,1427500.0,0.0,0.0,2.3739552817302556e-14,1,0.3333333333333333,False,consolidator,0.08567076066201257
100000002175422100,peripheral,0.4,31,0.066797178882929,"Вход 68 500, выход 1 621 188 KZT; возможны пропущенные входящие или начальный остаток; для проверки запросить выписку",2,False,3,6,68500.0,1621188.0,5,14,0.0008458861317816027,23.66697810218978,False,1689688.0,0.0001495992876224399,7.220534698461041e-16,1.3905169379522443e-63,0,0.0,True,missing_incoming,0.08111914553829278
100000002182176100,peripheral,0.4,0,0.0916158491809234,"Вход/выход: 1/0 связей, 42 465/0 KZT; признаков специальной роли недостаточно",1,False,1,0,42465.0,0.0,1,0,0.0002935379543676395,0.0,False,42465.0,0.0,0.0,1.4835318807744194e-14,1,1.0,False,other,0.11125918081580702
100000002184107100,peripheral,0.4,35,0.008852724667503078,"Вход/выход: 1/0 связей, 6 066/0 KZT; признаков специальной роли недостаточно",3,False,1,0,6066.0,0.0,1,0,0.0002901959794883712,0.0,False,6066.0,0.0,0.0,7.91889577920482e-45,0,0.0,False,other,0.010750835180812464
100000002185328100,peripheral,0.4,20,0.01317918104465765,"Вход 15 000, выход 55 000 KZT; возможны пропущенные входящие или начальный остаток; для проверки запросить выписку",3,False,1,4,15000.0,55000.0,1,4,0.0003518471698066024,3.6666666666666665,False,70000.0,9.814821093656591e-05,5.929380385412999e-88,7.172656946001946e-88,0,0.0,True,missing_incoming,0.016004926003099707
100000002188586100,peripheral,0.3,8,0.0,"Глубина 4, выход 0, вход 38 310 KZT; обход обрезан, данных для гипотезы о конечном получателе недостаточно",4,False,1,0,38310.0,0.0,1,0,0.0002999098387129135,0.0,True,38310.0,0.0,0.0,8.762217938476437e-20,0,0.0,False,truncated,-0.2883849047458941
100000002188829100,terminal,0.7,2,0.1465666069459134,"Вход 400 000 KZT от 1 плательщика, выход 0; глубина 1; признаки конечного получателя",1,False,1,0,400000.0,0.0,1,0,0.0003656638677221497,0.0,False,400000.0,0.0,0.0,1.9650441262560664e-13,1,1.0,False,terminal,0.11866127800334193
100000002193259100,peripheral,0.4,11,0.04893928208195631,"Вход 48 000, выход 58 000 KZT; возможны пропущенные входящие или начальный остаток; для проверки запросить выписку",2,False,2,3,48000.0,58000.0,2,3,0.0008908421386694423,1.2083333333333333,False,106000.0,6.41139804096171e-05,1.8023835782315912e-17,4.491680381725267e-91,0,0.0,True,missing_incoming,0.05943234148710951
100000002194320100,peripheral,0.3,59,0.0,"Глубина 4, выход 0, вход 275 000 KZT; обход обрезан, данных для гипотезы о конечном получателе недостаточно",4,False,1,0,275000.0,0.0,1,0,0.00048656793463182596,0.0,True,275000.0,0.0,0.0,2.7573812397431797e-50,0,0.0,False,truncated,-0.2749702766440354
100000002194329100,peripheral,0.4,0,0.00882192195023935,"Вход/выход: 1/0 связей, 25 170/0 KZT; признаков специальной роли недостаточно",3,False,1,0,25170.0,0.0,1,0,0.00028698686778801547,0.0,False,25170.0,0.0,0.0,6.659673490580797e-15,0,0.0,False,other,0.010713428060534668
100000002199091100,terminal,0.7,1,0.01520714856844839,"Вход 65 000 KZT от 1 плательщика, выход 0; глубина 2; признаки конечного получателя",2,False,1,0,65000.0,0.0,1,0,0.0003076457194062819,0.0,False,65000.0,0.0,0.0,8.739511974951789e-36,0,0.0,False,terminal,0.01231180636244572
100000002205022100,peripheral,0.4,56,0.025717405599088024,"Вход 7 100, выход 518 000 KZT; возможны пропущенные входящие или начальный остаток; для проверки запросить выписку",2,False,1,3,7100.0,518000.0,1,3,0.0005456370301467018,72.95774647887323,False,525100.0,5.1647373107747106e-05,4.7957733022583665e-20,1.117989092573967e-127,0,0.0,True,missing_incoming,0.031231468192931103
100000002208836100,peripheral,0.3,5,0.0,"Глубина 4, выход 0, вход 90 000 KZT; обход обрезан, данных для гипотезы о конечном получателе недостаточно",4,False,1,0,90000.0,0.0,1,0,0.0003298185449195238,0.0,True,90000.0,0.0,0.0,1.4196510638866783e-50,0,0.0,False,truncated,-0.2861206729120272
100000002211413100,peripheral,0.4,1,0.09156809075351292,"Вход/выход: 1/0 связей, 37 000/0 KZT; признаков специальной роли недостаточно",1,False,1,0,37000.0,0.0,1,0,0.00029333516081849983,0.0,False,37000.0,0.0,0.0,3.240946810111194e-39,1,1.0,False,other,0.11120118251575037
100000002212494100,terminal,0.7,31,0.01989518700551776,"Вход 160 000 KZT от 1 плательщика, выход 0; глубина 3; признаки конечного получателя",3,False,1,0,160000.0,0.0,1,0,0.00035664443990538483,0.0,False,160000.0,0.0,0.0,3.0232653428090187e-17,0,0.0,False,terminal,0.016107272764125644
100000002214207100,peripheral,0.3,37,0.0,"Глубина 4, выход 0, вход 97 000 KZT; обход обрезан, данных для гипотезы о конечном получателе недостаточно",4,False,1,0,97000.0,0.0,1,0,0.0006906066279546782,0.0,True,97000.0,0.0,0.0,7.507807780127232e-79,0,0.0,False,truncated,-0.2639480840994157
100000002214301100,peripheral,0.4,0,0.09206630525113113,"Вход/выход: 1/1 связей, 21 438/8 000 KZT; признаков специальной роли недостаточно",1,False,1,1,21438.0,8000.0,1,1,0.00028959218686542876,0.373169138912212,False,29438.0,9.349955476402494e-05,1.345299137998821e-50,7.489451656668315e-15,1,1.0,False,other,0.11180621906096751
100000002214383100,peripheral,0.3,1,0.0,"Глубина 4, выход 0, вход 213 000 KZT; обход обрезан, данных для гипотезы о конечном получателе недостаточно",4,False,1,0,213000.0,0.0,1,0,0.0005308718022156257,0.0,True,213000.0,0.0,0.0,3.6698770910850056e-64,0,0.0,False,truncated,-0.27277167398241214
100000002214570100,peripheral,0.4,1,0.09138425842981991,"Вход/выход: 1/0 связей, 26 471/0 KZT; признаков специальной роли недостаточно",1,False,1,0,26471.0,0.0,1,0,0.0002911252470497396,0.0,False,26471.0,0.0,0.0,2.3186784597419838e-39,1,1.0,False,other,0.11097793474885842
100000002214664100,peripheral,0.4,1,0.009230148235730151,"Вход 7 950, выход 76 950 KZT; возможны пропущенные входящие или начальный остаток; для проверки запросить выписку",3,False,1,1,7950.0,76950.0,1,2,0.0002868101125617946,9.679245283018869,False,84900.0,8.904719501335708e-07,8.285925926623154e-85,1.2074386118415644e-42,0,0.0,True,missing_incoming,0.01120918204324887
100000002216999100,peripheral,0.4,1,0.00892664108449798,"Вход/выход: 1/0 связей, 23 677/0 KZT; признаков специальной роли недостаточно",3,False,1,0,23677.0,0.0,1,0,0.0002892647477950034,0.0,False,23677.0,0.0,0.0,3.5960407562984557e-42,0,0.0,False,other,0.010840599998551062
100000002217161100,peripheral,0.4,35,0.058535550683811215,"Вход 404 750, выход 995 132 KZT; возможны пропущенные входящие или начальный остаток; для проверки запросить выписку",2,False,2,7,404750.0,995132.0,15,19,0.0008915694561715996,2.4586337245213095,False,1399882.0,0.0001495992876224399,1.7685440556909256e-43,6.336704971534197e-17,0,0.0,True,missing_incoming,0.07108614367391652
100000002217806100,peripheral,0.3,38,0.0,"Глубина 4, выход 0, вход 55 000 KZT; обход обрезан, данных для гипотезы о конечном получателе недостаточно",4,False,1,0,55000.0,0.0,2,0,0.0004637601733272149,0.0,True,55000.0,0.0,0.0,4.967612186891873e-84,0,0.0,False,truncated,-0.278202663050997
100000002224132100,peripheral,0.4,22,0.44154444168090223,"Вход 3 951 020, выход 12 115 000 KZT; возможны пропущенные входящие или начальный остаток; для проверки запросить выписку",2,False,5,4,3951020.0,12115000.0,10,25,0.005995733195474429,3.0662968043695047,False,16066020.0,1.7809439002671416e-05,0.9788379843336678,0.00040586245167144997,0,0.0,True,missing_incoming,0.5362158765583896
100000002227960100,peripheral,0.3,20,0.0,"Глубина 4, выход 0, вход 10 000 KZT; обход обрезан, данных для гипотезы о конечном получателе недостаточно",4,False,1,0,10000.0,0.0,1,0,0.00029943768321597685,0.0,True,10000.0,0.0,0.0,1.2988049796532117e-66,0,0.0,False,truncated,-0.2886498994119246
100000002227989100,peripheral,0.3,20,0.0,"Глубина 4, выход 0, вход 20 000 KZT; обход обрезан, данных для гипотезы о конечном получателе недостаточно",4,False,1,0,20000.0,0.0,1,0,0.00039446042046132154,0.0,True,20000.0,0.0,0.0,7.513228524105694e-87,0,0.0,False,truncated,-0.2827421736177244
100000002229615100,peripheral,0.3,20,0.0,"Глубина 4, выход 0, вход 25 000 KZT; обход обрезан, данных для гипотезы о конечном получателе недостаточно",4,False,1,0,25000.0,0.0,1,0,0.0007184983881728359,0.0,True,25000.0,0.0,0.0,3.595414325170328e-104,0,0.0,False,truncated,-0.2628388305735156
100000002231144100,peripheral,0.3,20,0.0,"Глубина 4, выход 0, вход 15 000 KZT; обход обрезан, данных для гипотезы о конечном получателе недостаточно",4,False,1,0,15000.0,0.0,1,0,0.0003672376389003139,0.0,True,15000.0,0.0,0.0,5.634921393079271e-87,0,0.0,False,truncated,-0.2844524635466266
100000002232266100,peripheral,0.4,4,0.00934863542897344,"Вход/выход: 1/0 связей, 45 000/0 KZT; признаков специальной роли недостаточно",3,False,1,0,45000.0,0.0,1,0,0.0002947249491298242,0.0,False,45000.0,0.0,0.0,2.8346311015010144e-15,0,0.0,False,other,0.011353074046382288
100000002236528100,terminal,0.7,6,0.015186866186874391,"Вход 66 000 KZT от 1 плательщика, выход 0; глубина 3; признаки конечного получателя",3,False,1,0,66000.0,0.0,1,0,0.0003072417833612642,0.0,False,66000.0,0.0,0.0,4.815083415264822e-17,0,0.0,False,terminal,0.012295385614441299
100000002241986100,peripheral,0.4,39,0.03297175177722505,"Вход 280 000, выход 3 077 000 KZT; возможны пропущенные входящие или начальный остаток; для проверки запросить выписку",3,False,1,6,280000.0,3077000.0,1,12,0.00029464386295803416,10.989285714285714,False,3357000.0,0.00011219946571682993,2.022409230621442e-20,1.6934518831325824e-12,0,0.0,True,missing_incoming,0.040041216946554686
100000002242066100,peripheral,0.3,35,0.0,"Глубина 4, выход 0, вход 60 000 KZT; обход обрезан, данных для гипотезы о конечном получателе недостаточно",4,False,1,0,60000.0,0.0,1,0,0.0005337841025658814,0.0,True,60000.0,0.0,0.0,8.032159760405108e-88,0,0.0,False,truncated,-0.2738689104778995
100000002242455100,peripheral,0.3,5,0.0,"Глубина 4, выход 0, вход 110 000 KZT; обход обрезан, данных для гипотезы о конечном получателе недостаточно",4,False,1,0,110000.0,0.0,1,0,0.0005321740677312218,0.0,True,110000.0,0.0,0.0,1.6757685415713962e-76,0,0.0,False,truncated,-0.2735506866050342
100000002243354100,peripheral,0.4,1,0.0912866242428989,"Вход/выход: 1/0 связей, 20 879/0 KZT; признаков специальной роли недостаточно",1,False,1,0,20879.0,0.0,1,0,0.0002899515517515244,0.0,False,20879.0,0.0,0.0,1.8288575256300434e-39,1,1.0,False,other,0.1108593668399915
100000002255058100,terminal,0.7,2,0.028569885803676236,"Вход 491 500 KZT от 1 плательщика, выход 0; глубина 3; признаки конечного получателя",3,False,1,0,491500.0,0.0,2,0,0.0004261286722180512,0.0,False,491500.0,0.0,0.0,2.56940453198322e-16,0,0.0,False,terminal,0.023130365316601762
100000002257794100,terminal,0.7,23,0.05798976774354202,"Вход 154 000 KZT от 1 плательщика, выход 0; глубина 3; признаки конечного получателя",3,False,1,0,154000.0,0.0,1,0,0.000860634101132436,0.0,False,154000.0,0.0,0.0,3.218989555219724e-70,0,0.0,False,terminal,0.046948893031991776
100000002258492100,peripheral,0.3,19,0.0,"Глубина 4, выход 0, вход 9 000 KZT; обход обрезан, данных для гипотезы о конечном получателе недостаточно",4,False,1,0,9000.0,0.0,1,0,0.0005401265380892354,0.0,True,9000.0,0.0,0.0,2.9974812657417382e-123,0,0.0,False,truncated,-0.27390540377076883
100000002267998100,peripheral,0.4,21,0.09371574527399597,"Вход 420 000, выход 1 115 000 KZT; возможны пропущенные входящие или начальный остаток; для проверки запросить выписку",2,False,2,3,420000.0,1115000.0,4,12,0.001584831723805679,2.6547619047619047,False,1535000.0,5.621215717276048e-05,2.9569689953084405e-15,2.2298658915072776e-17,0,0.0,True,missing_incoming,0.11380931511246337
100000002284426100,terminal,0.7,5,0.0140140779618174,"Вход 90 000 KZT от 1 плательщика, выход 0; глубина 3; признаки конечного получателя",3,False,1,0,90000.0,0.0,2,0,0.00028848611988395835,0.0,False,90000.0,0.0,0.0,5.443238195783301e-13,0,0.0,False,terminal,0.011345888641615225
100000002289937100,peripheral,0.4,1,0.09127127723819511,"Вход/выход: 1/0 связей, 20 000/0 KZT; признаков специальной роли недостаточно",1,False,1,0,20000.0,0.0,1,0,0.0002897670599476741,0.0,False,20000.0,0.0,0.0,1.7518631406006452e-39,1,1.0,False,other,0.110840729287793
100000002293421100,transit,0.753658536585366,0,0.10539198339984078,"Вход 41 000, выход 47 000 KZT; передаёт 114.6%; 2/2 связей; признаки транзита",2,False,2,2,41000.0,47000.0,6,5,0.0009748338691844299,1.146341463414634,False,88000.0,1.8699910952804988e-05,1.7874228256369562e-16,6.37879799667051e-20,0,0.0,False,transit,0.06399452628803998
100000002299948100,peripheral,0.4,32,0.008999735303327592,"Вход/выход: 1/0 связей, 6 750/0 KZT; признаков специальной роли недостаточно",2,False,1,0,6750.0,0.0,1,0,0.00029301562294545036,0.0,False,6750.0,0.0,0.0,3.852462785770013e-71,0,0.0,False,other,0.010929366330818464
100000002301828100,peripheral,0.4,15,0.00927330141209235,"Вход/выход: 1/0 связей, 46 977/0 KZT; признаков специальной роли недостаточно",3,False,1,0,46977.0,0.0,1,0,0.00029296342924915497,0.0,False,46977.0,0.0,0.0,2.7535267291190086e-15,0,0.0,False,other,0.011261587681515415
100000002304943100,peripheral,0.3,20,0.0,"Глубина 4, выход 0, вход 15 000 KZT; обход обрезан, данных для гипотезы о конечном получателе недостаточно",4,False,1,0,15000.0,0.0,1,0,0.00030637187771531986,0.0,True,15000.0,0.0,0.0,1.9482074694798177e-66,0,0.0,False,truncated,-0.2881831824512202
100000002305007100,terminal,0.7,1,0.014104801163981457,"Вход 56 000 KZT от 1 плательщика, выход 0; глубина 3; признаки конечного получателя",3,False,1,0,56000.0,0.0,1,0,0.0002943096498515308,0.0,False,56000.0,0.0,0.0,8.505227957626115e-42,0,0.0,False,terminal,0.01141933873599665
100000002305477100,peripheral,0.3,20,0.0,"Глубина 4, выход 0, вход 20 000 KZT; обход обрезан, данных для гипотезы о конечном получателе недостаточно",4,False,1,0,20000.0,0.0,1,0,0.0003133060722146628,0.0,True,20000.0,0.0,0.0,2.5976099593064234e-66,0,0.0,False,truncated,-0.2877164654905159
100000002306369100,peripheral,0.4,2,0.09404982680129069,"Вход 73 166, выход 260 900 KZT; возможны пропущенные входящие или начальный остаток; для проверки запросить выписку",1,False,1,6,73166.0,260900.0,1,9,0.00029929907141169583,3.5658639258672062,False,334066.0,1.7845129261193803e-05,1.547163740526393e-15,2.5560836827679537e-14,1,1.0,True,missing_incoming,0.11421502697765715
100000002308091100,terminal,0.7,10,0.035649952227567054,"Вход 186 720 KZT от 1 плательщика, выход 0; глубина 3; признаки конечного получателя",3,False,1,0,186720.0,0.0,1,0,0.0005611068728343333,0.0,False,186720.0,0.0,0.0,1.3132383900137455e-66,0,0.0,False,terminal,0.028862433130093984
100000002320495100,peripheral,0.3,15,0.0,"Глубина 4, выход 0, вход 13 526 KZT; обход обрезан, данных для гипотезы о конечном получателе недостаточно",4,False,1,0,13526.27,0.0,1,0,0.0005354179344206217,0.0,True,13526.27,0.0,0.0,1.2161434805029854e-115,0,0.0,False,truncated,-0.27415627300848694
100000002324543100,peripheral,0.4,6,0.09129316020894572,"Вход/выход: 1/0 связей, 30 202/0 KZT; признаков специальной роли недостаточно",1,False,1,0,30202.0,0.0,1,0,0.0002888127877964788,0.0,False,30202.0,0.0,0.0,1.8323680051012446e-17,1,1.0,False,other,0.11086730418090696
100000002335358100,terminal,0.7,3,0.03905867059218036,"Вход 140 000 KZT от 1 плательщика, выход 0; глубина 2; признаки конечного получателя",2,False,1,0,140000.0,0.0,2,0,0.0006124866171005886,0.0,False,140000.0,0.0,0.0,1.3746057636332906e-69,0,0.0,False,terminal,0.03162215368259159
100000002340562100,peripheral,0.4,6,0.02120945859005937,"Вход/выход: 1/0 связей, 36 650/0 KZT; признаков специальной роли недостаточно",2,False,1,0,36650.0,0.0,2,0,0.0005308569205030125,0.0,False,36650.0,0.0,0.0,5.006216964396887e-97,0,0.0,False,other,0.02575697337713639
100000002343825100,peripheral,0.4,7,0.03150021603119506,"Вход/выход: 3/2 связей, 350 000/89 800 KZT; признаков специальной роли недостаточно",3,False,3,2,350000.0,89800.0,4,2,0.00033359725354762797,0.25657142857142856,False,439800.0,4.096170970614426e-05,2.3395983017388786e-88,2.661967134416672e-17,0,0.0,False,other,0.03825416958402732
100000002346166100,peripheral,0.4,1,0.008666017204707653,"Вход/выход: 1/0 связей, 6 000/0 KZT; признаков специальной роли недостаточно",3,False,1,0,6000.0,0.0,1,0,0.00028650576089238805,0.0,False,6000.0,0.0,0.0,9.112744240313696e-43,0,0.0,False,other,0.010524095816952022
100000002356167100,peripheral,0.4,5,0.011626269445020062,"Вход/выход: 1/2 связей, 300 000/29 500 KZT; признаков специальной роли недостаточно",3,False,1,2,300000.0,29500.0,1,3,0.0002952920464395158,0.09833333333333333,False,329500.0,3.7399821905609976e-05,1.3915541748303081e-106,1.8144127319277672e-12,0,0.0,False,other,0.014119055010256053
100000002369443100,terminal,0.7,1,0.013972108121151057,"Вход 50 000 KZT от 1 плательщика, выход 0; глубина 3; признаки конечного получателя",3,False,1,0,50000.0,0.0,1,0,0.00029337318317643364,0.0,False,50000.0,0.0,0.0,7.593953533594747e-42,0,0.0,False,terminal,0.011311909585711292
100000002369454100,peripheral,0.3,4,0.0,"Глубина 4, выход 0, вход 25 000 KZT; обход обрезан, данных для гипотезы о конечном получателе недостаточно",4,False,1,0,25000.0,0.0,1,0,0.0004288818435522477,0.0,True,25000.0,0.0,0.0,7.540130342859604e-98,0,0.0,False,truncated,-0.28059064862463834
100000002369510100,peripheral,0.4,1,0.009125282569615086,"Вход/выход: 1/0 связей, 37 150/0 KZT; признаков специальной роли недостаточно",3,False,1,0,37150.0,0.0,1,0,0.000291367583713934,0.0,False,37150.0,0.0,0.0,5.642307475460896e-42,0,0.0,False,other,0.011081832155516828
100000002369874100,consolidator,0.7,7,0.10260809606150806,Вход 600 000 KZT от 4 плательщиков; передаёт 0.0%; признаки консолидации,3,False,4,0,600000.0,0.0,4,0,0.00033734785491165925,0.0,False,600000.0,0.0,0.0,2.6043278306994946e-16,0,0.0,False,consolidator,0.049843309055962445
100000002371751100,peripheral,0.4,62,0.10627746187943829,"Вход 200 000, выход 250 000 KZT; возможны пропущенные входящие или начальный остаток; для проверки запросить выписку",1,False,1,1,200000.0,250000.0,5,1,0.0005285862410602082,1.25,False,450000.0,0.0,2.719706033570032e-62,2.446912193260816e-65,1,1.0,True,missing_incoming,0.12906438627817218
100000002371892100,peripheral,0.3,53,0.0,"Глубина 4, выход 0, вход 43 830 KZT; обход обрезан, данных для гипотезы о конечном получателе недостаточно",4,False,1,0,43830.0,0.0,1,0,0.00030653262004379635,0.0,True,43830.0,0.0,0.0,7.43293843975569e-49,0,0.0,False,truncated,-0.2879329397493571
100000002373144100,peripheral,0.4,0,0.009326314437302897,"Вход/выход: 1/1 связей, 46 468/10 764 KZT; признаков специальной роли недостаточно",3,False,1,1,46468.0,10764.0,1,1,0.00028969018116006086,0.2316432813979513,False,57232.0,1.8699910952804988e-05,2.147849777733701e-122,4.703527070221773e-14,0,0.0,False,other,0.011325967216390932
100000002373386100,peripheral,0.4,1,0.008931403290368446,"Вход/выход: 1/0 связей, 24 000/0 KZT; признаков специальной роли недостаточно",3,False,1,0,24000.0,0.0,1,0,0.0002893151609176794,0.0,False,24000.0,0.0,0.0,3.6450976961254783e-42,0,0.0,False,other,0.010846383267808086
100000002380341100,terminal,0.7,0,0.015243457150160561,"Вход 57 566 KZT от 1 плательщика, выход 0; глубина 3; признаки конечного получателя",3,False,1,0,57566.4,0.0,1,0,0.0003091365365238758,0.0,False,57566.4,0.0,0.0,1.3073946637354732e-15,0,0.0,False,terminal,0.012341202026289156
100000002391278100,peripheral,0.4,26,0.01448299059069604,"Вход 30 000, выход 52 700 KZT; возможны пропущенные входящие или начальный остаток; для проверки запросить выписку",3,False,1,1,30000.0,52700.0,5,2,0.00039132234113293564,1.7566666666666666,False,82700.0,0.0,4.975732800758909e-20,1.5594866213848508e-43,0,0.0,True,missing_incoming,0.017588285032448372
100000002394199100,peripheral,0.4,6,0.14639068593112914,"Вход/выход: 1/1 связей, 277 398/76 777 KZT; признаков специальной роли недостаточно",3,False,1,1,277398.0,76777.0,3,1,0.002967852391512187,0.2767756076107254,False,354175.0,0.0,6.999946505065488e-82,3.2117227608201456e-59,0,0.0,False,other,0.17777827680882227
100000002398779100,consolidator,0.95,0,0.46505401706299015,Вход 1 095 690 KZT от 13 плательщиков; передаёт 6.0%; признаки консолидации,2,False,13,1,1095690.0,66000.0,28,3,0.0016005031258790245,0.06023601566136407,False,1161690.0,2.1414155113432564e-05,7.86077077074244e-19,3.2002501682564165e-15,0,0.0,False,consolidator,0.22590645368073473
100000002404112100,peripheral,0.3,25,0.0,"Глубина 4, выход 0, вход 60 000 KZT; обход обрезан, данных для гипотезы о конечном получателе недостаточно",4,False,1,0,60000.0,0.0,1,0,0.0003300834785756558,0.0,True,60000.0,0.0,0.0,1.3740190486743665e-23,0,0.0,False,truncated,-0.28635457982635426
100000002432143100,terminal,0.7,2,0.01746551619378787,"Вход 81 310 KZT от 1 плательщика, выход 0; глубина 2; признаки конечного получателя",2,False,1,0,81310.0,0.0,1,0,0.00033525669770259663,0.0,False,81310.0,0.0,0.0,4.153016077935949e-15,0,0.0,False,terminal,0.014140195476502559
100000002433697100,transit,0.7461538461538462,5,0.021171733823305276,"Вход 130 000, выход 110 000 KZT; передаёт 84.6%; 1/1 связей; признаки транзита",3,False,1,1,130000.0,110000.0,1,1,0.0002897824868469217,0.8461538461538461,False,240000.0,1.8699910952804988e-05,5.577501941425273e-78,7.862455171686991e-13,0,0.0,False,transit,0.012855580026221818
100000002435265100,terminal,0.7,0,0.0147977914360657,"Вход 132 628 KZT от 1 плательщика, выход 0; глубина 3; признаки конечного получателя",3,False,1,0,132628.0,0.0,3,0,0.00029303889880759933,0.0,False,132628.0,0.0,0.0,3.509174317476162e-14,0,0.0,False,terminal,0.011980388166306142
100000002443664100,consolidator,0.65,10,0.08060354486866152,Вход 556 880 KZT от 3 плательщиков; передаёт 0.0%; признаки консолидации,2,False,3,0,556880.0,0.0,3,0,0.0003387703864093913,0.0,False,556880.0,0.0,0.0,1.3985661643439522e-17,0,0.0,False,consolidator,0.03915429242042
100000002445750100,peripheral,0.4,0,0.02198667864525301,"Вход/выход: 1/1 связей, 70 000/10 000 KZT; признаков специальной роли недостаточно",2,False,1,1,70000.0,10000.0,1,1,0.0005372906870343848,0.14285714285714285,False,80000.0,1.9590382902938557e-05,8.417082485105925e-124,6.074972162005661e-85,0,0.0,False,other,0.026700836992739556
100000002448088100,peripheral,0.4,20,0.03747063484415756,"Вход 20 000, выход 25 000 KZT; возможны пропущенные входящие или начальный остаток; для проверки запросить выписку",3,False,3,1,20000.0,25000.0,3,1,0.0005086560796474201,1.25,False,45000.0,2.1414155113432564e-05,2.719706033570032e-106,1.687285489036484e-85,0,0.0,True,missing_incoming,0.04550470442266315
100000002454724100,terminal,0.7,30,0.015336036019285314,"Вход 125 000 KZT от 1 плательщика, выход 0; глубина 2; признаки конечного получателя",2,False,1,0,125000.0,0.0,3,0,0.00030118599844023634,0.0,False,125000.0,0.0,0.0,9.696093641022316e-16,0,0.0,False,terminal,0.012416154480708062
100000002457464100,terminal,0.7,2,0.01632403059104361,"Вход 66 647 KZT от 1 плательщика, выход 0; глубина 2; признаки конечного получателя",2,False,1,0,66647.0,0.0,1,0,0.0003221740395394653,0.0,False,66647.0,0.0,0.0,7.846503310012014e-63,0,0.0,False,terminal,0.013216041310239887
100000002459093100,peripheral,0.4,26,0.017621227588183765,"Вход/выход: 1/1 связей, 500 000/55 000 KZT; признаков специальной роли недостаточно",2,False,1,1,500000.0,55000.0,2,3,0.00038924998698062655,0.11,False,555000.0,0.0,3.170442790534067e-91,1.1423751849434197e-18,0,0.0,False,other,0.021399390650831324
100000002459163100,peripheral,0.4,57,0.012529109842926309,"Вход/выход: 1/0 связей, 20 180/0 KZT; признаков специальной роли недостаточно",2,False,1,0,20180.0,0.0,1,0,0.00036111544422251415,0.0,False,20180.0,0.0,0.0,1.76773008804643e-50,0,0.0,False,other,0.015215473195280988
100000002459164100,peripheral,0.4,0,0.021648910472094218,"Вход/выход: 1/0 связей, 20 000/0 KZT; признаков специальной роли недостаточно",3,False,1,0,20000.0,0.0,1,0,0.0005418286835835176,0.0,False,20000.0,0.0,0.0,2.4469121932608153e-108,0,0.0,False,other,0.026290648028850942
100000002459240100,terminal,0.7,5,0.014779241426874947,"Вход 150 000 KZT от 1 плательщика, выход 0; глубина 3; признаки конечного получателя",3,False,1,0,150000.0,0.0,1,0,0.00029043067032840335,0.0,False,150000.0,0.0,0.0,9.072063659638836e-13,0,0.0,False,terminal,0.0119653699582476
100000002459832100,terminal,0.7,4,0.04294975745360891,"Вход 880 606 KZT от 2 плательщиков, выход 0; глубина 3; признаки конечного получателя",3,False,2,0,880606.0,0.0,2,0,0.0003931880367042986,0.0,False,880606.0,0.0,0.0,7.17904210444844e-14,0,0.0,False,terminal,0.03477240290661512
100000002462183100,terminal,0.7,46,0.14465934065796873,"Вход 107 500 KZT от 1 плательщика, выход 0; глубина 1; признаки конечного получателя",1,False,1,0,107500.0,0.0,3,0,0.0003802620893515447,0.0,False,107500.0,0.0,0.0,2.9895177886342455e-69,1,1.0,False,terminal,0.11711714281500588
100000002469065100,terminal,0.7,3,0.01743412379958584,"Вход 200 000 KZT от 1 плательщика, выход 0; глубина 2; признаки конечного получателя",2,False,1,0,200000.0,0.0,1,0,0.0003186959872113208,0.0,False,200000.0,0.0,0.0,2.5893197792617144e-16,0,0.0,False,terminal,0.014114779990033856
100000002472632100,peripheral,0.4,24,0.05623000947743652,"Вход/выход: 2/1 связей, 502 400/20 000 KZT; признаков специальной роли недостаточно",3,False,2,1,502400.0,20000.0,3,1,0.000985619333290868,0.03980891719745223,False,522400.0,1.9590382902938557e-05,1.480748810291788e-110,1.7429653287082229e-19,0,0.0,False,other,0.068286271945917
100000002474570100,peripheral,0.3,18,0.0,"Глубина 4, выход 0, вход 6 750 KZT; обход обрезан, данных для гипотезы о конечном получателе недостаточно",4,False,1,0,6750.0,0.0,1,0,0.0002891815541283873,0.0,True,6750.0,0.0,0.0,1.3975001762020013e-21,0,0.0,False,truncated,-0.2893056398982806
100000002475601100,terminal,0.7,4,0.01651142395353059,"Вход 232 301 KZT от 1 плательщика, выход 0; глубина 3; признаки конечного получателя",3,False,1,0,232301.0,0.0,1,0,0.0003021143924659961,0.0,False,232301.0,0.0,0.0,1.4244424948576016e-14,0,0.0,False,terminal,0.013367756194997058
100000002478829100,peripheral,0.3,20,0.0,"Глубина 4, выход 0, вход 34 000 KZT; обход обрезан, данных для гипотезы о конечном получателе недостаточно",4,False,1,0,34000.0,0.0,1,0,0.0003873344502833008,0.0,True,34000.0,0.0,0.0,1.116284004632297e-84,0,0.0,False,truncated,-0.28306221963534034
100000002479804100,peripheral,0.4,2,0.09211887775475294,"Вход/выход: 1/2 связей, 46 000/35 300 KZT; признаков специальной роли недостаточно",1,False,1,2,46000.0,35300.0,1,2,0.00029696632694887494,0.7673913043478261,False,81300.0,8.014247551202137e-06,6.771376775895322e-83,2.899066986078011e-16,1,1.0,False,other,0.11187006362212906
100000002480800100,terminal,0.7,2,0.12026890930802193,"Вход 569 251 KZT от 2 плательщиков, выход 0; глубина 1; признаки конечного получателя",1,False,2,0,569251.0,0.0,2,0,0.0006410781031176427,0.0,False,569251.0,0.0,0.0,1.140291853490917e-13,1,0.5,False,terminal,0.09737049100020681
100000002481735100,peripheral,0.4,3,0.012624754838557451,"Вход/выход: 1/0 связей, 22 436/0 KZT; признаков специальной роли недостаточно",2,False,1,0,22436.0,0.0,2,0,0.00036270354277617874,0.0,False,22436.0,0.0,0.0,3.260619810328953e-19,0,0.0,False,other,0.015331625410844015
100000002481974100,peripheral,0.4,4,0.022575620945575834,"Вход 89 447, выход 318 000 KZT; возможны пропущенные входящие или начальный остаток; для проверки запросить выписку",3,False,2,2,89447.0,318000.0,2,4,0.0003316686610389915,3.5551779265934016,False,407447.0,3.7474771448506984e-05,1.2302722426796871e-60,7.789737887291174e-15,0,0.0,True,missing_incoming,0.027416054266470164
100000002487222100,peripheral,0.3,5,0.0,"Глубина 4, выход 0, вход 90 000 KZT; обход обрезан, данных для гипотезы о конечном получателе недостаточно",4,False,1,0,90000.0,0.0,2,0,0.0003104273146144327,0.0,True,90000.0,0.0,0.0,8.745105530563739e-47,0,0.0,False,truncated,-0.2873092431044323
100000002488629100,terminal,0.7,6,0.014666882876584906,"Вход 73 050 KZT от 1 плательщика, выход 0; глубина 2; признаки конечного получателя",2,False,1,0,73050.0,0.0,1,0,0.00029941451688253495,0.0,False,73050.0,0.0,0.0,2.335378926055318e-18,0,0.0,False,terminal,0.01187440374534387
100000002489253100,terminal,0.7,3,0.014623758460055978,"Вход 51 000 KZT от 1 плательщика, выход 0; глубина 2; признаки конечного получателя",2,False,1,0,51000.0,0.0,1,0,0.00030184449124919286,0.0,False,51000.0,0.0,0.0,9.378438273509726e-23,0,0.0,False,terminal,0.011839489937314191
100000002492277100,terminal,0.7,2,0.015945790052171747,"Вход 138 500 KZT от 1 плательщика, выход 0; глубина 2; признаки конечного получателя",2,False,1,0,138500.0,0.0,1,0,0.00030740347309968685,0.0,False,138500.0,0.0,0.0,1.9078101476800375e-15,0,0.0,False,terminal,0.012909815310536076
100000002505277100,peripheral,0.3,0,0.0,"Глубина 4, выход 0, вход 60 000 KZT; обход обрезан, данных для гипотезы о конечном получателе недостаточно",4,False,1,0,60000.0,0.0,1,0,0.0004076531172154509,0.0,True,60000.0,0.0,0.0,1.6844659905853093e-81,0,0.0,False,truncated,-0.2816000099062244
100000002506987100,peripheral,0.3,8,0.0,"Глубина 4, выход 0, вход 28 200 KZT; обход обрезан, данных для гипотезы о конечном получателе недостаточно",4,False,1,0,28200.0,0.0,1,0,0.0002961253723894798,0.0,True,28200.0,0.0,0.0,6.449870682981873e-20,0,0.0,False,truncated,-0.28870116976857774
100000002508637100,peripheral,0.4,4,0.01184482443469959,"Вход/выход: 1/1 связей, 306 410/8 000 KZT; признаков специальной роли недостаточно",3,False,1,1,306410.0,8000.0,1,1,0.00030739263356746913,0.02610880845925394,False,314410.0,8.904719501335708e-07,4.5826956009609893e-128,1.878870193625157e-14,0,0.0,False,other,0.01438447032138777
100000002509598100,terminal,0.7,10,0.017115070434168576,"Вход 305 550 KZT от 1 плательщика, выход 0; глубина 3; признаки конечного получателя",3,False,1,0,305550.0,0.0,1,0,0.00030012320541723873,0.0,False,305550.0,0.0,0.0,4.444939157791255e-17,0,0.0,False,terminal,0.013856472310811597
100000002511581100,peripheral,0.4,1,0.008837043793244608,"Вход/выход: 1/0 связей, 17 600/0 KZT; признаков специальной роли недостаточно",3,False,1,0,17600.0,0.0,1,0,0.00028831626313090915,0.0,False,17600.0,0.0,0.0,2.6730716438253503e-42,0,0.0,False,other,0.010731792174170375
100000002511825100,terminal,0.7,0,0.13797601604651802,"Вход 65 000 KZT от 1 плательщика, выход 0; глубина 1; признаки конечного получателя",1,False,1,0,65000.0,0.0,1,0,0.00029776670172400603,0.0,False,65000.0,0.0,0.0,2.270801183335388e-14,1,1.0,False,terminal,0.11170627975259914
100000002512742100,peripheral,0.3,18,0.0,"Глубина 4, выход 0, вход 6 000 KZT; обход обрезан, данных для гипотезы о конечном получателе недостаточно",4,False,1,0,6000.0,0.0,1,0,0.00028878019191604315,0.0,True,6000.0,0.0,0.0,1.2422223788462232e-21,0,0.0,False,truncated,-0.2893364947243976
100000002513028100,peripheral,0.4,61,0.012381501861951034,"Вход 9 500, выход 332 709 KZT; возможны пропущенные входящие или начальный остаток; для проверки запросить выписку",3,False,1,3,9500.0,332709.0,1,24,0.0003055978968624265,35.022,False,342209.0,5.6099732858414964e-05,6.14167289830492e-62,6.326258081324186e-16,0,0.0,True,missing_incoming,0.015036216623497732
100000002514975100,peripheral,0.3,25,0.0,"Глубина 4, выход 0, вход 17 920 KZT; обход обрезан, данных для гипотезы о конечном получателе недостаточно",4,False,1,0,17920.0,0.0,1,0,0.0005310425183631422,0.0,True,17920.0,0.0,0.0,2.1770219133965937e-110,0,0.0,False,truncated,-0.2743878249181479
100000002516862100,peripheral,0.3,61,0.0,"Глубина 4, выход 0, вход 81 710 KZT; обход обрезан, данных для гипотезы о конечном получателе недостаточно",4,False,1,0,81710.0,0.0,5,0,0.00034943970609758876,0.0,True,81710.0,0.0,0.0,2.5572232807680216e-61,0,0.0,False,truncated,-0.2849871329144639
100000002521039100,terminal,0.7,0,0.0179542004556602,"Вход 349 370 KZT от 1 плательщика, выход 0; глубина 3; признаки конечного получателя",3,False,1,0,349370.0,0.0,1,0,0.00030524580110660585,0.0,False,349370.0,0.0,0.0,9.243901976178837e-14,0,0.0,False,terminal,0.014535837432485679
100000002527114100,distributor,0.95,1,0.17212920146065347,"Отправляет 3 289 249 KZT на 111 получателей, 113 переводов; признаки распределения; seed: входящие суммы занижены методом сбора",0,True,3,111,129000.0,3289249.0,4,113,0.0008111056953132627,25.49805426356589,False,3418249.0,9.795191451469279e-05,3.136407288603032e-38,1.2110902330754207e-35,0,0.0,True,distributor,0.09290461382540882
100000002528544100,terminal,0.7,4,0.01589336162553666,"Вход 192 912 KZT от 1 плательщика, выход 0; глубина 3; признаки конечного получателя",3,False,1,0,192912.0,0.0,1,0,0.0002993090025842554,0.0,False,192912.0,0.0,0.0,1.1829137651924427e-14,0,0.0,False,terminal,0.012867368915426992
100000002528978100,peripheral,0.3,8,0.0,"Глубина 4, выход 0, вход 15 900 KZT; обход обрезан, данных для гипотезы о конечном получателе недостаточно",4,False,1,0,15900.0,0.0,1,0,0.0002915211255271421,0.0,True,15900.0,0.0,0.0,3.6366292148727584e-20,0,0.0,False,truncated,-0.28908594323831155
100000002529877100,peripheral,0.3,10,0.0,"Глубина 4, выход 0, вход 232 000 KZT; обход обрезан, данных для гипотезы о конечном получателе недостаточно",4,False,1,0,232000.0,0.0,1,0,0.0003058339492043382,0.0,True,232000.0,0.0,0.0,6.319410042129113e-18,0,0.0,False,truncated,-0.2864067662999348
100000002529880100,terminal,0.7,7,0.028803520637710283,"Вход 147 000 KZT от 2 плательщиков, выход 0; глубина 3; признаки конечного получателя",3,False,2,0,147000.0,0.0,2,0,0.0003061335485198567,0.0,False,147000.0,0.0,0.0,4.078989488470359e-17,0,0.0,False,terminal,0.02331951759739932
100000002530224100,terminal,0.7,7,0.014470882663710183,"Вход 113 000 KZT от 1 плательщика, выход 0; глубина 3; признаки конечного получателя",3,False,1,0,113000.0,0.0,1,0,0.00029139102055774377,0.0,False,113000.0,0.0,0.0,7.057141571569527e-17,0,0.0,False,terminal,0.011715720698548468
100000002531406100,transit,0.8615384615384616,4,0.034914495081972634,"Вход 520 000, выход 500 000 KZT; передаёт 96.2%; 1/1 связей; признаки транзита",3,False,1,1,520000.0,500000.0,1,1,0.00032260508437457255,0.9615384615384616,False,1020000.0,8.904719501335708e-07,4.784557452868471e-49,3.188579030335439e-14,0,0.0,False,transit,0.021200251682143748
100000002534091100,peripheral,0.4,4,0.009274925610037676,"Вход/выход: 1/0 связей, 22 200/0 KZT; признаков специальной роли недостаточно",3,False,1,0,22200.0,0.0,1,0,0.00029636616273709014,0.0,False,22200.0,0.0,0.0,2.3450824678885658e-17,0,0.0,False,other,0.011263560123341752
100000002537811100,peripheral,0.4,9,0.0569723067452088,"Вход/выход: 1/1 связей, 52 000/15 000 KZT; признаков специальной роли недостаточно",3,False,1,1,52000.0,15000.0,1,1,0.0012313777249476486,0.28846153846153844,False,67000.0,2.4983180965671323e-05,4.711692959410604e-116,3.6615933474142903e-90,0,0.0,False,other,0.06918772498785804
100000002539625100,terminal,0.7,7,0.01834260287736416,"Вход 94 700 KZT от 1 плательщика, выход 0; глубина 2; признаки конечного получателя",2,False,1,0,94700.0,0.0,1,0,0.0003450202078597562,0.0,False,94700.0,0.0,0.0,9.940694749597535e-18,0,0.0,False,terminal,0.01485029055860596
100000002540033100,peripheral,0.3,16,0.0,"Глубина 4, выход 0, вход 10 000 KZT; обход обрезан, данных для гипотезы о конечном получателе недостаточно",4,False,1,0,10000.0,0.0,1,0,0.0005960851621180808,0.0,True,10000.0,0.0,0.0,2.7818170943428587e-121,0,0.0,False,truncated,-0.2704671257803519
100000002540623100,terminal,0.7,9,0.01750343571539197,"Вход 100 000 KZT от 1 плательщика, выход 0; глубина 2; признаки конечного получателя",2,False,1,0,100000.0,0.0,1,0,0.00033321505387175324,0.0,False,100000.0,0.0,0.0,6.271437906566919e-17,0,0.0,False,terminal,0.014170895367757312
100000002546921100,peripheral,0.4,13,0.009000198415125789,"Вход/выход: 1/0 связей, 20 000/0 KZT; признаков специальной роли недостаточно",3,False,1,0,20000.0,0.0,1,0,0.0002912223270400026,0.0,False,20000.0,0.0,0.0,1.404639740669317e-18,0,0.0,False,other,0.01092992873830313
100000002547110100,consolidator,0.8,7,0.18798255368709835,Вход 1 500 000 KZT от 6 плательщиков; передаёт 0.0%; признаки консолидации,3,False,6,0,1500000.0,0.0,10,0,0.0005516278220472679,0.0,False,1500000.0,0.0,0.0,1.22320259203264e-16,0,0.0,False,consolidator,0.09131513867032946
100000002548759100,terminal,0.7,7,0.03133306720055036,"Вход 375 000 KZT от 2 плательщиков, выход 0; глубина 3; признаки конечного получателя",3,False,2,0,375000.0,0.0,2,0,0.00030852903010496164,0.0,False,375000.0,0.0,0.0,1.2888443838499517e-16,0,0.0,False,terminal,0.025367454942543225
100000002550141100,terminal,0.7,4,0.015584388685021645,"Вход 100 586 KZT от 1 плательщика, выход 0; глубина 3; признаки конечного получателя",3,False,1,0,100586.0,0.0,1,0,0.0003077875449747836,0.0,False,100586.0,0.0,0.0,1.2133468521566111e-14,0,0.0,False,terminal,0.012617222413751534
100000002554175100,peripheral,0.4,8,0.009209605257228588,"Вход/выход: 1/0 связей, 24 621/0 KZT; признаков специальной роли недостаточно",3,False,1,0,24621.0,0.0,1,0,0.000294742641745906,0.0,False,24621.0,0.0,0.0,6.574269639281583e-20,0,0.0,False,other,0.011184234449791683
100000002556775100,terminal,0.7,5,0.01669215008951882,"Вход 300 000 KZT от 1 плательщика, выход 0; глубина 3; признаки конечного получателя",3,False,1,0,300000.0,0.0,1,0,0.0002952920464395158,0.0,False,300000.0,0.0,0.0,1.8144127319277672e-12,0,0.0,False,terminal,0.013514073249828534
100000002558173100,peripheral,0.4,32,0.009159225573593156,"Вход/выход: 1/0 связей, 9 300/0 KZT; признаков специальной роли недостаточно",2,False,1,0,9300.0,0.0,1,0,0.0002958286804649773,0.0,False,9300.0,0.0,0.0,5.307837615949795e-71,0,0.0,False,other,0.011123052870609147
100000002559089100,terminal,0.7,10,0.04118647344465173,"Вход 715 000 KZT от 2 плательщиков, выход 0; глубина 3; признаки конечного получателя",3,False,2,0,715000.0,0.0,2,0,0.0003924259537320126,0.0,False,715000.0,0.0,0.0,3.767835560702983e-16,0,0.0,False,terminal,0.0333448367075632
100000002565277100,terminal,0.7,2,0.1486878002972811,"Вход 483 319 KZT от 1 плательщика, выход 0; глубина 1; признаки конечного получателя",1,False,1,0,483319.0,0.0,1,0,0.0003823473671467781,0.0,False,483319.0,0.0,0.0,2.3743579051448893e-13,1,1.0,False,terminal,0.12037860993324305
100000002566204100,terminal,0.7,9,0.016613343803916634,"Вход 80 805 KZT от 1 плательщика, выход 0; глубина 2; признаки конечного получателя",2,False,1,0,80805.0,0.0,1,0,0.00032406945030607917,0.0,False,80805.0,0.0,0.0,5.0676354004013983e-17,0,0.0,False,terminal,0.013450271168582962
100000002567887100,terminal,0.7,5,0.0135156377279545,"Вход 50 915 KZT от 1 плательщика, выход 0; глубина 3; признаки конечного получателя",3,False,1,0,50915.0,0.0,1,0,0.00028721940731527283,0.0,False,50915.0,0.0,0.0,3.0793608082034087e-13,0,0.0,False,terminal,0.010942348187272289
100000002570206100,terminal,0.7,15,0.02994612560047801,"Вход 166 960 KZT от 2 плательщиков, выход 0; глубина 2; признаки конечного получателя",2,False,2,0,166959.6,0.0,2,0,0.0003185104657273645,0.0,False,166959.6,0.0,0.0,1.4182386057082812e-14,0,0.0,False,terminal,0.0242445780048154
100000002575080100,transit,0.8615384615384616,14,0.044691400581823006,"Вход 13 000, выход 12 500 KZT; передаёт 96.2%; 1/1 связей; признаки транзита",3,False,1,1,13000.0,12500.0,1,1,0.0005518178489503662,0.9615384615384616,False,25500.0,1.9590382902938557e-05,1.5459738924448812e-119,1.4974860539791218e-98,0,0.0,False,transit,0.02713683638092647
100000002578405100,distributor,0.95,1,0.13746405202524856,"Отправляет 3 108 352 KZT на 116 получателей, 120 переводов; признаки распределения; возможен неполный вход или начальный остаток",2,False,2,116,1200351.0,3108352.0,7,120,0.0005700071256448129,2.589535894084314,False,4308703.0,0.0,5.438262990534839e-41,1.1760346769296509e-33,0,0.0,True,distributor,0.07419452690135742
100000002578653100,peripheral,0.4,47,0.010014075861555843,"Вход/выход: 1/0 связей, 20 000/0 KZT; признаков специальной роли недостаточно",3,False,1,0,20000.0,0.0,1,0,0.0003113100744475735,0.0,False,20000.0,0.0,0.0,1.0153831608417425e-63,0,0.0,False,other,0.012161191398049543
100000002580377100,peripheral,0.4,3,0.09156827669352022,"Вход/выход: 1/1 связей, 37 750/5 000 KZT; признаков специальной роли недостаточно",1,False,1,1,37750.0,5000.0,2,1,0.000289628100737922,0.13245033112582782,False,42750.0,1.8699910952804988e-05,4.784557452868469e-137,1.0161192809944662e-15,1,1.0,False,other,0.11120140832310878
100000002581346100,terminal,0.7,5,0.014988386107324012,"Вход 166 400 KZT от 1 плательщика, выход 0; глубина 3; признаки конечного получателя",3,False,1,0,166400.0,0.0,1,0,0.00029096218078321833,0.0,False,166400.0,0.0,0.0,1.0063942619759348e-12,0,0.0,False,terminal,0.012134694851460449
100000002589019100,peripheral,0.4,11,0.09145114168086675,"Вход/выход: 1/0 связей, 34 710/0 KZT; признаков специальной роли недостаточно",1,False,1,0,34710.0,0.0,1,0,0.0002913295941344678,0.0,False,34710.0,0.0,0.0,2.4227604778686564e-19,1,1.0,False,other,0.11105915842127205
100000002591469100,terminal,0.7,6,0.1398334240057848,"Вход 235 670 KZT от 1 плательщика, выход 0; глубина 1; признаки конечного получателя",1,False,1,0,235670.0,0.0,1,0,0.000299083139623691,0.0,False,235670.0,0.0,0.0,3.6472504018381117e-16,1,1.0,False,terminal,0.1132100493138438
100000002592567100,peripheral,0.4,3,0.10449010172121871,"Вход 5 297, выход 48 600 KZT; возможны пропущенные входящие или начальный остаток; для проверки запросить выписку",1,False,1,2,5297.0,48600.0,1,2,0.0002861388173468216,9.175004719652634,False,53897.0,0.001666073018699911,7.754248754442612e-20,1.4257970414377979e-16,1,1.0,True,missing_incoming,0.12689379866910455
100000002593038100,peripheral,0.4,11,0.02760163067616709,"Вход/выход: 1/0 связей, 28 500/0 KZT; признаков специальной роли недостаточно",2,False,1,0,28500.0,0.0,1,0,0.000658612414499519,0.0,False,28500.0,0.0,0.0,5.253522611720557e-91,0,0.0,False,other,0.03351968950422873
100000002593344100,terminal,0.7,7,0.03572799594017588,"Вход 431 000 KZT от 2 плательщиков, выход 0; глубина 3; признаки конечного получателя",3,False,2,0,431000.0,0.0,2,0,0.0003589615897510939,0.0,False,431000.0,0.0,0.0,5.445689135961296e-18,0,0.0,False,terminal,0.028925617827285654
100000002594214100,peripheral,0.3,39,0.0,"Глубина 4, выход 0, вход 1 000 000 KZT; обход обрезан, данных для гипотезы о конечном получателе недостаточно",4,False,1,0,1000000.0,0.0,1,0,0.00036705924336221985,0.0,True,1000000.0,0.0,0.0,1.336327670053459e-20,0,0.0,False,truncated,-0.2762502772622706
100000002596035100,terminal,0.7,9,0.14142714183847924,"Вход 231 570 KZT от 1 плательщика, выход 0; глубина 1; признаки конечного получателя",1,False,1,0,231570.0,0.0,1,0,0.0003206915567832726,0.0,False,231570.0,0.0,0.0,6.873233273042753e-14,1,1.0,False,terminal,0.11450033363402343
100000002596039100,peripheral,0.3,4,0.0,"Глубина 4, выход 0, вход 280 000 KZT; обход обрезан, данных для гипотезы о конечном получателе недостаточно",4,False,1,0,280000.0,0.0,1,0,0.00030434333941669245,0.0,True,280000.0,0.0,0.0,7.064715156111845e-15,0,0.0,False,truncated,-0.286097898750462
100000002597003100,peripheral,0.4,0,0.09143459245791707,"Вход/выход: 1/1 связей, 17 700/11 000 KZT; признаков специальной роли недостаточно",1,False,1,1,17700.0,11000.0,1,1,0.00028889074210758104,0.6214689265536724,False,28700.0,1.8699910952804988e-05,5.577501941425271e-122,6.183566299236364e-15,1,1.0,False,other,0.11103906088350998
100000002597074100,peripheral,0.3,0,0.0,"Глубина 4, выход 0, вход 8 000 KZT; обход обрезан, данных для гипотезы о конечном получателе недостаточно",4,False,1,0,8000.0,0.0,1,0,0.0003104283235888242,0.0,True,8000.0,0.0,0.0,3.289379713479768e-92,0,0.0,False,truncated,-0.2879929131521902
100000002597623100,peripheral,0.4,0,0.008736951826806911,"Вход/выход: 1/0 связей, 16 418/0 KZT; признаков специальной роли недостаточно",3,False,1,0,16418.0,0.0,1,0,0.0002864939554363674,0.0,False,16418.0,0.0,0.0,4.3440015640983526e-15,0,0.0,False,other,0.010610239513886566
100000002599729100,peripheral,0.3,0,0.0,"Глубина 4, выход 0, вход 65 000 KZT; обход обрезан, данных для гипотезы о конечном получателе недостаточно",4,False,1,0,65000.0,0.0,2,0,0.00048578643675265784,0.0,True,65000.0,0.0,0.0,7.461087939401404e-86,0,0.0,False,truncated,-0.276769198640317
100000002600345100,terminal,0.7,3,0.08879927043596186,"Вход 52 400 KZT от 2 плательщиков, выход 0; глубина 1; признаки конечного получателя",1,False,2,0,52400.0,0.0,2,0,0.0002957205308431163,0.0,False,52400.0,0.0,0.0,1.2789000146712297e-15,1,0.5,False,terminal,0.07189246674437945
100000002603371100,peripheral,0.4,0,0.008833575549023693,"Вход/выход: 1/0 связей, 9 300/0 KZT; признаков специальной роли недостаточно",3,False,1,0,9300.0,0.0,1,0,0.0002893766428347351,0.0,False,9300.0,0.0,0.0,2.1121297098202942e-16,0,0.0,False,other,0.010727580304561153
100000002603478100,peripheral,0.4,11,0.09128027660219103,"Вход/выход: 1/0 связей, 23 500/0 KZT; признаков специальной роли недостаточно",1,False,1,0,23500.0,0.0,1,0,0.0002894692379814412,0.0,False,23500.0,0.0,0.0,1.6403016776120262e-19,1,1.0,False,other,0.11085165820320446
100000002603769100,consolidator,0.65,0,0.18559760135433875,Вход 1 185 368 KZT от 3 плательщиков; передаёт 0.0%; признаки консолидации,1,False,3,0,1185368.0,0.0,3,0,0.0005415388680707105,0.0,False,1185368.0,0.0,0.0,1.4821368008134524e-13,1,0.3333333333333333,False,consolidator,0.09015661492056398
100000002605184100,terminal,0.7,14,0.022295784729112963,"Вход 140 000 KZT от 1 плательщика, выход 0; глубина 2; признаки конечного получателя",2,False,1,0,140000.0,0.0,1,0,0.00039107352079071505,0.0,False,140000.0,0.0,0.0,4.234365112603329e-66,0,0.0,False,terminal,0.018050812290552967
100000002605308100,consolidator,0.65,13,0.18407227902929954,Вход 2 569 522 KZT от 3 плательщиков; передаёт 0.0%; признаки консолидации,2,False,3,0,2569521.84,0.0,7,0,0.0008849814697633089,0.0,False,2569521.84,0.0,0.0,1.975525562452685e-16,0,0.0,False,consolidator,0.08941566839709167
100000002605548100,terminal,0.7,9,0.09086969356667512,"Вход 116 695 KZT от 2 плательщиков, выход 0; глубина 1; признаки конечного получателя",1,False,2,0,116695.0,0.0,2,0,0.00031432137112675444,0.0,False,116695.0,0.0,0.0,2.7748252250445267e-14,1,0.5,False,terminal,0.07356869477351556
100000002606567100,peripheral,0.4,0,0.09166407036953009,"Вход 14 095, выход 53 000 KZT; возможны пропущенные входящие или начальный остаток; для проверки запросить выписку",1,False,1,1,14095.0,53000.0,1,1,0.00028821425512201625,3.7601986520042567,False,67095.0,1.8699910952804988e-05,6.212978426440268e-92,4.924145027555737e-15,1,1.0,True,missing_incoming,0.11131774109757388
100000002609774100,peripheral,0.4,8,0.0945207337924206,"Вход 7 700, выход 27 500 KZT; возможны пропущенные входящие или начальный остаток; для проверки запросить выписку",1,False,1,1,7700.0,27500.0,1,1,0.00028639718322944613,3.5714285714285716,False,35200.0,0.0004194122885129119,1.2019351193433784e-20,2.072614162558249e-16,1,1.0,True,missing_incoming,0.11478690102065253
100000002611334100,peripheral,0.4,0,0.010161113249392673,"Вход/выход: 1/1 связей, 48 288/15 500 KZT; признаков специальной роли недостаточно",3,False,1,1,48288.0,15500.0,1,1,0.0003053380307806398,0.3209907223326706,False,63788.0,1.8699910952804988e-05,1.9941430197712492e-115,1.0966722519118534e-15,0,0.0,False,other,0.012339755035960222
100000002612809100,peripheral,0.4,37,0.016783938926991402,"Вход 30 000, выход 114 000 KZT; возможны пропущенные входящие или начальный остаток; для проверки запросить выписку",3,False,1,3,30000.0,114000.0,2,4,0.00042829267239375297,3.8,False,144000.0,1.7809439002671417e-06,1.4236672991263746e-81,1.209224907501066e-88,0,0.0,True,missing_incoming,0.020382579134227235
100000002613776100,peripheral,0.4,2,0.009586906715521482,"Вход/выход: 1/0 связей, 30 000/0 KZT; признаков специальной роли недостаточно",2,False,1,0,30000.0,0.0,2,0,0.00030148630332664647,0.0,False,30000.0,0.0,0.0,5.612029425937808e-17,0,0.0,False,other,0.011642433020733024
100000002613929100,peripheral,0.4,6,0.033775915377580706,"Вход/выход: 1/0 связей, 28 560/0 KZT; признаков специальной роли недостаточно",3,False,1,0,28560.0,0.0,1,0,0.0007809340979896417,0.0,False,28560.0,0.0,0.0,1.1013650862127732e-101,0,0.0,False,other,0.04101780106619509
100000002614095100,peripheral,0.4,1,0.008655696634709732,"Вход/выход: 1/0 связей, 5 300/0 KZT; признаков специальной роли недостаточно",3,False,1,0,5300.0,0.0,1,0,0.00028639650644696,0.0,False,5300.0,0.0,0.0,8.04959074561043e-43,0,0.0,False,other,0.010511562416085396
100000002615479100,terminal,0.7,6,0.14043765556934823,"Вход 220 000 KZT от 1 плательщика, выход 0; глубина 1; признаки конечного получателя",1,False,1,0,220000.0,0.0,1,0,0.00030919582846738493,0.0,False,220000.0,0.0,0.0,1.3347492256217265e-16,1,1.0,False,terminal,0.11369923911659917
100000002618492100,terminal,0.7,9,0.09686319258570124,"Вход 296 500 KZT от 2 плательщиков, выход 0; глубина 1; признаки конечного получателя",1,False,2,0,296500.0,0.0,2,0,0.00036902681066638884,0.0,False,296500.0,0.0,0.0,5.290652807788997e-14,1,0.5,False,terminal,0.07842107055084296
100000002621434100,terminal,0.7,7,0.01401649685146831,"Вход 81 000 KZT от 1 плательщика, выход 0; глубина 3; признаки конечного получателя",3,False,1,0,81000.0,0.0,1,0,0.0002897423900896509,0.0,False,81000.0,0.0,0.0,5.0586590026294845e-17,0,0.0,False,terminal,0.011347846990404947
100000002621915100,peripheral,0.4,3,0.021051820798789114,"Вход/выход: 1/0 связей, 5 000/0 KZT; признаков специальной роли недостаточно",2,False,1,0,5000.0,0.0,1,0,0.000532039201173054,0.0,False,5000.0,0.0,0.0,3.16255988575774e-134,0,0.0,False,other,0.025565536505905664
100000002621949100,terminal,0.7,2,0.14057393467918264,"Вход 164 612 KZT от 1 плательщика, выход 0; глубина 1; признаки конечного получателя",1,False,1,0,164612.0,0.0,1,0,0.0003185306140517454,0.0,False,164612.0,0.0,0.0,8.086746092781589e-14,1,1.0,False,terminal,0.11380957157004865
100000002622822100,peripheral,0.3,16,0.0,"Глубина 4, выход 0, вход 750 000 KZT; обход обрезан, данных для гипотезы о конечном получателе недостаточно",4,False,1,0,750000.0,0.0,1,0,0.0009076861139921067,0.0,True,750000.0,0.0,0.0,1.1802198029072885e-40,0,0.0,False,truncated,-0.24519752738165873
100000002628146100,peripheral,0.4,32,0.010485183898938204,"Вход/выход: 1/0 связей, 30 500/0 KZT; признаков специальной роли недостаточно",2,False,1,0,30500.0,0.0,2,0,0.0003192156684704561,0.0,False,30500.0,0.0,0.0,1.7407424439405244e-70,0,0.0,False,other,0.0127333095935748
100000002628576100,peripheral,0.4,5,0.027452443616786622,"Вход/выход: 2/2 связей, 727 882/539 000 KZT; признаков специальной роли недостаточно",3,False,2,2,727882.0,539000.0,3,2,0.0003113901539132389,0.7405046422359668,False,1266882.0,3.7399821905609976e-05,1.000858347985326e-50,3.862682254290575e-12,0,0.0,False,other,0.033338515284228744
100000002632742100,terminal,0.7,7,0.0305803961818484,"Вход 235 500 KZT от 2 плательщиков, выход 0; глубина 3; признаки конечного получателя",3,False,2,0,235500.0,0.0,2,0,0.0003175643151957891,0.0,False,235500.0,0.0,0.0,3.160124733024188e-17,0,0.0,False,terminal,0.02475808759170996
100000002633108100,terminal,0.7,13,0.023009770499552707,"Вход 320 000 KZT от 1 плательщика, выход 0; глубина 3; признаки конечного получателя",3,False,1,0,320000.0,0.0,3,0,0.00037601781938067825,0.0,False,320000.0,0.0,0.0,2.2474235850709073e-17,0,0.0,False,terminal,0.018628859812850083
100000002633701100,terminal,0.7,6,0.017515720819792243,"Вход 266 850 KZT от 1 плательщика, выход 0; глубина 2; признаки конечного получателя",2,False,1,0,266850.0,0.0,1,0,0.00031067978540157034,0.0,False,266850.0,0.0,0.0,6.599522502956935e-18,0,0.0,False,terminal,0.014180841468161197
100000002635746100,peripheral,0.3,18,0.0,"Глубина 4, выход 0, вход 5 300 KZT; обход обрезан, данных для гипотезы о конечном получателе недостаточно",4,False,1,0,5300.0,0.0,1,0,0.0002884055871845221,0.0,True,5300.0,0.0,0.0,1.0972964346474973e-21,0,0.0,False,truncated,-0.28936529256210675
100000002635780100,terminal,0.7,6,0.03497246390712403,"Вход 163 000 KZT от 1 плательщика, выход 0; глубина 2; признаки конечного получателя",2,False,1,0,163000.02,0.0,1,0,0.0005553850086577911,0.0,False,163000.02,0.0,0.0,3.701671304446423e-69,0,0.0,False,terminal,0.028313934180631547
100000002644285100,terminal,0.7,10,0.019818938998787613,"Вход 500 000 KZT от 1 плательщика, выход 0; глубина 3; признаки конечного получателя",3,False,1,0,500000.0,0.0,1,0,0.00030938521828855235,0.0,False,500000.0,0.0,0.0,7.273669052186639e-17,0,0.0,False,terminal,0.01604554188208956
100000002645046100,peripheral,0.3,18,0.0,"Глубина 4, выход 0, вход 12 000 KZT; обход обрезан, данных для гипотезы о конечном получателе недостаточно",4,False,1,0,12000.0,0.0,1,0,0.00029199108961479553,0.0,True,12000.0,0.0,0.0,2.4844447576924464e-21,0,0.0,False,truncated,-0.28908965611546183
100000002645609100,consolidator,0.7,0,0.15543312268116735,Вход 546 821 KZT от 4 плательщиков; передаёт 0.0%; признаки консолидации,1,False,4,0,546820.6799999999,0.0,5,0,0.00035535788312599583,0.0,False,546820.6799999999,0.0,0.0,1.1979960516501205e-13,1,0.25,False,consolidator,0.075503800077205
100000002645993100,peripheral,0.4,0,0.019344269055728378,"Вход 49 650, выход 86 980 KZT; возможны пропущенные входящие или начальный остаток; для проверки запросить выписку",3,False,2,5,49650.0,86980.0,4,9,0.0002933085935851203,1.7518630412890233,False,136630.0,0.0001088552884932822,5.3113905920390545e-17,9.750508046997655e-15,0,0.0,True,missing_incoming,0.023491869014614218
100000002646745100,peripheral,0.4,1,0.00875890233468893,"Вход/выход: 1/0 связей, 12 300/0 KZT; признаков специальной роли недостаточно",3,False,1,0,12300.0,0.0,1,0,0.00028748905090124,0.0,False,12300.0,0.0,0.0,1.8681125692643076e-42,0,0.0,False,other,0.010636896424751645
100000002646887100,peripheral,0.4,28,0.009230228788766844,"Вход/выход: 1/0 связей, 24 354/0 KZT; признаков специальной роли недостаточно",3,False,1,0,24354.0,0.0,1,0,0.00029518757307712165,0.0,False,24354.0,0.0,0.0,6.51822138982516e-20,0,0.0,False,other,0.011209279867642296
100000002648315100,peripheral,0.4,6,0.0927322572232548,"Вход/выход: 1/2 связей, 132 000/76 000 KZT; признаков специальной роли недостаточно",1,False,1,2,132000.0,76000.0,1,3,0.0002931384697323959,0.5757575757575758,False,208000.0,0.0,5.335933742440335e-88,2.0428440320899168e-16,1,1.0,False,other,0.11261495763124296
100000002653187100,peripheral,0.3,11,0.0,"Глубина 4, выход 0, вход 15 000 KZT; обход обрезан, данных для гипотезы о конечном получателе недостаточно",4,False,1,0,15000.0,0.0,1,0,0.0004732789140150341,0.0,True,15000.0,0.0,0.0,1.1313777629658641e-91,0,0.0,False,truncated,-0.27795274708805334
100000002653948100,terminal,0.7,5,0.013952864884612799,"Вход 85 200 KZT от 1 плательщика, выход 0; глубина 3; признаки конечного получателя",3,False,1,0,85200.0,0.0,1,0,0.0002883305558484028,0.0,False,85200.0,0.0,0.0,5.152932158674859e-13,0,0.0,False,terminal,0.011296330136284638
100000002659103100,peripheral,0.3,45,0.0,"Глубина 4, выход 0, вход 165 000 KZT; обход обрезан, данных для гипотезы о конечном получателе недостаточно",4,False,1,0,165000.0,0.0,1,0,0.00034971052425683584,0.0,True,165000.0,0.0,0.0,2.9237090599475803e-19,0,0.0,False,truncated,-0.28427604516658417
100000002659265100,peripheral,0.3,7,0.0,"Глубина 4, выход 0, вход 141 000 KZT; обход обрезан, данных для гипотезы о конечном получателе недостаточно",4,False,1,0,141000.0,0.0,1,0,0.00031969973198944335,0.0,True,141000.0,0.0,0.0,4.76975886422832e-20,0,0.0,False,truncated,-0.286315649698688
100000002660298100,peripheral,0.3,8,0.0,"Глубина 4, выход 0, вход 30 900 KZT; обход обрезан, данных для гипотезы о конечном получателе недостаточно",4,False,1,0,30900.0,0.0,1,0,0.00029713606072511497,0.0,True,30900.0,0.0,0.0,7.067411493054606e-20,0,0.0,False,truncated,-0.2886167072996118
100000002662768100,terminal,0.7,2,0.1388326124806843,"Вход 84 300 KZT от 1 плательщика, выход 0; глубина 1; признаки конечного получателя",1,False,1,0,84300.0,0.0,1,0,0.00030645559550582425,0.0,False,84300.0,0.0,0.0,5.312855367964703e-16,1,1.0,False,terminal,0.11239978579554646
100000002663511100,terminal,0.7,0,0.017441831327901204,"Вход 268 940 KZT от 1 плательщика, выход 0; глубина 3; признаки конечного получателя",3,False,1,0,268940.0,0.0,1,0,0.0003094194993991053,0.0,False,268940.0,0.0,0.0,2.72223157929208e-13,0,0.0,False,terminal,0.014121020055074629
100000002666248100,terminal,0.7,2,0.13816605091710726,"Вход 70 032 KZT от 1 плательщика, выход 0; глубина 1; признаки конечного получателя",1,False,1,0,70032.0,0.0,1,0,0.0002995922521465216,0.0,False,70032.0,0.0,0.0,3.440399256249121e-14,1,1.0,False,terminal,0.11186013321949177
100000002670463100,peripheral,0.3,18,0.0,"Глубина 4, выход 0, вход 31 500 KZT; обход обрезан, данных для гипотезы о конечном получателе недостаточно",4,False,1,0,31500.0,0.0,1,0,0.0003024265071357405,0.0,True,31500.0,0.0,0.0,6.521667488942673e-21,0,0.0,False,truncated,-0.2882874306364206
100000002670860100,terminal,0.7,10,0.0938954405140711,"Вход 450 000 KZT от 2 плательщиков, выход 0; глубина 1; признаки конечного получателя",1,False,2,0,450000.0,0.0,2,0,0.00030894570400308074,0.0,False,450000.0,0.0,0.0,3.4589016830486e-16,1,0.5,False,terminal,0.07601835917643929
100000002670960100,terminal,0.7,10,0.019545145365270772,"Вход 480 310 KZT от 1 плательщика, выход 0; глубина 3; признаки конечного получателя",3,False,1,0,480310.0,0.0,1,0,0.000308447347198626,0.0,False,480310.0,0.0,0.0,6.987231964911529e-17,0,0.0,False,terminal,0.015823876776106204
100000002671326100,peripheral,0.3,28,0.0,"Глубина 4, выход 0, вход 1 050 000 KZT; обход обрезан, данных для гипотезы о конечном получателе недостаточно",4,False,1,0,1050000.0,0.0,2,0,0.0006294451129335774,0.0,True,1050000.0,0.0,0.0,2.2670882787067664e-34,0,0.0,False,truncated,-0.2597506323058942
100000002671806100,peripheral,0.4,11,0.09111169785373843,"Вход/выход: 1/0 связей, 12 440/0 KZT; признаков специальной роли недостаточно",1,False,1,0,12440.0,0.0,1,0,0.00028763377508648363,0.0,False,12440.0,0.0,0.0,8.683128880635576e-20,1,1.0,False,other,0.11064693452685943
100000002677201100,peripheral,0.4,7,0.011549698052537971,"Вход/выход: 1/1 связей, 150 000/87 750 KZT; признаков специальной роли недостаточно",3,False,1,1,150000.0,87750.0,1,1,0.00030890584852738594,0.585,False,237750.0,2.048085485307213e-05,2.679384799480421e-82,4.813682735705141e-17,0,0.0,False,other,0.014026065964390646
100000002679516100,terminal,0.7,11,0.08394866971934227,"Вход 102 335 KZT от 3 плательщиков, выход 0; глубина 1; признаки конечного получателя",1,False,3,0,102335.0,0.0,3,0,0.0003268254970708496,0.0,False,102335.0,0.0,0.0,1.8451741738377566e-15,1,0.3333333333333333,False,terminal,0.06796538886414709
100000002680477100,peripheral,0.4,10,0.009202916142848825,"Вход/выход: 1/0 связей, 25 000/0 KZT; признаков специальной роли недостаточно",2,False,1,0,25000.0,0.0,1,0,0.00029455855419957777,0.0,False,25000.0,0.0,0.0,1.1798427648132491e-20,0,0.0,False,other,0.011176111124046961
100000002681449100,peripheral,0.4,40,0.06053528016939412,"Вход 94 638, выход 133 000 KZT; возможны пропущенные входящие или начальный остаток; для проверки запросить выписку",1,False,2,2,94638.0,133000.0,2,2,0.0002951397503203067,1.4053551427544961,False,227638.0,2.048085485307213e-05,4.456338347613731e-18,8.790535949155618e-14,1,0.5,True,missing_incoming,0.07351463466546754
100000002681544100,terminal,0.7,6,0.031239686005054397,"Вход 166 072 KZT от 2 плательщиков, выход 0; глубина 3; признаки конечного получателя",3,False,2,0,166072.0,0.0,2,0,0.00033571724351569673,0.0,False,166072.0,0.0,0.0,2.306999777465392e-15,0,0.0,False,terminal,0.025291852919477224
100000002686226100,peripheral,0.3,15,0.0,"Глубина 4, выход 0, вход 430 000 KZT; обход обрезан, данных для гипотезы о конечном получателе недостаточно",4,False,1,0,430000.0,0.0,2,0,0.0006546162523072483,0.0,True,430000.0,0.0,0.0,4.8247205232813184e-51,0,0.0,False,truncated,-0.26337746729777006
100000002689717100,peripheral,0.3,8,0.0,"Глубина 4, выход 0, вход 47 500 KZT; обход обрезан, данных для гипотезы о конечном получателе недостаточно",4,False,1,0,47500.0,0.0,1,0,0.0003033499223442049,0.0,True,47500.0,0.0,0.0,1.0864143880909184e-19,0,0.0,False,truncated,-0.2880974195274507
100000002691583100,terminal,0.7,25,0.021218330126115934,"Вход 285 200 KZT от 1 плательщика, выход 0; глубина 3; признаки конечного получателя",3,False,1,0,285200.0,0.0,1,0,0.0003570895620191624,0.0,False,285200.0,0.0,0.0,1.2186224838694424e-30,0,0.0,False,terminal,0.01717849803803437
100000002691858100,terminal,0.7,32,0.017697949775217162,"Вход 51 500 KZT от 1 плательщика, выход 0; глубина 2; признаки конечного получателя",2,False,1,0,51500.0,0.0,1,0,0.000342382024513619,0.0,False,51500.0,0.0,0.0,2.93928642173564e-70,0,0.0,False,terminal,0.0143283752153804
100000002692044100,terminal,0.7,11,0.13860086761729176,"Вход 97 000 KZT от 1 плательщика, выход 0; глубина 1; признаки конечного получателя",1,False,1,0,97000.0,0.0,1,0,0.000301666934435273,0.0,False,97000.0,0.0,0.0,6.770606924611343e-19,1,1.0,False,terminal,0.11221216364726944
100000002692750100,peripheral,0.4,6,0.11444149962331096,"Вход/выход: 3/1 связей, 112 830/77 000 KZT; признаков специальной роли недостаточно",2,False,3,1,112830.0,77000.0,3,8,0.0020142415855483,0.682442612780289,False,189830.0,1.9629642187313182e-05,8.526160245264659e-85,2.967784517509387e-18,0,0.0,False,other,0.13897887334185524
100000002695812100,peripheral,0.3,8,0.0,"Глубина 4, выход 0, вход 95 000 KZT; обход обрезан, данных для гипотезы о конечном получателе недостаточно",4,False,1,0,95000.0,0.0,1,0,0.00032113055047111887,0.0,True,95000.0,0.0,0.0,2.1728287761818367e-19,0,0.0,False,truncated,-0.2866115057215681
100000002696152100,peripheral,0.4,33,0.05577183941209026,"Вход 21 800, выход 69 000 KZT; возможны пропущенные входящие или начальный остаток; для проверки запросить выписку",3,False,1,2,21800.0,69000.0,3,8,0.001205060559679083,3.165137614678899,False,90800.0,2.048085485307213e-05,3.133803072117363e-71,9.953086914949192e-107,0,0.0,True,missing_incoming,0.06772986574982223
100000002697752100,terminal,0.7,4,0.031029567772950777,"Вход 190 785 KZT от 2 плательщиков, выход 0; глубина 3; признаки конечного получателя",3,False,2,0,190785.0,0.0,2,0,0.00032958004304152585,0.0,False,190785.0,0.0,0.0,3.544683711603261e-14,0,0.0,False,terminal,0.02512173983251452
100000002700161100,peripheral,0.3,52,0.0,"Глубина 4, выход 0, вход 39 000 KZT; обход обрезан, данных для гипотезы о конечном получателе недостаточно",4,False,1,0,39000.0,0.0,1,0,0.0009026643078152162,0.0,True,39000.0,0.0,0.0,7.246139216881773e-96,0,0.0,False,truncated,-0.25143379083266487
100000002702968100,peripheral,0.3,8,0.0,"Глубина 4, выход 0, вход 31 600 KZT; обход обрезан, данных для гипотезы о конечном получателе недостаточно",4,False,1,0,31600.0,0.0,1,0,0.00029739809103435365,0.0,True,31600.0,0.0,0.0,7.227514666036425e-20,0,0.0,False,truncated,-0.28859480962247247
100000002703376100,peripheral,0.4,0,0.009261937327063293,"Вход/выход: 1/0 связей, 46 501/0 KZT; признаков специальной роли недостаточно",2,False,1,0,46501.0,0.0,1,0,0.00029280302788279564,0.0,False,46501.0,0.0,0.0,5.5155962413162055e-17,0,0.0,False,other,0.01124778702581711
100000002704875100,terminal,0.7,4,0.08452715847973429,"Вход 244 891 KZT от 3 плательщиков, выход 0; глубина 1; признаки конечного получателя",1,False,3,0,244891.0,0.0,4,0,0.00031507379549976304,0.0,False,244891.0,0.0,0.0,6.227942153473328e-13,1,0.3333333333333333,False,terminal,0.06843373712606747
100000002705460100,terminal,0.7,3,0.034449454296507316,"Вход 95 000 KZT от 1 плательщика, выход 0; глубина 3; признаки конечного получателя",3,False,1,0,95000.0,0.0,1,0,0.0005577272422551439,0.0,False,95000.0,0.0,0.0,3.567901908268755e-18,0,0.0,False,terminal,0.027890502199111284
100000002706810100,peripheral,0.3,18,0.0,"Глубина 4, выход 0, вход 45 000 KZT; обход обрезан, данных для гипотезы о конечном получателе недостаточно",4,False,1,0,45000.0,0.0,1,0,0.0003096510269579332,0.0,True,45000.0,0.0,0.0,9.316667841346674e-21,0,0.0,False,truncated,-0.28773204376631517
100000002707106100,peripheral,0.3,13,0.0,"Глубина 4, выход 0, вход 15 000 KZT; обход обрезан, данных для гипотезы о конечном получателе недостаточно",4,False,1,0,15000.0,0.0,2,0,0.00028660633942148524,0.0,True,15000.0,0.0,0.0,1.7012377795594086e-18,0,0.0,False,truncated,-0.28939469555705577
100000002708624100,peripheral,0.4,24,0.010927941312733383,"Вход/выход: 1/0 связей, 25 000/0 KZT; признаков специальной роли недостаточно",3,False,1,0,25000.0,0.0,1,0,0.000328736126653088,0.0,False,25000.0,0.0,0.0,1.4037389545234237e-20,0,0.0,False,other,0.01327099851529943
100000002710570100,terminal,0.7,31,0.034380562557053025,"Вход 225 015 KZT от 1 плательщика, выход 0; глубина 2; признаки конечного получателя",2,False,1,0,225015.0,0.0,1,0,0.0005391306175502205,0.0,False,225015.0,0.0,0.0,7.729726621177447e-63,0,0.0,False,terminal,0.02783472699889439
100000002712416100,terminal,0.7,10,0.028229323278323913,"Вход 116 800 KZT от 2 плательщиков, выход 0; глубина 3; признаки конечного получателя",3,False,2,0,116800.0,0.0,2,0,0.0003026575194807802,0.0,False,116800.0,0.0,0.0,5.880106386024535e-17,0,0.0,False,terminal,0.022854643681637084
100000002713074100,peripheral,0.4,15,0.03253351843772826,"Вход/выход: 2/1 связей, 700 000/430 000 KZT; признаков специальной роли недостаточно",3,False,2,1,700000.0,430000.0,2,2,0.0004336098166177599,0.6142857142857143,False,1130000.0,1.8699910952804988e-05,6.277310754430912e-52,2.6056958783773346e-14,0,0.0,False,other,0.03950902210478335
100000002713974100,peripheral,0.3,4,0.0,"Глубина 4, выход 0, вход 50 000 KZT; обход обрезан, данных для гипотезы о конечном получателе недостаточно",4,False,1,0,50000.0,0.0,1,0,0.0003299501883700874,0.0,True,50000.0,0.0,0.0,2.7353263154027693e-60,0,0.0,False,truncated,-0.2864461316826032
100000002718366100,consolidator,0.8,7,0.22192629004884265,Вход 2 525 000 KZT от 6 плательщиков; передаёт 0.0%; признаки консолидации,2,False,6,0,2525000.0,0.0,10,0,0.0006811994866182292,0.0,False,2525000.0,0.0,0.0,6.855555838227849e-16,0,0.0,False,consolidator,0.10780378047280817
100000002720627100,terminal,0.7,9,0.14072424271886397,"Вход 199 300 KZT от 1 плательщика, выход 0; глубина 1; признаки конечного получателя",1,False,1,0,199300.0,0.0,1,0,0.0003157971602163415,0.0,False,199300.0,0.0,0.0,5.91542683127098e-14,1,1.0,False,terminal,0.11393126193632251
100000002721825100,peripheral,0.4,0,0.021061480585877645,"Вход/выход: 1/0 связей, 11 000/0 KZT; признаков специальной роли недостаточно",2,False,1,0,11000.0,0.0,1,0,0.0005314143750831583,0.0,False,11000.0,0.0,0.0,1.6757685415713952e-119,0,0.0,False,other,0.025577267445562216
100000002722108100,terminal,0.7,10,0.023990502739521528,"Вход 800 000 KZT от 1 плательщика, выход 0; глубина 3; признаки конечного получателя",3,False,1,0,800000.0,0.0,2,0,0.00032367477273130915,0.0,False,800000.0,0.0,0.0,1.1637870483498622e-16,0,0.0,False,terminal,0.019422867011343294
100000002723439100,peripheral,0.3,33,0.0,"Глубина 4, выход 0, вход 18 000 KZT; обход обрезан, данных для гипотезы о конечном получателе недостаточно",4,False,1,0,18000.0,0.0,2,0,0.0005526233540248642,0.0,True,18000.0,0.0,0.0,6.359018811617825e-71,0,0.0,False,truncated,-0.2730643775340543
100000002723538100,distributor,0.55,4,0.07922839424317743,"Отправляет 560 499 KZT на 12 получателей, 14 переводов; признаки распределения; возможен неполный вход или начальный остаток",2,False,3,12,105647.0,560499.0,3,14,0.0003203131606128599,5.305394379395534,False,666146.0,0.0003988386389876815,4.036722583656168e-15,8.42709530281898e-15,0,0.0,True,distributor,0.042762548764000395
100000002723674100,peripheral,0.3,20,0.0,"Глубина 4, выход 0, вход 30 000 KZT; обход обрезан, данных для гипотезы о конечном получателе недостаточно",4,False,1,0,30000.0,0.0,1,0,0.00032717446121334877,0.0,True,30000.0,0.0,0.0,3.8964149389596354e-66,0,0.0,False,truncated,-0.2867830315691071
100000002726055100,peripheral,0.3,20,0.0,"Глубина 4, выход 0, вход 10 000 KZT; обход обрезан, данных для гипотезы о конечном получателе недостаточно",4,False,1,0,10000.0,0.0,1,0,0.00034001485733930624,0.0,True,10000.0,0.0,0.0,3.756614262052847e-87,0,0.0,False,truncated,-0.2861627534755289
100000002727288100,peripheral,0.4,14,0.012755486811552263,"Вход/выход: 1/0 связей, 16 000/0 KZT; признаков специальной роли недостаточно",3,False,1,0,16000.0,0.0,1,0,0.00036616923373624543,0.0,False,16000.0,0.0,0.0,2.7276294762395703e-99,0,0.0,False,other,0.015490387593936518
100000002728246100,peripheral,0.3,5,0.0,"Глубина 4, выход 0, вход 10 000 KZT; обход обрезан, данных для гипотезы о конечном получателе недостаточно",4,False,1,0,10000.0,0.0,1,0,0.0005386393313923881,0.0,True,10000.0,0.0,0.0,2.7818170943428587e-121,0,0.0,False,truncated,-0.2739882227403824
100000002729875100,peripheral,0.3,8,0.0,"Глубина 4, выход 0, вход 76 000 KZT; обход обрезан, данных для гипотезы о конечном получателе недостаточно",4,False,1,0,76000.0,0.0,1,0,0.00031401829922035325,0.0,True,76000.0,0.0,0.0,1.7382630209454694e-19,0,0.0,False,truncated,-0.28720587124392116
100000002731501100,peripheral,0.4,23,0.07291826446531652,"Вход 570 370, выход 833 960 KZT; возможны пропущенные входящие или начальный остаток; для проверки запросить выписку",1,False,3,7,570370.0,833960.0,7,20,0.0004855839777590129,1.4621386117783193,False,1404330.0,0.0,2.3809683363740473e-40,2.864043911795968e-39,1,0.3333333333333333,True,missing_incoming,0.08855265157123894
100000002733083100,peripheral,0.3,8,0.0,"Глубина 4, выход 0, вход 15 200 KZT; обход обрезан, данных для гипотезы о конечном получателе недостаточно",4,False,1,0,15200.0,0.0,1,0,0.00029125909521790337,0.0,True,15200.0,0.0,0.0,3.4765260418909383e-20,0,0.0,False,truncated,-0.2891078409154509
100000002733905100,peripheral,0.4,1,0.16417476595153144,"Вход 100 000, выход 717 839 KZT; возможны пропущенные входящие или начальный остаток; для проверки запросить выписку",2,False,3,2,100000.0,717839.0,5,3,0.0029169603294352297,7.17839,False,817839.0,1.7809439002671417e-06,6.186429521238413e-36,6.058238416917394e-36,0,0.0,True,missing_incoming,0.19937543704171262
100000002734815100,peripheral,0.3,7,0.0,"Глубина 4, выход 0, вход 110 000 KZT; обход обрезан, данных для гипотезы о конечном получателе недостаточно",4,False,1,0,110000.0,0.0,1,0,0.00031219587687641694,0.0,True,110000.0,0.0,0.0,3.7210884756391146e-20,0,0.0,False,truncated,-0.28703407659708524
100000002736033100,peripheral,0.4,15,0.009523061115645735,"Вход/выход: 1/1 связей, 34 530/11 000 KZT; признаков специальной роли недостаточно",3,False,1,1,34530.0,11000.0,1,1,0.0002951801714040789,0.3185635679119606,False,45530.0,1.8699910952804988e-05,5.577501941425271e-122,4.3215920537527156e-17,0,0.0,False,other,0.011564898301529129
100000002736316100,terminal,0.7,0,0.04878671199216954,"Вход 266 921 KZT от 3 плательщиков, выход 0; глубина 3; признаки конечного получателя",3,False,3,0,266921.0,0.0,3,0,0.00038382327241415735,0.0,False,266921.0,0.0,0.0,7.44369423382287e-15,0,0.0,False,terminal,0.039498039254658605
100000002737980100,peripheral,0.4,3,0.009300833090607648,"Вход/выход: 1/0 связей, 32 900/0 KZT; признаков специальной роли недостаточно",3,False,1,0,32900.0,0.0,1,0,0.00029542388166028027,0.0,False,32900.0,0.0,0.0,1.21042862066148e-16,0,0.0,False,other,0.011295022420433213
100000002738256100,transit,0.7348868175765647,54,0.04400440216858588,"Вход 150 200, выход 175 000 KZT; передаёт 116.5%; 1/1 связей; признаки транзита",2,False,1,1,150200.0,175000.0,1,1,0.0005073102992973039,1.1651131824234353,False,325200.0,0.0,4.200074413172467e-34,9.378945352290765e-42,0,0.0,False,transit,0.026719687594106964
100000002741024100,peripheral,0.4,0,0.1821165105924069,"Вход/выход: 5/6 связей, 817 981/434 989 KZT; признаков специальной роли недостаточно",2,False,5,6,817980.85,434989.0,9,7,0.002855186532890216,0.5317838431058625,False,1252969.85,0.0001177778531238791,2.326651691707644e-16,4.018611172837905e-16,0,0.0,False,other,0.22116406672747946
100000002742067100,peripheral,0.4,14,0.0088693699614787,"Вход/выход: 1/0 связей, 12 730/0 KZT; признаков специальной роли недостаточно",2,False,1,0,12730.0,0.0,1,0,0.0002896192281984583,0.0,False,12730.0,0.0,0.0,1.954388401949825e-18,0,0.0,False,other,0.010771049388165482
100000002744581100,peripheral,0.4,6,0.010647976904080562,"Вход/выход: 1/0 связей, 12 000/0 KZT; признаков специальной роли недостаточно",2,False,1,0,12000.0,0.0,1,0,0.00032495771137883774,0.0,False,12000.0,0.0,0.0,4.991060175564421e-87,0,0.0,False,other,0.012931007006812921
100000002748040100,peripheral,0.3,8,0.0,"Глубина 4, выход 0, вход 18 000 KZT; обход обрезан, данных для гипотезы о конечном получателе недостаточно",4,False,1,0,18000.0,0.0,1,0,0.0002923072164548583,0.0,True,18000.0,0.0,0.0,4.116938733818217e-20,0,0.0,False,truncated,-0.2890202502068936
100000002748180100,peripheral,0.4,10,0.09604339583245901,"Вход 9 900, выход 679 743 KZT; возможны пропущенные входящие или начальный остаток; для проверки запросить выписку",1,False,1,8,9900.0,679743.0,1,9,0.0002872122492498478,68.66090909090909,False,689643.0,3.8367027911566674e-05,1.8032788894463365e-18,6.910207067386833e-20,1,1.0,True,missing_incoming,0.11663603665328141
100000002748511100,peripheral,0.3,3,0.0,"Глубина 4, выход 0, вход 20 000 KZT; обход обрезан, данных для гипотезы о конечном получателе недостаточно",4,False,1,0,20000.0,0.0,1,0,0.0005674892808776473,0.0,True,20000.0,0.0,0.0,1.8199499142594565e-25,0,0.0,False,truncated,-0.27213650586580906
100000002748532100,peripheral,0.4,16,0.03566826250923218,"Вход 355 575, выход 646 685 KZT; возможны пропущенные входящие или начальный остаток; для проверки запросить выписку",2,False,3,2,355575.0,646685.0,3,7,0.0003391055199443405,1.8187021022287844,False,1002260.0,4.452359750667854e-05,6.94536251330846e-20,8.80342927105854e-18,0,0.0,True,missing_incoming,0.0433158858797835
100000002748581100,peripheral,0.4,13,0.009447777605196855,"Вход/выход: 1/0 связей, 41 180/0 KZT; признаков специальной роли недостаточно",3,False,1,0,41180.0,0.0,1,0,0.0002972088887992543,0.0,False,41180.0,0.0,0.0,2.892153226038124e-18,0,0.0,False,other,0.011473473272166143
100000002748761100,terminal,0.7,10,0.023946006059620367,"Вход 796 800 KZT от 1 плательщика, выход 0; глубина 3; признаки конечного получателя",3,False,1,0,796800.0,0.0,3,0,0.0003235223508172531,0.0,False,796800.0,0.0,0.0,1.1591319001564628e-16,0,0.0,False,terminal,0.01938684220996459
100000002750332100,peripheral,0.4,6,0.09106165893126374,"Вход/выход: 1/0 связей, 11 360/0 KZT; признаков специальной роли недостаточно",1,False,1,0,11360.0,0.0,1,0,0.00028678928253129574,0.0,False,11360.0,0.0,0.0,6.892159637755824e-18,1,1.0,False,other,0.11058616677135409
100000002750956100,peripheral,0.4,0,0.09169673525456243,"Вход/выход: 1/0 связей, 47 416/0 KZT; признаков специальной роли недостаточно",1,False,1,0,47416.0,0.0,1,0,0.00029446702151480483,0.0,False,47416.0,0.0,0.0,1.6564970601389347e-14,1,1.0,False,other,0.11135740965255243
100000002752565100,peripheral,0.3,4,0.0,"Глубина 4, выход 0, вход 57 000 KZT; обход обрезан, данных для гипотезы о конечном получателе недостаточно",4,False,1,0,57000.0,0.0,1,0,0.00033823599365261585,0.0,True,57000.0,0.0,0.0,2.3761596487112037e-61,0,0.0,False,truncated,-0.28587989241562506
100000002753146100,terminal,0.7,10,0.024039727191662193,"Вход 803 540 KZT от 1 плательщика, выход 0; глубина 3; признаки конечного получателя",3,False,1,0,803540.0,0.0,3,0,0.00032384338947373374,0.0,False,803540.0,0.0,0.0,1.1689368060388105e-16,0,0.0,False,terminal,0.019462719447868492
100000002755292100,terminal,0.7,5,0.015460236910776165,"Вход 203 400 KZT от 1 плательщика, выход 0; глубина 3; признаки конечного получателя",3,False,1,0,203400.0,0.0,1,0,0.0002921613202239594,0.0,False,203400.0,0.0,0.0,1.2301718322470261e-12,0,0.0,False,terminal,0.012516708330050414
100000002757240100,terminal,0.7,2,0.015761425686073475,"Вход 51 183 KZT от 1 плательщика, выход 0; глубина 2; признаки конечного получателя",2,False,1,0,51183.0,0.0,1,0,0.0003168465094748041,0.0,False,51183.0,0.0,0.0,2.6142396005041903e-15,0,0.0,False,terminal,0.012760552720950644
100000002757791100,terminal,0.7,26,0.0155469233035611,"Вход 73 050 KZT от 1 плательщика, выход 0; глубина 3; признаки конечного получателя",3,False,1,0,73050.0,0.0,1,0,0.0003110385580772536,0.0,False,73050.0,0.0,0.0,1.5359685471645995e-20,0,0.0,False,terminal,0.012586890197309958
100000002757797100,terminal,0.7,11,0.13866945752398585,"Вход 100 000 KZT от 1 плательщика, выход 0; глубина 1; признаки конечного получателя",1,False,1,0,100000.0,0.0,1,0,0.00030216479959665387,0.0,False,100000.0,0.0,0.0,6.980007138774579e-19,1,1.0,False,terminal,0.11226769448172107
100000002760175100,terminal,0.7,9,0.14046525695709683,"Вход 187 410 KZT от 1 плательщика, выход 0; глубина 1; признаки конечного получателя",1,False,1,0,187410.0,0.0,1,0,0.00031399380182834,0.0,False,187410.0,0.0,0.0,5.5625195305995705e-14,1,1.0,False,terminal,0.11372158537959291
100000002762076100,peripheral,0.4,6,0.10136155643754183,"Вход/выход: 2/1 связей, 140 350/30 000 KZT; признаков специальной роли недостаточно",1,False,2,1,140350.0,30000.0,2,1,0.00029914566971164536,0.21375133594584966,False,170350.0,8.922564630596902e-07,8.288897912611635e-103,1.387889177197599e-16,2,1.0,False,other,0.12309446276250112
100000002769809100,terminal,0.7,17,0.021012915718947332,"Вход 113 422 KZT от 1 плательщика, выход 0; глубина 3; признаки конечного получателя",3,False,1,0,113422.0,0.0,1,0,0.00037774425946329753,0.0,False,113422.0,0.0,0.0,5.343610477174269e-61,0,0.0,False,terminal,0.017012193198324737
100000002773323100,peripheral,0.4,7,0.029333671631070386,"Вход 285 000, выход 1 171 644 KZT; возможны пропущенные входящие или начальный остаток; для проверки запросить выписку",3,False,2,1,285000.0,1171644.0,2,2,0.00032549778860022544,4.111031578947369,False,1456644.0,2.048085485307213e-05,8.957177658034679e-33,1.4075427043436562e-18,0,0.0,True,missing_incoming,0.03562309693323605
100000002774456100,terminal,0.7,9,0.13748012477098226,"Вход 50 363 KZT от 1 плательщика, выход 0; глубина 1; признаки конечного получателя",1,False,1,0,50363.0,0.0,1,0,0.00029320785927153167,0.0,False,50363.0,0.0,0.0,1.4948250953502274e-14,1,1.0,False,terminal,0.11130480295149195
100000002778085100,terminal,0.7,3,0.13760394429491585,"Вход 66 208 KZT от 1 плательщика, выход 0; глубина 1; признаки конечного получателя",1,False,1,0,66208.0,0.0,1,0,0.0002926878495051835,0.0,False,66208.0,0.0,0.0,1.7821251749955395e-15,1,1.0,False,terminal,0.11140504804318019
100000002779485100,terminal,0.7,4,0.03358954791092868,"Вход 91 000 KZT от 1 плательщика, выход 0; глубина 2; признаки конечного получателя",2,False,1,0,91000.0,0.0,2,0,0.0005469132844919467,0.0,False,91000.0,0.0,0.0,4.820681528214136e-80,0,0.0,False,terminal,0.02719431639797822
100000002781227100,transit,0.7888285578907138,63,0.3282276279219557,"Вход 191 168, выход 212 420 KZT; передаёт 111.1%; 2/3 связей; признаки транзита",1,False,2,3,191167.62,212420.0,8,10,0.002326592189666956,1.1111714421092862,False,403587.62,0.0,2.401697443073136e-20,2.4202161691471543e-70,1,0.5,False,transit,0.19930141634989224
100000002784085100,terminal,0.7,6,0.1400690620903938,"Вход 200 000 KZT от 1 плательщика, выход 0; глубина 1; признаки конечного получателя",1,False,1,0,200000.0,0.0,1,0,0.0003070479617173764,0.0,False,200000.0,0.0,0.0,1.2134083869288421e-16,1,1.0,False,terminal,0.11340082343933258
100000002791494100,peripheral,0.3,8,0.0,"Глубина 4, выход 0, вход 85 860 KZT; обход обрезан, данных для гипотезы о конечном получателе недостаточно",4,False,1,0,85860.0,0.0,1,0,0.00031770918329048745,0.0,True,85860.0,0.0,0.0,1.9637797760312894e-19,0,0.0,False,truncated,-0.28689742682021585
100000002793851100,peripheral,0.4,3,0.0910579442741367,"Вход/выход: 1/0 связей, 11 052/0 KZT; признаков специальной роли недостаточно",1,False,1,0,11052.0,0.0,1,0,0.0002867575837448675,0.0,False,11052.0,0.0,0.0,2.9748742499472424e-16,1,1.0,False,other,0.11058165565550832
100000002793881100,consolidator,0.65,7,0.08911153351737126,Вход 785 600 KZT от 3 плательщиков; передаёт 0.0%; признаки консолидации,3,False,3,0,785600.0,0.0,3,0,0.0003750831470797382,0.0,False,785600.0,0.0,0.0,2.2708583706817963e-16,0,0.0,False,consolidator,0.04328716617930989
100000002794197100,peripheral,0.4,6,0.09121586835210181,"Вход/выход: 1/0 связей, 30 100/0 KZT; признаков специальной роли недостаточно",1,False,1,0,30100.0,0.0,1,0,0.0002872952956036898,0.0,False,30100.0,0.0,0.0,4.658303436811098e-17,1,1.0,False,other,0.11077344019609354
100000002794374100,peripheral,0.3,48,0.0,"Глубина 4, выход 0, вход 111 000 KZT; обход обрезан, данных для гипотезы о конечном получателе недостаточно",4,False,1,0,111000.0,0.0,1,0,0.0003637625168388325,0.0,True,111000.0,0.0,0.0,2.3549245484233284e-55,0,0.0,False,truncated,-0.28386500181166074
100000002796853100,peripheral,0.4,63,0.10252596214005426,"Вход/выход: 1/1 связей, 199 000/46 168 KZT; признаков специальной роли недостаточно",2,False,1,1,199000.0,46167.62,8,5,0.0021135984327107075,0.23199809045226133,False,245167.62,0.0,3.380840298488637e-72,1.2508789696752924e-21,0,0.0,False,other,0.12450852840460361
100000002799941100,terminal,0.7,17,0.026814178155330676,"Вход 600 000 KZT от 1 плательщика, выход 0; глубина 3; признаки конечного получателя",3,False,1,0,600000.0,0.0,1,0,0.0003881784929365065,0.0,False,600000.0,0.0,0.0,2.6070483665063263e-15,0,0.0,False,terminal,0.021708932988364765
100000002807334100,terminal,0.7,5,0.013564098080741478,"Вход 54 715 KZT от 1 плательщика, выход 0; глубина 3; признаки конечного получателя",3,False,1,0,54715.0,0.0,1,0,0.00028734256217675437,0.0,False,54715.0,0.0,0.0,3.309186420914259e-13,0,0.0,False,terminal,0.01098158200399234
100000002809568100,peripheral,0.4,0,0.09108545807191694,"Вход/выход: 1/0 связей, 10 000/0 KZT; признаков специальной роли недостаточно",1,False,1,0,10000.0,0.0,1,0,0.0002874458184490932,0.0,False,10000.0,0.0,0.0,3.493540282054443e-15,1,1.0,False,other,0.11061506867988705
100000002809896100,peripheral,0.4,8,0.009553059951785927,"Вход/выход: 1/0 связей, 38 000/0 KZT; признаков специальной роли недостаточно",3,False,1,0,38000.0,0.0,1,0,0.0002997274196422279,0.0,False,38000.0,0.0,0.0,1.0146714036501366e-19,0,0.0,False,other,0.01160132918072989
100000002810870100,peripheral,0.4,1,0.09151007244107758,"Вход/выход: 1/0 связей, 33 677/0 KZT; признаков специальной роли недостаточно",1,False,1,0,33677.0,0.0,1,0,0.00029263770204239665,0.0,False,33677.0,0.0,0.0,2.949874749300396e-39,1,1.0,False,other,0.11113072451125024
100000002812641100,peripheral,0.4,6,0.09844878714496214,"Вход/выход: 1/1 связей, 10 000/7 024 KZT; признаков специальной роли недостаточно",2,False,1,1,10000.0,7023.95,1,1,0.002063853851346031,0.702395,False,17023.95,0.0,7.293057448178902e-19,2.7818170943428587e-121,0,0.0,False,other,0.11955716732404621
100000002815005100,terminal,0.7,7,0.020305796478977185,"Вход 476 500 KZT от 1 плательщика, выход 0; глубина 3; признаки конечного получателя",3,False,1,0,476500.0,0.0,1,0,0.00031901272651967556,0.0,False,476500.0,0.0,0.0,4.024541940938003e-17,0,0.0,False,terminal,0.01643970486374404
100000002818726100,peripheral,0.4,12,0.008855511279559095,"Вход/выход: 1/0 связей, 10 879/0 KZT; признаков специальной роли недостаточно",3,False,1,0,10879.0,0.0,1,0,0.0002895964508153981,0.0,False,10879.0,0.0,0.0,4.2967007460369934e-17,0,0.0,False,other,0.010754219269672368
100000002820010100,peripheral,0.4,6,0.009070518930391925,"Вход/выход: 1/0 связей, 30 000/0 KZT; признаков специальной роли недостаточно",2,False,1,0,30000.0,0.0,1,0,0.00029125521728309953,0.0,False,30000.0,0.0,0.0,9.59087854642841e-19,0,0.0,False,other,0.011015326657909871
100000002821425100,terminal,0.7,10,0.016690266193237175,"Вход 275 000 KZT от 1 плательщика, выход 0; глубина 3; признаки конечного получателя",3,False,1,0,275000.0,0.0,1,0,0.00029866805245648467,0.0,False,275000.0,0.0,0.0,4.0005179787026514e-17,0,0.0,False,terminal,0.013512548035149258
100000002822472100,terminal,0.7,10,0.030498522168815875,"Вход 266 722 KZT от 2 плательщиков, выход 0; глубина 3; признаки конечного получателя",3,False,2,0,266722.0,0.0,2,0,0.00031223557685989975,0.0,False,266722.0,0.0,0.0,3.4331085644778564e-17,0,0.0,False,terminal,0.024691801858389498
100000002824176100,terminal,0.7,6,0.1418809368095777,"Вход 144 000 KZT от 1 плательщика, выход 0; глубина 1; признаки конечного получателя",1,False,1,0,144000.0,0.0,1,0,0.0003385981575005863,0.0,False,144000.0,0.0,0.0,8.333041583796966e-19,1,1.0,False,terminal,0.1148677289933354
100000002826669100,terminal,0.7,0,0.028948533804175083,"Вход 159 900 KZT от 1 плательщика, выход 0; глубина 2; признаки конечного получателя",2,False,1,0,159900.0,0.0,4,0,0.0004762394546257399,0.0,False,159900.0,0.0,0.0,3.216978448340791e-17,0,0.0,False,terminal,0.023436921199888217
100000002830055100,peripheral,0.4,1,0.09116651952690648,"Вход/выход: 1/0 связей, 14 000/0 KZT; признаков специальной роли недостаточно",1,False,1,0,14000.0,0.0,1,0,0.0002885077302285591,0.0,False,14000.0,0.0,0.0,1.2263041984204514e-39,1,1.0,False,other,0.1107135105014551
100000002831727100,peripheral,0.4,17,0.00955653947022644,"Вход 6 000, выход 77 000 KZT; возможны пропущенные входящие или начальный остаток; для проверки запросить выписку",2,False,1,1,6000.0,77000.0,1,3,0.0002907462180152881,12.833333333333334,False,83000.0,1.8699910952804988e-05,8.526160245264659e-85,2.2055547220043066e-65,0,0.0,True,missing_incoming,0.011605554741861354
100000002832753100,peripheral,0.3,14,0.0,"Глубина 4, выход 0, вход 12 500 KZT; обход обрезан, данных для гипотезы о конечном получателе недостаточно",4,False,1,0,12500.0,0.0,1,0,0.0007555331214190867,0.0,True,12500.0,0.0,0.0,4.087512849276127e-117,0,0.0,False,truncated,-0.2606730431838412
100000002835874100,peripheral,0.3,7,0.0,"Глубина 4, выход 0, вход 58 700 KZT; обход обрезан, данных для гипотезы о конечном получателе недостаточно",4,False,1,0,58700.0,0.0,1,0,0.00029329173220691884,0.0,True,58700.0,0.0,0.0,8.398522929385866e-19,0,0.0,False,truncated,-0.28862054060122094
100000002836052100,peripheral,0.4,2,0.00969487800167181,"Вход/выход: 1/0 связей, 15 000/0 KZT; признаков специальной роли недостаточно",2,False,1,0,15000.0,0.0,1,0,0.0003056660501463524,0.0,False,15000.0,0.0,0.0,1.2372565751515119e-65,0,0.0,False,other,0.011773554403726395
100000002836736100,terminal,0.7,6,0.10531763809313222,"Вход 509 000 KZT от 2 плательщиков, выход 0; глубина 1; признаки конечного получателя",1,False,2,0,509000.0,0.0,2,0,0.0004517900546889058,0.0,False,509000.0,0.0,0.0,3.0365971377472994e-16,1,0.5,False,terminal,0.0852658446069933
100000002838519100,peripheral,0.4,13,0.009568653571542773,"Вход/выход: 1/0 связей, 46 900/0 KZT; признаков специальной роли недостаточно",3,False,1,0,46900.0,0.0,1,0,0.0002988256561865499,0.0,False,46900.0,0.0,0.0,3.2938801918695485e-18,0,0.0,False,other,0.011620266224654176
100000002838861100,consolidator,0.75,6,0.43108379306254435,Вход 554 524 KZT от 5 плательщиков; передаёт 1.8%; признаки консолидации,1,False,5,1,554523.95,10000.0,5,1,0.00211991864726069,0.018033486200190272,False,564523.95,1.8699910952804988e-05,8.417082485105925e-124,3.4315885617840614e-16,2,0.4,False,consolidator,0.20940494513954205
100000002842321100,terminal,0.7,5,0.014906768671051208,"Вход 160 000 KZT от 1 плательщика, выход 0; глубина 3; признаки конечного получателя",3,False,1,0,160000.0,0.0,1,0,0.00029075476206914423,0.0,False,160000.0,0.0,0.0,9.676867903614757e-13,0,0.0,False,terminal,0.012068616844352998
100000002842337100,terminal,0.7,6,0.01952068278826214,"Вход 50 000 KZT от 1 плательщика, выход 0; глубина 2; признаки конечного получателя",2,False,1,0,50000.0,0.0,1,0,0.0003666617032550871,0.0,False,50000.0,0.0,0.0,9.842077248097828e-75,0,0.0,False,terminal,0.01580407171469702
100000002844652100,terminal,0.7,6,0.13728146058813603,"Вход 61 360 KZT от 1 плательщика, выход 0; глубина 1; признаки конечного получателя",1,False,1,0,61360.0,0.0,1,0,0.0002890878139870397,0.0,False,61360.0,0.0,0.0,9.496129530987674e-17,1,1.0,False,terminal,0.11114396313728571
100000002844897100,peripheral,0.4,6,0.09105477851965657,"Вход/выход: 1/0 связей, 10 800/0 KZT; признаков специальной роли недостаточно",1,False,1,0,10800.0,0.0,1,0,0.00028672914226229553,0.0,False,10800.0,0.0,0.0,6.552405289415748e-18,1,1.0,False,other,0.11057781113239062
100000002845605100,terminal,0.7,0,0.13779386309195563,"Вход 57 567 KZT от 1 плательщика, выход 0; глубина 1; признаки конечного получателя",1,False,1,0,57567.0,0.0,1,0,0.00029637188126250733,0.0,False,57567.0,0.0,0.0,2.0111263341702812e-14,1,1.0,False,terminal,0.11155880753617244
100000002847207100,peripheral,0.4,2,0.09170694261594413,"Вход/выход: 1/0 связей, 46 243/0 KZT; признаков специальной роли недостаточно",1,False,1,0,46243.0,0.0,1,0,0.0002948288276237539,0.0,False,46243.0,0.0,0.0,2.2717383882614822e-14,1,1.0,False,other,0.11136980557177135
100000002849158100,peripheral,0.4,7,0.042445655799043434,"Вход 723 000, выход 1 313 000 KZT; возможны пропущенные входящие или начальный остаток; для проверки запросить выписку",3,False,3,1,723000.0,1313000.0,3,3,0.00033624556849174277,1.8160442600276625,False,2036000.0,2.226179875333927e-05,1.3452702283551554e-30,3.1494380309564304e-16,0,0.0,True,missing_incoming,0.05154641839388869
100000002852402100,terminal,0.7,14,0.016570760321863248,"Вход 55 000 KZT от 1 плательщика, выход 0; глубина 2; признаки конечного получателя",2,False,1,0,55000.0,0.0,1,0,0.00032701738322827895,0.0,False,55000.0,0.0,0.0,1.6635005799513078e-66,0,0.0,False,terminal,0.013415795304621997
100000002858835100,peripheral,0.4,1,0.09134809955980679,"Вход/выход: 1/0 связей, 24 400/0 KZT; признаков специальной роли недостаточно",1,False,1,0,24400.0,0.0,1,0,0.0002906905684083584,0.0,False,24400.0,0.0,0.0,2.137273031532787e-39,1,1.0,False,other,0.11093402306444078
100000002860934100,peripheral,0.3,27,0.0,"Глубина 4, выход 0, вход 279 500 KZT; обход обрезан, данных для гипотезы о конечном получателе недостаточно",4,False,1,0,279500.0,0.0,4,0,0.0005814420132554212,0.0,True,279500.0,0.0,0.0,2.0749730764692063e-29,0,0.0,False,truncated,-0.26911752282892787
100000002861485100,peripheral,0.4,3,0.09128254500011733,"Вход/выход: 1/0 связей, 29 323/0 KZT; признаков специальной роли недостаточно",1,False,1,0,29323.0,0.0,1,0,0.00028872204610085294,0.0,False,29323.0,0.0,0.0,7.892891569960459e-16,1,1.0,False,other,0.11085441296777086
100000002862113100,peripheral,0.4,13,0.009579325313326809,"Вход/выход: 1/0 связей, 47 405/0 KZT; признаков специальной роли недостаточно",3,False,1,0,47405.0,0.0,2,0,0.00029896839526532333,0.0,False,47405.0,0.0,0.0,3.3293473453214483e-18,0,0.0,False,other,0.011633226091962996
100000002863356100,peripheral,0.4,1,0.009802291226234426,"Вход/выход: 1/1 связей, 45 000/20 000 KZT; признаков специальной роли недостаточно",2,False,1,1,45000.0,20000.0,1,1,0.0003008529731942847,0.4444444444444444,False,65000.0,8.904719501335708e-07,1.480748810291788e-110,6.050431367274314e-36,0,0.0,False,other,0.01190399807128462
100000002864256100,terminal,0.7,2,0.1398399094663664,"Вход 135 780 KZT от 1 плательщика, выход 0; глубина 1; признаки конечного получателя",1,False,1,0,135780.0,0.0,1,0,0.0003127573971935152,0.0,False,135780.0,0.0,0.0,6.670342286576218e-14,1,1.0,False,terminal,0.11321529998490108
100000002864680100,terminal,0.7,11,0.1376619175212541,"Вход 55 932 KZT от 1 плательщика, выход 0; глубина 1; признаки конечного получателя",1,False,1,0,55932.0,0.0,1,0,0.00029485149228607616,0.0,False,55932.0,0.0,0.0,3.904057592859398e-19,1,1.0,False,terminal,0.1114519835441829
100000002870463100,peripheral,0.4,6,0.11037462835989467,"Вход/выход: 3/1 связей, 207 000/10 000 KZT; признаков специальной роли недостаточно",2,False,3,1,207000.0,10000.0,4,1,0.0019299755548282868,0.04830917874396135,False,217000.0,1.9590382902938557e-05,8.417082485105925e-124,3.312170953346019e-18,0,0.0,False,other,0.13404002521354189
100000002870937100,terminal,0.7,6,0.13760852652095845,"Вход 83 700 KZT от 1 плательщика, выход 0; глубина 1; признаки конечного получателя",1,False,1,0,83700.0,0.0,1,0,0.0002903688396007325,0.0,False,83700.0,0.0,0.0,1.2953488294388337e-16,1,1.0,False,terminal,0.11140875784317927
100000002871199100,peripheral,0.4,13,0.009067525483093987,"Вход/выход: 1/0 связей, 23 186/0 KZT; признаков специальной роли недостаточно",3,False,1,0,23186.0,0.0,1,0,0.00029212285516866057,0.0,False,23186.0,0.0,0.0,1.6283988513579393e-18,0,0.0,False,other,0.011011691386314817
100000002872399100,terminal,0.7,50,0.05590491220351208,"Вход 1 090 000 KZT от 1 плательщика, выход 0; глубина 3; признаки конечного получателя",3,False,1,0,1090000.0,0.0,9,0,0.0007057669186571367,0.0,False,1090000.0,0.0,0.0,9.706464781824992e-18,0,0.0,False,terminal,0.04526098043042904
100000002876914100,peripheral,0.3,18,0.0,"Глубина 4, выход 0, вход 12 000 KZT; обход обрезан, данных для гипотезы о конечном получателе недостаточно",4,False,1,0,12000.0,0.0,1,0,0.00029199108961479553,0.0,True,12000.0,0.0,0.0,2.4844447576924464e-21,0,0.0,False,truncated,-0.28908965611546183
100000002877262100,terminal,0.7,7,0.014982542877220789,"Вход 100 000 KZT от 1 плательщика, выход 0; глубина 3; признаки конечного получателя",3,False,1,0,100000.0,0.0,1,0,0.00029991776286086456,0.0,False,100000.0,0.0,0.0,4.871042129165254e-19,0,0.0,False,terminal,0.012129964134374449
100000002878467100,terminal,0.7,7,0.02997548892630874,"Вход 200 000 KZT от 2 плательщиков, выход 0; глубина 3; признаки конечного получателя",3,False,2,0,200000.0,0.0,2,0,0.00031440364212176087,0.0,False,200000.0,0.0,0.0,3.2599762114874755e-17,0,0.0,False,terminal,0.02426835074433709
100000002878483100,peripheral,0.3,18,0.0,"Глубина 4, выход 0, вход 6 000 KZT; обход обрезан, данных для гипотезы о конечном получателе недостаточно",4,False,1,0,6000.0,0.0,1,0,0.00028878019191604315,0.0,True,6000.0,0.0,0.0,1.2422223788462232e-21,0,0.0,False,truncated,-0.2893364947243976
100000002881669100,peripheral,0.4,11,0.0912055898149019,"Вход/выход: 1/0 связей, 18 600/0 KZT; признаков специальной роли недостаточно",1,False,1,0,18600.0,0.0,1,0,0.0002886560582178524,0.0,False,18600.0,0.0,0.0,1.2982813278120718e-19,1,1.0,False,other,0.1107609578402668
100000002883402100,terminal,0.7,7,0.04283099442294828,"Вход 300 000 KZT от 3 плательщиков, выход 0; глубина 3; признаки конечного получателя",3,False,3,0,300000.0,0.0,3,0,0.0003006570717458922,0.0,False,300000.0,0.0,0.0,1.1517930228489342e-16,0,0.0,False,terminal,0.03467625158475951
100000002884708100,peripheral,0.3,7,0.0,"Глубина 4, выход 0, вход 1 171 644 KZT; обход обрезан, данных для гипотезы о конечном получателе недостаточно",4,False,1,0,1171644.0,0.0,2,0,0.0005625754563953265,0.0,True,1171644.0,0.0,0.0,2.526634975755614e-32,0,0.0,False,truncated,-0.26283506400127365
100000002886166100,terminal,0.7,23,0.017725952563344274,"Вход 185 000 KZT от 1 плательщика, выход 0; глубина 3; признаки конечного получателя",3,False,1,0,185000.0,0.0,3,0,0.0003245911501737051,0.0,False,185000.0,0.0,0.0,9.61820807497139e-40,0,0.0,False,terminal,0.014351046454730617
100000002890167100,terminal,0.7,3,0.13856170885970862,"Вход 118 150 KZT от 1 плательщика, выход 0; глубина 1; признаки конечного получателя",1,False,1,0,118150.0,0.0,1,0,0.00029827255224146494,0.0,False,118150.0,0.0,0.0,3.180251471509833e-15,1,1.0,False,terminal,0.11218046046250815
100000002891765100,terminal,0.7,13,0.014627994312913065,"Вход 55 576 KZT от 1 плательщика, выход 0; глубина 3; признаки конечного получателя",3,False,1,0,55576.0,0.0,1,0,0.0003012779418250422,0.0,False,55576.0,0.0,0.0,3.903212911371898e-18,0,0.0,False,terminal,0.011842919311330071
100000002893020100,peripheral,0.4,8,0.009048364586287962,"Вход/выход: 1/0 связей, 18 340/0 KZT; признаков специальной роли недостаточно",3,False,1,0,18340.0,0.0,1,0,0.00029240245264606314,0.0,False,18340.0,0.0,0.0,4.8971246165640804e-20,0,0.0,False,other,0.010988422206348759
100000002894076100,consolidator,0.7,6,0.22023242372054294,Вход 1 122 782 KZT от 4 плательщиков; передаёт 0.0%; признаки консолидации,1,False,4,0,1122782.0,0.0,6,0,0.0003826799433759154,0.0,False,1122782.0,0.0,0.0,2.49877183305079e-14,2,0.5,False,consolidator,0.1069809613567579
100000002896506100,peripheral,0.3,5,0.0,"Глубина 4, выход 0, вход 45 000 KZT; обход обрезан, данных для гипотезы о конечном получателе недостаточно",4,False,1,0,45000.0,0.0,1,0,0.0003136296448083371,0.0,True,45000.0,0.0,0.0,7.435434244840646e-54,0,0.0,False,truncated,-0.287488177518039
100000002901457100,peripheral,0.4,0,0.016782954096921387,"Вход/выход: 1/3 связей, 340 000/119 000 KZT; признаков специальной роли недостаточно",3,False,1,3,340000.0,119000.0,1,3,0.00037426561132708236,0.35,False,459000.0,7.301869991095281e-05,7.823376879028887e-16,1.094716170306309e-13,0,0.0,False,other,0.02038138314698472
100000002904919100,peripheral,0.4,0,0.00944733843016224,"Вход/выход: 1/1 связей, 60 325/5 500 KZT; признаков специальной роли недостаточно",3,False,1,1,60325.0,5500.0,1,1,0.00029091905114297305,0.09117281392457521,False,65825.0,1.8699910952804988e-05,3.170442790534066e-135,6.106143378478273e-14,0,0.0,False,other,0.011472939933720637
100000002906470100,terminal,0.7,17,0.01588836593230266,"Вход 130 000 KZT от 1 плательщика, выход 0; глубина 3; признаки конечного получателя",3,False,1,0,130000.0,0.0,1,0,0.00030780128727312094,0.0,False,130000.0,0.0,0.0,5.64860479409704e-16,0,0.0,False,terminal,0.012863324369701255
100000002908521100,peripheral,0.4,1,0.00923364855459324,"Вход/выход: 1/0 связей, 44 500/0 KZT; признаков специальной роли недостаточно",3,False,1,0,44500.0,0.0,1,0,0.00029251475539092793,0.0,False,44500.0,0.0,0.0,6.758618644899323e-42,0,0.0,False,other,0.011213432864616383
100000002911170100,terminal,0.7,30,0.018793620576361247,"Вход 300 000 KZT от 1 плательщика, выход 0; глубина 2; признаки конечного получателя",2,False,1,0,300000.0,0.0,2,0,0.00032304938435236,0.0,False,300000.0,0.0,0.0,2.327062473845356e-15,0,0.0,False,terminal,0.015215437420366022
100000002913340100,peripheral,0.4,1,0.008925505821798206,"Вход/выход: 1/0 связей, 23 600/0 KZT; признаков специальной роли недостаточно",3,False,1,0,23600.0,0.0,1,0,0.00028925272980600625,0.0,False,23600.0,0.0,0.0,3.5843460678567196e-42,0,0.0,False,other,0.01083922132445573
100000002914245100,terminal,0.7,4,0.01507269398186937,"Вход 140 611 KZT от 1 плательщика, выход 0; глубина 3; признаки конечного получателя",3,False,1,0,140611.0,0.0,1,0,0.00029558398554384,0.0,False,140611.0,0.0,0.0,8.622101654509546e-15,0,0.0,False,terminal,0.012202951054887397
100000002916006100,peripheral,0.4,19,0.00021971348716310265,"Вход/выход: 0/1 связей, 0/32 000 KZT; признаков специальной роли недостаточно; seed: входящие суммы занижены методом сбора",0,True,0,1,0.0,32000.0,0,1,0.0002855692942172909,,False,32000.0,0.0,5.753882528125044e-81,0.0,0,0.0,True,other,0.0002668222017751181
100000002921047100,peripheral,0.4,6,0.063517963862849,"Вход/выход: 2/1 связей, 338 000/163 000 KZT; признаков специальной роли недостаточно",1,False,2,1,338000.0,163000.02,2,1,0.00031704809387447845,0.48224857988165676,False,501000.02,2.048085485307213e-05,1.8256542042049756e-70,2.7316372333633185e-16,1,0.5,False,other,0.07713683483425182
100000002922000100,peripheral,0.3,45,0.0,"Глубина 4, выход 0, вход 448 000 KZT; обход обрезан, данных для гипотезы о конечном получателе недостаточно",4,False,1,0,448000.0,0.0,1,0,0.0004597224521428434,0.0,True,448000.0,0.0,0.0,7.938313083978883e-19,0,0.0,False,truncated,-0.2751732418260386
100000002926970100,terminal,0.7,8,0.016139407998259078,"Вход 85 000 KZT от 1 плательщика, выход 0; глубина 3; признаки конечного получателя",3,False,1,0,85000.0,0.0,1,0,0.00031723878529938684,0.0,False,85000.0,0.0,0.0,2.269659718691095e-19,0,0.0,False,terminal,0.013066569658650194
100000002933386100,peripheral,0.4,2,0.027767760052208556,"Вход 15 000, выход 58 000 KZT; возможны пропущенные входящие или начальный остаток; для проверки запросить выписку",3,False,1,1,15000.0,58000.0,1,1,0.000652782324912921,3.8666666666666667,False,73000.0,1.9590382902938557e-05,3.2809023147051785e-90,1.0381323173024496e-113,0,0.0,True,missing_incoming,0.033721438638827844
100000002934441100,terminal,0.7,0,0.08939810102340004,"Вход 60 846 KZT от 2 плательщиков, выход 0; глубина 1; признаки конечного получателя",1,False,2,0,60845.6,0.0,2,0,0.00030248130107500554,0.0,False,60845.6,0.0,0.0,1.3163226950583248e-14,1,0.5,False,terminal,0.07237728388174504
100000002936322100,terminal,0.7,4,0.03995756976765913,"Вход 787 133 KZT от 2 плательщиков, выход 0; глубина 3; признаки конечного получателя",3,False,2,0,787133.0,0.0,2,0,0.0003663812869632315,0.0,False,787133.0,0.0,0.0,4.8579198316505004e-14,0,0.0,False,terminal,0.032349908299970594
100000002938501100,peripheral,0.4,3,0.09253771775745791,"Вход/выход: 1/1 связей, 8 395/5 000 KZT; признаков специальной роли недостаточно",1,False,1,1,8395.0,5000.0,1,1,0.00028647190827664715,0.5955926146515783,False,13395.0,0.00018699910952804988,1.8823590209345716e-24,2.2596877785294157e-16,1,1.0,False,other,0.11237870700654848
100000002939838100,consolidator,0.65,3,0.15720058548550636,Вход 571 233 KZT от 3 плательщиков; передаёт 0.0%; признаки консолидации,1,False,3,0,571233.0,0.0,3,0,0.0004000333621032979,0.0,False,571233.0,0.0,0.0,4.622965911566386e-14,1,0.3333333333333333,False,consolidator,0.0763623697045839
100000002941114100,peripheral,0.4,9,0.13665012858447634,"Вход/выход: 2/1 связей, 128 510/15 000 KZT; признаков специальной роли недостаточно",1,False,2,1,128510.0,15000.0,15,1,0.0018146321453408293,0.11672243405182477,False,143510.0,2.048085485307213e-05,4.711692959410604e-116,7.426554918782238e-15,1,0.5,False,other,0.1659492489630198
100000002943472100,terminal,0.7,7,0.016463889956313583,"Вход 170 000 KZT от 1 плательщика, выход 0; глубина 3; признаки конечного получателя",3,False,1,0,170000.0,0.0,1,0,0.00030996169091136613,0.0,False,170000.0,0.0,0.0,8.280771619580932e-19,0,0.0,False,terminal,0.013329272361769897
100000002945031100,peripheral,0.4,12,0.00896080194066142,"Вход/выход: 1/0 связей, 15 000/0 KZT; признаков специальной роли недостаточно",3,False,1,0,15000.0,0.0,1,0,0.000291121950616924,0.0,False,15000.0,0.0,0.0,5.924304733022787e-17,0,0.0,False,other,0.010882085275462102
100000002945626100,consolidator,0.65,7,0.08094213094442629,Вход 584 000 KZT от 3 плательщиков; передаёт 0.0%; признаки консолидации,3,False,3,0,584000.0,0.0,3,0,0.0003377644362503449,0.0,False,584000.0,0.0,0.0,2.0946534614060447e-16,0,0.0,False,consolidator,0.03931876531353627
100000002947299100,terminal,0.7,2,0.017674235746795674,"Вход 85 000 KZT от 1 плательщика, выход 0; глубина 2; признаки конечного получателя",2,False,1,0,85000.0,0.0,1,0,0.0003375116050800505,0.0,False,85000.0,0.0,0.0,4.341487721369521e-15,0,0.0,False,terminal,0.014309176183774657
100000002948492100,peripheral,0.4,13,0.009077542127857616,"Вход/выход: 1/0 связей, 23 660/0 KZT; признаков специальной роли недостаточно",3,False,1,0,23660.0,0.0,1,0,0.00029225683204655884,0.0,False,23660.0,0.0,0.0,1.6616888132118019e-18,0,0.0,False,other,0.011023855697412602
100000002951898100,peripheral,0.4,13,0.009422630332478038,"Вход/выход: 1/0 связей, 39 990/0 KZT; признаков специальной роли недостаточно",3,False,1,0,39990.0,0.0,1,0,0.00029687253334630294,0.0,False,39990.0,0.0,0.0,2.8085771614682993e-18,0,0.0,False,other,0.011442934178903776
100000002952631100,peripheral,0.4,3,0.09151275121737085,"Вход/выход: 1/0 связей, 48 050/0 KZT; признаков специальной роли недостаточно",1,False,1,0,48050.0,0.0,1,0,0.00029073553668924657,0.0,False,48050.0,0.0,0.0,1.2933650715704397e-15,1,1.0,False,other,0.11113397764330808
100000002952756100,peripheral,0.4,9,0.01304605004936054,"Вход/выход: 1/0 связей, 47 000/0 KZT; признаков специальной роли недостаточно",3,False,1,0,47000.0,0.0,1,0,0.0003677090010006242,0.0,False,47000.0,0.0,0.0,1.300884300680037e-20,0,0.0,False,other,0.01584325042392455
100000002954780100,terminal,0.7,7,0.014760553619014372,"Вход 133 400 KZT от 1 плательщика, выход 0; глубина 3; признаки конечного получателя",3,False,1,0,133400.0,0.0,1,0,0.00029244202248115297,0.0,False,133400.0,0.0,0.0,8.331174209268805e-17,0,0.0,False,terminal,0.01195024018748996
100000002956769100,consolidator,0.65,10,0.09126922296699273,Вход 840 000 KZT от 3 плательщиков; передаёт 0.0%; признаки консолидации,3,False,3,0,840000.0,0.0,3,0,0.00038478275617858006,0.0,False,840000.0,0.0,0.0,2.0942049072462854e-16,0,0.0,False,consolidator,0.04433529382432344
100000002956779100,terminal,0.7,2,0.025997889832821024,"Вход 411 000 KZT от 1 плательщика, выход 0; глубина 3; признаки конечного получателя",3,False,1,0,411000.0,0.0,1,0,0.00040310724815078523,0.0,False,411000.0,0.0,0.0,2.1485763227774232e-16,0,0.0,False,terminal,0.02104806065471005
100000002956898100,terminal,0.7,14,0.03563194867380032,"Вход 290 240 KZT от 2 плательщиков, выход 0; глубина 2; признаки конечного получателя",2,False,2,0,290240.0,0.0,2,0,0.000376841314812201,0.0,False,290240.0,0.0,0.0,2.463641076384887e-16,0,0.0,False,terminal,0.028847857335899937
100000002957306100,terminal,0.7,9,0.15862418952545507,"Вход 398 490 KZT от 2 плательщиков, выход 0; глубина 1; признаки конечного получателя",1,False,2,0,398490.0,0.0,2,0,0.0003551868796242705,0.0,False,398490.0,0.0,0.0,1.5502515447526696e-13,2,1.0,False,terminal,0.1284231752617484
100000002957787100,distributor,0.65,0,0.2686887454261606,"Отправляет 1 276 154 KZT на 34 получателей, 41 переводов; признаки распределения; возможен неполный вход или начальный остаток",2,False,4,34,84956.0,1276153.96,7,41,0.0006138323786231608,15.02135175855737,False,1361109.96,0.007488708494459979,8.67788760244203e-14,1.143968372732383e-16,0,0.0,True,distributor,0.14502143692775527
100000002958139100,terminal,0.7,7,0.016137198762634666,"Вход 209 500 KZT от 1 плательщика, выход 0; глубина 3; признаки конечного получателя",3,False,1,0,209500.0,0.0,2,0,0.00030027317473638757,0.0,False,209500.0,0.0,0.0,1.769447086309573e-17,0,0.0,False,terminal,0.01306478104712356
100000002958286100,terminal,0.7,6,0.14111955350541394,"Вход 257 000 KZT от 1 плательщика, выход 0; глубина 1; признаки конечного получателя",1,False,1,0,257000.0,0.0,1,0,0.00031316938195490073,0.0,False,257000.0,0.0,0.0,1.5592297772035622e-16,1,1.0,False,terminal,0.11425130811954236
100000002958343100,peripheral,0.4,50,0.05539224781494437,"Вход/выход: 1/2 связей, 2 900 000/1 390 000 KZT; признаков специальной роли недостаточно",2,False,1,2,2900000.0,1390000.0,4,17,0.000629506625887675,0.4793103448275862,False,4290000.0,0.0,3.402688809979894e-17,2.1473873247226003e-15,0,0.0,False,other,0.06726888601192105
100000002958345100,terminal,0.7,10,0.01713523299224879,"Вход 307 000 KZT от 1 плательщика, выход 0; глубина 3; признаки конечного получателя",3,False,1,0,307000.0,0.0,1,0,0.0003001922715970454,0.0,False,307000.0,0.0,0.0,4.466032798042596e-17,0,0.0,False,terminal,0.013872796048936322
100000002963189100,peripheral,0.4,13,0.05535745310669356,"Вход 490 000, выход 5 219 000 KZT; возможны пропущенные входящие или начальный остаток; для проверки запросить выписку",3,False,1,7,490000.0,5219000.0,3,15,0.00042406859837372784,10.651020408163266,False,5709000.0,7.479964381121995e-05,2.6207379715636015e-16,3.441367364639827e-17,0,0.0,True,missing_incoming,0.06722663097885287
100000002964966100,terminal,0.7,2,0.02324248721023025,"Вход 200 000 KZT от 1 плательщика, выход 0; глубина 2; признаки конечного получателя",2,False,1,0,200000.0,0.0,1,0,0.00039541593494282827,0.0,False,200000.0,0.0,0.0,2.3546456134595746e-62,0,0.0,False,terminal,0.018817268775008302
100000002968096100,peripheral,0.3,4,0.0,"Глубина 4, выход 0, вход 70 000 KZT; обход обрезан, данных для гипотезы о конечном получателе недостаточно",4,False,1,0,70000.0,0.0,1,0,0.0003194824114349239,0.0,True,70000.0,0.0,0.0,7.79539770831875e-52,0,0.0,False,truncated,-0.28692098195114213
100000002969048100,terminal,0.7,6,0.015539921685340172,"Вход 108 470 KZT от 1 плательщика, выход 0; глубина 2; признаки конечного получателя",2,False,1,0,108470.0,0.0,1,0,0.00030612769671556627,0.0,False,108470.0,0.0,0.0,3.4677419864369657e-18,0,0.0,False,terminal,0.012581221641671678
100000002970466100,peripheral,0.4,0,0.009738095154274571,"Вход 23 317, выход 93 000 KZT; возможны пропущенные входящие или начальный остаток; для проверки запросить выписку",3,False,1,2,23317.0,93000.0,1,3,0.0002868825068890663,3.9885062400823434,False,116317.0,3.7399821905609976e-05,8.014131941216088e-83,6.16939240285548e-15,0,0.0,True,missing_incoming,0.01182603773536347
100000002971593100,peripheral,0.3,5,0.0,"Глубина 4, выход 0, вход 49 050 KZT; обход обрезан, данных для гипотезы о конечном получателе недостаточно",4,False,1,0,49050.0,0.0,1,0,0.000530380154395715,0.0,True,49050.0,0.0,0.0,1.3861367417341453e-91,0,0.0,False,truncated,-0.27416885602280483
100000002973903100,terminal,0.7,11,0.08309750210981337,"Вход 92 880 KZT от 3 плательщиков, выход 0; глубина 1; признаки конечного получателя",1,False,3,0,92880.0,0.0,3,0,0.00031686903979445306,0.0,False,92880.0,0.0,0.0,4.4742354828733264e-17,1,0.3333333333333333,False,terminal,0.06727627803292603
100000002974256100,peripheral,0.4,11,0.02106020051869695,"Вход/выход: 1/0 связей, 7 200/0 KZT; признаков специальной роли недостаточно",2,False,1,0,7200.0,0.0,1,0,0.0005319059485796735,0.0,False,7200.0,0.0,0.0,2.039980039815539e-127,0,0.0,False,other,0.025575712919492913
100000002975287100,peripheral,0.4,15,0.008863408770758176,"Вход/выход: 1/0 связей, 15 000/0 KZT; признаков специальной роли недостаточно",3,False,1,0,15000.0,0.0,1,0,0.00028919231957213884,0.0,False,15000.0,0.0,0.0,3.801123035425621e-16,0,0.0,False,other,0.01076381006001231
100000002975437100,peripheral,0.4,31,0.024157969687356513,"Вход/выход: 1/1 связей, 530 000/8 500 KZT; признаков специальной роли недостаточно",3,False,1,1,530000.0,8500.0,2,1,0.000521005714309102,0.016037735849056604,False,538500.0,0.0,3.576252881384682e-66,1.0014566448054874e-16,0,0.0,False,other,0.029337674011846046
100000002981489100,peripheral,0.3,5,0.0,"Глубина 4, выход 0, вход 10 000 KZT; обход обрезан, данных для гипотезы о конечном получателе недостаточно",4,False,1,0,10000.0,0.0,1,0,0.00028833129648364,0.0,True,10000.0,0.0,0.0,9.7167839228486e-48,0,0.0,False,truncated,-0.2893306566412332
100000002981527100,terminal,0.7,6,0.13947931252406667,"Вход 168 000 KZT от 1 плательщика, выход 0; глубина 1; признаки конечного получателя",1,False,1,0,168000.0,0.0,1,0,0.0003036113749173627,0.0,False,168000.0,0.0,0.0,1.0192630450202274e-16,1,1.0,False,terminal,0.11292335835570602
100000002982252100,peripheral,0.4,1,0.09127686431613051,"Вход/выход: 1/0 связей, 20 320/0 KZT; признаков специальной роли недостаточно",1,False,1,0,20320.0,0.0,1,0,0.0002898342241993602,0.0,False,20320.0,0.0,0.0,1.7798929508502553e-39,1,1.0,False,other,0.11084751428973101
100000002983426100,terminal,0.7,8,0.016291317195885432,"Вход 88 945 KZT от 1 плательщика, выход 0; глубина 3; признаки конечного получателя",3,False,1,0,88945.0,0.0,1,0,0.0003187086222678441,0.0,False,88945.0,0.0,0.0,2.374998631517405e-19,0,0.0,False,terminal,0.013189556332807545
100000002983879100,terminal,0.7,2,0.033282664901693806,"Вход 200 050 KZT от 2 плательщиков, выход 0; глубина 2; признаки конечного получателя",2,False,2,0,200050.0,0.0,2,0,0.0003580797764870863,0.0,False,200050.0,0.0,0.0,5.256570565091672e-13,0,0.0,False,terminal,0.026945861918256528
100000002984403100,peripheral,0.4,24,0.010784364350024932,"Вход 20 000, выход 25 000 KZT; возможны пропущенные входящие или начальный остаток; для проверки запросить выписку",3,False,1,1,20000.0,25000.0,1,1,0.00032010276016592864,1.25,False,45000.0,1.9590382902938557e-05,2.719706033570032e-106,1.1229911636187389e-20,0,0.0,True,missing_incoming,0.013096637251415735
100000002986245100,peripheral,0.3,18,0.0,"Глубина 4, выход 0, вход 5 750 KZT; обход обрезан, данных для гипотезы о конечном получателе недостаточно",4,False,1,0,5750.0,0.0,1,0,0.0002886464045119285,0.0,True,5750.0,0.0,0.0,1.1904631130609639e-21,0,0.0,False,truncated,-0.28934677966643657
100000002988894100,peripheral,0.4,2,0.09719884221157819,"Вход/выход: 1/3 связей, 306 121/77 500 KZT; признаков специальной роли недостаточно",1,False,1,3,306121.0,77500.0,1,3,0.0003468658715569931,0.25316786499456095,False,383621.0,6.945681211041853e-05,5.374607949535157e-93,1.5038531824340832e-13,1,1.0,False,other,0.11803922200567085
100000002989353100,peripheral,0.4,10,0.015474034249372881,"Вход/выход: 1/2 связей, 500 000/321 160 KZT; признаков специальной роли недостаточно",3,False,1,2,500000.0,321160.0,2,2,0.00030938521828855235,0.64232,False,821160.0,7.123775601068567e-06,9.24510840944618e-59,7.273669052186639e-17,0,0.0,False,other,0.018791818117639105
100000002990675100,terminal,0.7,5,0.013518545349121716,"Вход 51 143 KZT от 1 плательщика, выход 0; глубина 3; признаки конечного получателя",3,False,1,0,51143.0,0.0,1,0,0.00028722679660696173,0.0,False,51143.0,0.0,0.0,3.0931503449660595e-13,0,0.0,False,terminal,0.010944702216275491
100000002991079100,peripheral,0.4,3,0.06511243010993696,"Вход/выход: 2/1 связей, 148 900/11 000 KZT; признаков специальной роли недостаточно",1,False,2,1,148900.0,11000.0,3,1,0.00039517397427267476,0.07387508394895903,False,159900.0,1.9629642187313182e-05,5.577501941425271e-122,1.4008146893686653e-15,1,0.5,False,other,0.07907317019626034
100000002992171100,peripheral,0.4,1,0.09117746670773613,"Вход/выход: 1/0 связей, 14 627/0 KZT; признаков специальной роли недостаточно",1,False,1,0,14627.0,0.0,1,0,0.0002886393301842066,0.0,False,14627.0,0.0,0.0,1.2812251078782818e-39,1,1.0,False,other,0.11072680486462741
100000002994441100,peripheral,0.3,4,0.0,"Глубина 4, выход 0, вход 5 000 KZT; обход обрезан, данных для гипотезы о конечном получателе недостаточно",4,False,1,0,5000.0,0.0,1,0,0.0005532703163220672,0.0,True,5000.0,0.0,0.0,3.16255988575774e-134,0,0.0,False,truncated,-0.2731331190089529
100000002999140100,peripheral,0.3,11,0.0,"Глубина 4, выход 0, вход 10 000 KZT; обход обрезан, данных для гипотезы о конечном получателе недостаточно",4,False,1,0,10000.0,0.0,2,0,0.0002894826040557577,0.0,True,10000.0,0.0,0.0,1.0040321104422187e-18,0,0.0,False,truncated,-0.28926008815016896
100000003001138100,peripheral,0.3,27,0.0,"Глубина 4, выход 0, вход 30 000 KZT; обход обрезан, данных для гипотезы о конечном получателе недостаточно",4,False,1,0,30000.0,0.0,1,0,0.0003173266522535839,0.0,True,30000.0,0.0,0.0,2.2271625149937816e-30,0,0.0,False,truncated,-0.28738664526488195
100000003001564100,peripheral,0.4,3,0.09259490907904569,"Вход 23 520, выход 180 000 KZT; возможны пропущенные входящие или начальный остаток; для проверки запросить выписку",1,False,1,1,23520.0,180000.0,1,1,0.00028809811883623776,7.653061224489796,False,203520.0,1.8699910952804988e-05,1.4359912966351045e-68,6.330894169268833e-16,1,1.0,True,missing_incoming,0.11244816070529731
100000003001661100,peripheral,0.4,27,0.02616715115841612,"Вход 110 000, выход 439 500 KZT; возможны пропущенные входящие или начальный остаток; для проверки запросить выписку",3,False,1,5,110000.0,439500.0,1,8,0.0005464870342921868,3.9954545454545456,False,549500.0,8.192341941228852e-05,2.8376725330273434e-28,1.267921652967426e-59,0,0.0,True,missing_incoming,0.03177764358674943
100000003003821100,peripheral,0.4,2,0.016542580227864916,"Вход/выход: 1/0 связей, 40 000/0 KZT; признаков специальной роли недостаточно",2,False,1,0,40000.0,0.0,1,0,0.0004379372905540045,0.0,False,40000.0,0.0,0.0,2.8270798725590554e-91,0,0.0,False,other,0.020089470775928313
100000003004487100,peripheral,0.4,31,0.06275138609749942,"Вход 183 703, выход 265 015 KZT; возможны пропущенные входящие или начальный остаток; для проверки запросить выписку",1,False,4,2,183702.8,265015.0,9,3,0.0003508724817163427,1.4426290726107605,False,448717.8,0.00018699910952804988,5.430994281747599e-64,1.949183962562326e-14,1,0.25,True,missing_incoming,0.0762058953192343
100000003005167100,peripheral,0.3,18,0.0,"Глубина 4, выход 0, вход 7 000 KZT; обход обрезан, данных для гипотезы о конечном получателе недостаточно",4,False,1,0,7000.0,0.0,1,0,0.00028931534153250194,0.0,True,7000.0,0.0,0.0,1.4492594419872604e-21,0,0.0,False,truncated,-0.2892953549562416
100000003006633100,peripheral,0.4,35,0.009031181109799004,"Вход/выход: 1/0 связей, 10 000/0 KZT; признаков специальной роли недостаточно",3,False,1,0,10000.0,0.0,1,0,0.0002931965366687916,0.0,False,10000.0,0.0,0.0,1.3054559477752752e-44,0,0.0,False,other,0.010967554424902408
100000003009900100,peripheral,0.4,8,0.008988242686695075,"Вход/выход: 1/0 связей, 15 998/0 KZT; признаков специальной роли недостаточно",3,False,1,0,15998.0,0.0,1,0,0.0002915298650211894,0.0,False,15998.0,0.0,0.0,4.2717666093670753e-20,0,0.0,False,other,0.010915409585087285
100000003010908100,peripheral,0.3,8,0.0,"Глубина 4, выход 0, вход 17 000 KZT; обход обрезан, данных для гипотезы о конечном получателе недостаточно",4,False,1,0,17000.0,0.0,1,0,0.00039940942699817443,0.0,True,17000.0,0.0,0.0,7.033235259613341e-21,0,0.0,False,truncated,-0.2824638427404374
100000003014659100,terminal,0.7,9,0.14248203506323814,"Вход 280 000 KZT от 1 плательщика, выход 0; глубина 1; признаки конечного получателя",1,False,1,0,280000.0,0.0,1,0,0.0003280369433880595,0.0,False,280000.0,0.0,0.0,8.310684961143374e-14,1,1.0,False,terminal,0.11535438204801958
100000003016438100,peripheral,0.4,7,0.01374293628326617,"Вход 200 000, выход 300 000 KZT; возможны пропущенные входящие или начальный остаток; для проверки запросить выписку",3,False,1,1,200000.0,300000.0,1,3,0.00031668469996408427,1.5,False,500000.0,2.048085485307213e-05,8.288897912611628e-59,6.418243647606855e-17,0,0.0,True,missing_incoming,0.016689555863423744
100000003016635100,distributor,0.8500000000000001,3,0.5726806477411885,"Отправляет 9 414 081 KZT на 73 получателей, 151 переводов; признаки распределения; seed: входящие суммы занижены методом сбора",0,True,8,73,586981.0,9414081.0,36,151,0.0011896363343877668,16.038135817002594,False,10001062.0,0.009059079869445034,1.0285207562135237e-13,2.1016320089923002e-19,0,0.0,True,distributor,0.30909731743478763
100000003016773100,peripheral,0.4,7,0.010372329939384682,"Вход/выход: 1/0 связей, 46 555/0 KZT; признаков специальной роли недостаточно",2,False,1,0,46555.0,0.0,1,0,0.00031479566469907517,0.0,False,46555.0,0.0,0.0,4.88689592468335e-18,0,0.0,False,other,0.01259625864437769
100000003022835100,terminal,0.7,2,0.13956546468993195,"Вход 125 000 KZT от 1 плательщика, выход 0; глубина 1; признаки конечного получателя",1,False,1,0,125000.0,0.0,1,0,0.0003105988484375593,0.0,False,125000.0,0.0,0.0,6.140762894550207e-14,1,1.0,False,terminal,0.11299310770937769
100000003024542100,peripheral,0.4,2,0.010270122999642611,"Вход/выход: 1/0 связей, 8 500/0 KZT; признаков специальной роли недостаточно",2,False,1,0,8500.0,0.0,1,0,0.00031794749343884253,0.0,False,8500.0,0.0,0.0,6.007544729187993e-92,0,0.0,False,other,0.012472137539884765
100000003025903100,peripheral,0.3,5,0.0,"Глубина 4, выход 0, вход 386 300 KZT; обход обрезан, данных для гипотезы о конечном получателе недостаточно",4,False,1,0,386300.0,0.0,6,0,0.0005264518149577612,0.0,True,386300.0,0.0,0.0,6.382907219515426e-53,0,0.0,False,truncated,-0.27159758463448475
100000003031003100,terminal,0.7,10,0.043446753320221444,"Вход 280 090 KZT от 3 плательщиков, выход 0; глубина 3; признаки конечного получателя",3,False,3,0,280090.0,0.0,3,0,0.00031149881059583785,0.0,False,280090.0,0.0,0.0,5.5035762625089786e-17,0,0.0,False,terminal,0.03517477399184045
100000003031633100,terminal,0.7,7,0.019330001133391388,"Вход 414 000 KZT от 1 плательщика, выход 0; глубина 3; признаки конечного получателя",3,False,1,0,414000.0,0.0,2,0,0.00031462612731946766,0.0,False,414000.0,0.0,0.0,3.4966639318957675e-17,0,0.0,False,terminal,0.01564969460704449
100000003031761100,terminal,0.7,4,0.02009070607421686,"Вход 460 408 KZT от 1 плательщика, выход 0; глубина 3; признаки конечного получателя",3,False,1,0,460408.0,0.0,1,0,0.0003183607828225481,0.0,False,460408.0,0.0,0.0,2.8231678734589974e-14,0,0.0,False,terminal,0.016265566273467917
100000003031890100,terminal,0.7,23,0.02314761131354772,"Вход 215 000 KZT от 1 плательщика, выход 0; глубина 2; признаки конечного получателя",2,False,1,0,215000.0,0.0,10,0,0.00039212223001592824,0.0,False,215000.0,0.0,0.0,2.5705249919020297e-40,0,0.0,False,terminal,0.01874045663214266
100000003034546100,terminal,0.7,6,0.02134647856697588,"Вход 486 715 KZT от 1 плательщика, выход 0; глубина 2; признаки конечного получателя",2,False,1,0,486715.0,0.0,2,0,0.000331369004604237,0.0,False,486715.0,0.0,0.0,1.2037049259983829e-17,0,0.0,False,terminal,0.01728224784901409
100000003035737100,peripheral,0.4,5,0.02760980435481478,"Вход/выход: 2/1 связей, 809 170/6 545 KZT; признаков специальной роли недостаточно",3,False,2,1,809170.0,6544.53,3,1,0.0003788112784639957,0.008087954323566123,False,815714.53,1.8699910952804988e-05,6.665211705023635e-132,2.786283679750533e-12,0,0.0,False,other,0.03352961569930004
100000003036198100,peripheral,0.4,2,0.008799898662647966,"Вход/выход: 1/0 связей, 15 000/0 KZT; признаков специальной роли недостаточно",2,False,1,0,15000.0,0.0,1,0,0.0002879340067316298,0.0,False,15000.0,0.0,0.0,2.066220376548777e-16,0,0.0,False,other,0.010686682765280682
100000003037476100,peripheral,0.3,7,0.0,"Глубина 4, выход 0, вход 555 000 KZT; обход обрезан, данных для гипотезы о конечном получателе недостаточно",4,False,3,0,555000.0,0.0,3,0,0.00035935405632803055,0.0,True,555000.0,0.0,0.0,8.878900276996252e-18,0,0.0,False,truncated,-0.2595997235443739
100000003037660100,terminal,0.7,2,0.13773243835382043,"Вход 53 000 KZT от 1 плательщика, выход 0; глубина 1; признаки конечного получателя",1,False,1,0,53000.0,0.0,1,0,0.0002961818252066847,0.0,False,53000.0,0.0,0.0,2.603683467289288e-14,1,1.0,False,terminal,0.11150907766877614
100000003039473100,peripheral,0.4,3,0.010080292054849612,"Вход/выход: 1/0 связей, 23 000/0 KZT; признаков специальной роли недостаточно",2,False,1,0,23000.0,0.0,1,0,0.0003122138956605188,0.0,False,23000.0,0.0,0.0,4.571121762812755e-47,0,0.0,False,other,0.012241604989021746
100000003040087100,peripheral,0.3,8,0.0,"Глубина 4, выход 0, вход 29 000 KZT; обход обрезан, данных для гипотезы о конечном получателе недостаточно",4,False,1,0,29000.0,0.0,1,0,0.0002964248356000384,0.0,True,29000.0,0.0,0.0,6.632845737818239e-20,0,0.0,False,truncated,-0.2886761438518471
100000003042994100,terminal,0.7,3,0.14165830024920137,"Вход 286 086 KZT от 1 плательщика, выход 0; глубина 1; признаки конечного получателя",1,False,1,0,286086.0,0.0,3,0,0.0003163287040785169,0.0,False,286086.0,0.0,0.0,7.700596042982328e-15,1,1.0,False,terminal,0.11468748098640519
100000003044431100,terminal,0.7,2,0.027629274570042075,"Вход 60 000 KZT от 2 плательщиков, выход 0; глубина 2; признаки конечного получателя",2,False,2,0,60000.0,0.0,2,0,0.00030245857854886894,0.0,False,60000.0,0.0,0.0,1.814973934870361e-13,0,0.0,False,terminal,0.022368840345715877
100000003044518100,peripheral,0.4,6,0.09125806190708811,"Вход/выход: 1/0 связей, 34 423/0 KZT; признаков специальной роли недостаточно",1,False,1,0,34423.0,0.0,1,0,0.00028754318610180955,0.0,False,34423.0,0.0,0.0,5.3273348573205463e-17,1,1.0,False,other,0.1108246804608016
100000003047800100,peripheral,0.3,10,0.0,"Глубина 4, выход 0, вход 12 212 KZT; обход обрезан, данных для гипотезы о конечном получателе недостаточно",4,False,1,0,12212.0,0.0,1,0,0.00037457034348758035,0.0,True,12212.0,0.0,0.0,7.136782849456014e-104,0,0.0,False,truncated,-0.2840262580772369
100000003050771100,terminal,0.7,12,0.021642683671449732,"Вход 229 000 KZT от 1 плательщика, выход 0; глубина 3; признаки конечного получателя",3,False,1,0,229000.0,0.0,1,0,0.0003703398485850235,0.0,False,229000.0,0.0,0.0,9.044438559081454e-16,0,0.0,False,terminal,0.01752205742761033
100000003054328100,peripheral,0.4,10,0.013437821494878627,"Вход 140 000, выход 193 720 KZT; возможны пропущенные входящие или начальный остаток; для проверки запросить выписку",2,False,1,2,140000.0,193720.0,1,2,0.00033590915011809754,1.3837142857142857,False,333720.0,3.5618878005342833e-06,7.429804213199136e-68,6.607119482954196e-20,0,0.0,True,missing_incoming,0.01631902148848445
100000003057225100,terminal,0.7,3,0.14073475868375898,"Вход 236 000 KZT от 1 плательщика, выход 0; глубина 1; признаки конечного получателя",1,False,1,0,236000.0,0.0,1,0,0.000310943554849581,0.0,False,236000.0,0.0,0.0,6.352427822905802e-15,1,1.0,False,terminal,0.11393977572987946
100000003060187100,terminal,0.7,17,0.015029318134664835,"Вход 93 046 KZT от 1 плательщика, выход 0; глубина 3; признаки конечного получателя",3,False,1,0,93046.0,0.0,1,0,0.00030148158672400443,0.0,False,93046.0,0.0,0.0,4.042923705165794e-16,0,0.0,False,terminal,0.012167833686947868
100000003060517100,terminal,0.7,15,0.021898020012545677,"Вход 315 955 KZT от 1 плательщика, выход 0; глубина 3; признаки конечного получателя",3,False,1,0,315955.0,0.0,1,0,0.00036188349261669046,0.0,False,315955.0,0.0,0.0,8.006558857719346e-15,0,0.0,False,terminal,0.017728779389634894
100000003061115100,peripheral,0.3,0,0.0,"Глубина 4, выход 0, вход 45 000 KZT; обход обрезан, данных для гипотезы о конечном получателе недостаточно",4,False,1,0,45000.0,0.0,1,0,0.0005339039923107205,0.0,True,45000.0,0.0,0.0,3.4077416623196514e-93,0,0.0,False,truncated,-0.2739866348374759
100000003062895100,terminal,0.7,7,0.03835794898950205,"Вход 328 444 KZT от 2 плательщиков, выход 0; глубина 2; признаки конечного получателя",2,False,2,0,328444.0,0.0,2,0,0.000407650670955185,0.0,False,328444.0,0.0,0.0,3.80340016767461e-15,0,0.0,False,terminal,0.031054844916761727
100000003066385100,peripheral,0.4,0,0.05876603912604727,"Вход/выход: 2/0 связей, 20 000/0 KZT; признаков специальной роли недостаточно",1,False,2,0,20000.0,0.0,2,0,0.00029153974169365685,0.0,False,20000.0,0.0,0.0,3.720651003540496e-15,1,0.5,False,other,0.07136605108622521
100000003068941100,peripheral,0.4,0,0.02845117715705371,"Вход/выход: 3/1 связей, 94 000/25 000 KZT; признаков специальной роли недостаточно",2,False,3,1,94000.0,25000.0,3,2,0.000320174383735057,0.26595744680851063,False,119000.0,1.9590382902938557e-05,2.719706033570032e-106,1.332091497251428e-14,0,0.0,False,other,0.03455138703662554
100000003069463100,peripheral,0.4,25,0.009079959889841817,"Вход 11 500, выход 17 920 KZT; возможны пропущенные входящие или начальный остаток; для проверки запросить выписку",3,False,1,1,11500.0,17920.0,1,1,0.0002884531759834954,1.5582608695652174,False,29420.0,1.9590382902938557e-05,1.1804125480837015e-112,4.9138003381832355e-32,0,0.0,True,missing_incoming,0.011026791851147733
100000003071649100,terminal,0.7,7,0.0155571487461009,"Вход 189 500 KZT от 1 плательщика, выход 0; глубина 3; признаки конечного получателя",3,False,1,0,189500.0,0.0,1,0,0.00029533227777052824,0.0,False,189500.0,0.0,0.0,1.183476396294182e-16,0,0.0,False,terminal,0.012595168782079067
100000003071930100,consolidator,0.65,6,0.14996954328413112,Вход 477 610 KZT от 3 плательщиков; передаёт 1.0%; признаки консолидации,1,False,3,1,477610.0,5000.0,4,1,0.0003483674806474176,0.010468792529469651,False,482610.0,4.096170970614426e-05,4.784557452868469e-137,2.0780121046398133e-16,1,0.3333333333333333,False,consolidator,0.07284979043380393
100000003072205100,peripheral,0.3,7,0.0,"Глубина 4, выход 0, вход 163 000 KZT; обход обрезан, данных для гипотезы о конечном получателе недостаточно",4,False,2,0,163000.0,0.0,2,0,0.0003189739255881062,0.0,True,163000.0,0.0,0.0,1.2145928726546097e-18,0,0.0,False,truncated,-0.2757600305001526
100000003072676100,peripheral,0.4,15,0.009178705285606525,"Вход/выход: 1/0 связей, 31 545/0 KZT; признаков специальной роли недостаточно",3,False,1,0,31545.0,0.0,1,0,0.00029318851653853617,0.0,False,31545.0,0.0,0.0,7.993761743500081e-16,0,0.0,False,other,0.011146709222872557
100000003073398100,terminal,0.7,6,0.015157628293928702,"Вход 92 960 KZT от 1 плательщика, выход 0; глубина 2; признаки конечного получателя",2,False,1,0,92960.0,0.0,1,0,0.0003031880744905432,0.0,False,92960.0,0.0,0.0,2.9718935655866168e-18,0,0.0,False,terminal,0.01227171442619894
100000003073635100,terminal,0.7,4,0.016187915169301136,"Вход 129 231 KZT от 1 плательщика, выход 0; глубина 3; признаки конечного получателя",3,False,1,0,129231.0,0.0,1,0,0.0003118625039951041,0.0,False,129231.0,0.0,0.0,8.140493597290613e-15,0,0.0,False,terminal,0.013105841379733986
100000003074515100,peripheral,0.3,7,0.0,"Глубина 4, выход 0, вход 105 000 KZT; обход обрезан, данных для гипотезы о конечном получателе недостаточно",4,False,1,0,105000.0,0.0,1,0,0.00029938285450538176,0.0,True,105000.0,0.0,0.0,1.502291154319448e-18,0,0.0,False,truncated,-0.2878611316830471
100000003078839100,peripheral,0.3,4,0.0,"Глубина 4, выход 0, вход 14 000 KZT; обход обрезан, данных для гипотезы о конечном получателе недостаточно",4,False,1,0,14000.0,0.0,2,0,0.0003147926722848661,0.0,True,14000.0,0.0,0.0,2.9888047967449654e-77,0,0.0,False,truncated,-0.2876753746726321
100000003083865100,peripheral,0.3,8,0.0,"Глубина 4, выход 0, вход 15 000 KZT; обход обрезан, данных для гипотезы о конечном получателе недостаточно",4,False,1,0,15000.0,0.0,1,0,0.00029118422941526375,0.0,True,15000.0,0.0,0.0,3.4307822781818475e-20,0,0.0,False,truncated,-0.28911409739463356
100000003084870100,peripheral,0.3,10,0.0,"Глубина 4, выход 0, вход 6 500 KZT; обход обрезан, данных для гипотезы о конечном получателе недостаточно",4,False,1,0,6500.0,0.0,1,0,0.00034517865606512906,0.0,True,6500.0,0.0,0.0,1.48660365116652e-106,0,0.0,False,truncated,-0.28587542617705447
100000003086040100,peripheral,0.4,0,0.02189830966457079,"Вход/выход: 1/0 связей, 10 500/0 KZT; признаков специальной роли недостаточно",2,False,1,0,10500.0,0.0,1,0,0.0005480623170204783,0.0,False,10500.0,0.0,0.0,3.39916941600106e-21,0,0.0,False,other,0.02659352084069674
100000003087877100,terminal,0.7,4,0.014301861722540578,"Вход 91 486 KZT от 1 плательщика, выход 0; глубина 3; признаки конечного получателя",3,False,1,0,91486.0,0.0,1,0,0.00029208517171407756,0.0,False,91486.0,0.0,0.0,5.609814253255153e-15,0,0.0,False,terminal,0.011578880245552826
100000003089018100,terminal,0.7,6,0.016873674914424326,"Вход 230 000 KZT от 1 плательщика, выход 0; глубина 2; признаки конечного получателя",2,False,1,0,230000.0,0.0,1,0,0.0003072122133568235,0.0,False,230000.0,0.0,0.0,5.688177536743846e-18,0,0.0,False,terminal,0.013661036928400757
100000003089553100,terminal,0.7,7,0.01604064793371564,"Вход 150 000 KZT от 1 плательщика, выход 0; глубина 3; признаки конечного получателя",3,False,1,0,150000.0,0.0,1,0,0.0003070919971826514,0.0,False,150000.0,0.0,0.0,7.306563193747882e-19,0,0.0,False,terminal,0.01298661286822834
100000003091142100,peripheral,0.3,0,0.0,"Глубина 4, выход 0, вход 40 000 KZT; обход обрезан, данных для гипотезы о конечном получателе недостаточно",4,False,1,0,40000.0,0.0,1,0,0.00040986444107495766,0.0,True,40000.0,0.0,0.0,1.6446898567398838e-91,0,0.0,False,truncated,-0.2816312324276178
100000003093299100,peripheral,0.4,0,0.008723184958088081,"Вход/выход: 1/0 связей, 15 000/0 KZT; признаков специальной роли недостаточно",3,False,1,0,15000.0,0.0,1,0,0.00028641409372308623,0.0,False,15000.0,0.0,0.0,3.9688161445654335e-15,0,0.0,False,other,0.010593520894239969
100000003095610100,peripheral,0.4,8,0.009185063610767959,"Вход/выход: 1/0 связей, 23 665/0 KZT; признаков специальной роли недостаточно",3,False,1,0,23665.0,0.0,1,0,0.00029438645311679446,0.0,False,23665.0,0.0,0.0,6.318999675626442e-20,0,0.0,False,other,0.0111544308349642
100000003096787100,peripheral,0.3,8,0.0,"Глубина 4, выход 0, вход 16 400 KZT; обход обрезан, данных для гипотезы о конечном получателе недостаточно",4,False,1,0,16400.0,0.0,1,0,0.00029170829003374117,0.0,True,16400.0,0.0,0.0,3.7509886241454864e-20,0,0.0,False,truncated,-0.2890703020403549
100000003097324100,terminal,0.7,16,0.031822538690356374,"Вход 294 000 KZT от 2 плательщиков, выход 0; глубина 3; признаки конечного получателя",3,False,2,0,294000.0,0.0,2,0,0.0003260131114572481,0.0,False,294000.0,0.0,0.0,7.24529543282584e-18,0,0.0,False,terminal,0.025763734243380246
100000003097947100,peripheral,0.3,4,0.0,"Глубина 4, выход 0, вход 52 980 KZT; обход обрезан, данных для гипотезы о конечном получателе недостаточно",4,False,1,0,52980.0,0.0,1,0,0.0003200783823355938,0.0,True,52980.0,0.0,0.0,1.1668241485611046e-64,0,0.0,False,truncated,-0.2870263684426373
100000003102157100,terminal,0.7,0,0.13875398290990254,"Вход 96 746 KZT от 1 плательщика, выход 0; глубина 1; признаки конечного получателя",1,False,1,0,96746.0,0.0,2,0,0.0003037239155502857,0.0,False,96746.0,0.0,0.0,3.379860481276391e-14,1,1.0,False,terminal,0.11233612678376857
100000003104347100,peripheral,0.4,21,0.01578967778056897,"Вход/выход: 1/1 связей, 418 000/32 000 KZT; признаков специальной роли недостаточно",2,False,1,1,418000.0,32000.0,1,1,0.00036431706006781635,0.07655502392344497,False,450000.0,1.8699910952804988e-05,1.4182755930716466e-101,6.1988352739700826e-15,0,0.0,False,other,0.019175138700536654
100000003105089100,peripheral,0.3,20,0.0,"Глубина 4, выход 0, вход 10 000 KZT; обход обрезан, данных для гипотезы о конечном получателе недостаточно",4,False,1,0,10000.0,0.0,1,0,0.00029943768321597685,0.0,True,10000.0,0.0,0.0,1.2988049796532117e-66,0,0.0,False,truncated,-0.2886498994119246
100000003105929100,peripheral,0.4,5,0.01345129544041919,"Вход/выход: 1/1 связей, 429 567/156 354 KZT; признаков специальной роли недостаточно",3,False,1,1,429567.0,156354.0,2,1,0.0002994912058967726,0.3639804733603838,False,585921.0,1.8737385724253492e-05,2.9238656880606514e-71,2.5980394467200505e-12,0,0.0,False,other,0.016335384379366345
100000003109805100,peripheral,0.4,15,0.009124486924604686,"Вход/выход: 1/0 связей, 36 929/0 KZT; признаков специальной роли недостаточно",3,False,1,0,36929.0,0.0,1,0,0.00029138188362469686,0.0,False,36929.0,0.0,0.0,2.16456965280107e-15,0,0.0,False,other,0.011080865916455915
100000003111305100,consolidator,0.7,26,0.10941186769314203,Вход 509 338 KZT от 4 плательщиков; передаёт 0.0%; признаки консолидации,3,False,4,0,509338.0,0.0,4,0,0.00040360180953618035,0.0,False,509338.0,0.0,0.0,9.620336824404784e-18,0,0.0,False,consolidator,0.05314833570784024
100000003112436100,terminal,0.7,3,0.015150228281908458,"Вход 100 000 KZT от 1 плательщика, выход 0; глубина 2; признаки конечного получателя",2,False,1,0,100000.0,0.0,1,0,0.0003021326407143058,0.0,False,100000.0,0.0,0.0,1.2946598896308572e-16,0,0.0,False,terminal,0.01226572332835026
100000003112578100,terminal,0.7,10,0.01427187164060903,"Вход 101 080 KZT от 1 плательщика, выход 0; глубина 3; признаки конечного получателя",3,False,1,0,101080.0,0.0,1,0,0.0002903839214275371,0.0,False,101080.0,0.0,0.0,1.470444935590051e-17,0,0.0,False,terminal,0.011554600080216559
100000003115284100,consolidator,0.9,9,0.4282912379014775,Вход 2 160 500 KZT от 8 плательщиков; передаёт 23.9%; признаки консолидации,1,False,8,2,2160500.0,517000.0,15,4,0.0015286375827955757,0.23929645915297384,False,2677500.0,0.00012466607301869992,1.4021794299333265e-17,4.242445335614635e-12,2,0.25,False,consolidator,0.20804842264968473
100000003116106100,terminal,0.7,5,0.019166816262759106,"Вход 494 050 KZT от 1 плательщика, выход 0; глубина 3; признаки конечного получателя",3,False,1,0,494050.0,0.0,2,0,0.0003015810466685917,0.0,False,494050.0,0.0,0.0,2.9880353673630445e-12,0,0.0,False,terminal,0.01551757907470374
100000003119550100,peripheral,0.4,1,0.09128873685674323,"Вход/выход: 1/0 связей, 21 000/0 KZT; признаков специальной роли недостаточно",1,False,1,0,21000.0,0.0,1,0,0.00028997694823419326,0.0,False,21000.0,0.0,0.0,1.839456297630677e-39,1,1.0,False,other,0.11086193241884931
100000003122817100,terminal,0.7,25,0.02588865459762153,"Вход 444 680 KZT от 1 плательщика, выход 0; глубина 3; признаки конечного получателя",3,False,1,0,444680.0,0.0,1,0,0.0003970827328082313,0.0,False,444680.0,0.0,0.0,1.900059769028975e-30,0,0.0,False,terminal,0.020959623098012355
100000003123296100,terminal,0.7,11,0.13835394395319303,"Вход 86 200 KZT от 1 плательщика, выход 0; глубина 1; признаки конечного получателя",1,False,1,0,86200.0,0.0,2,0,0.00029987461985430183,0.0,False,86200.0,0.0,0.0,6.016766153623687e-19,1,1.0,False,terminal,0.11201225264324356
100000003125997100,peripheral,0.3,7,0.0,"Глубина 4, выход 0, вход 87 750 KZT; обход обрезан, данных для гипотезы о конечном получателе недостаточно",4,False,1,0,87750.0,0.0,1,0,0.0005483720399494517,0.0,True,87750.0,0.0,0.0,1.009148205985678e-80,0,0.0,False,truncated,-0.2727433694647827
100000003128638100,peripheral,0.3,7,0.0,"Глубина 4, выход 0, вход 300 000 KZT; обход обрезан, данных для гипотезы о конечном получателе недостаточно",4,False,1,0,300000.0,0.0,1,0,0.0003581872469239982,0.0,True,300000.0,0.0,0.0,1.0148423115379404e-19,0,0.0,False,truncated,-0.2826308149617476
100000003131016100,peripheral,0.4,4,0.0824801996529995,"Вход/выход: 1/1 связей, 405 700/126 000 KZT; признаков специальной роли недостаточно",2,False,1,1,405700.0,126000.0,7,4,0.0016774572234080623,0.31057431599704216,False,531700.0,0.0,2.1547225104387857e-15,4.2826245272764926e-52,0,0.0,False,other,0.10016475892500637
100000003131693100,terminal,0.7,2,0.1453771001472726,"Вход 353 277 KZT от 1 плательщика, выход 0; глубина 1; признаки конечного получателя",1,False,1,0,353277.0,0.0,1,0,0.00035630822082748087,0.0,False,353277.0,0.0,0.0,1.735512234478411e-13,1,1.0,False,terminal,0.11769824556463324
100000003132484100,terminal,0.7,6,0.03296676896596858,"Вход 90 000 KZT от 1 плательщика, выход 0; глубина 3; признаки конечного получателя",3,False,1,0,90000.0,0.0,1,0,0.0005388233251189476,0.0,False,90000.0,0.0,0.0,2.9974812657417377e-80,0,0.0,False,terminal,0.026690110514643497
100000003133045100,peripheral,0.3,28,0.0,"Глубина 4, выход 0, вход 68 000 KZT; обход обрезан, данных для гипотезы о конечном получателе недостаточно",4,False,1,0,68000.0,0.0,1,0,0.00033304955989506193,0.0,True,68000.0,0.0,0.0,2.4657808140323825e-24,0,0.0,False,truncated,-0.28610607065700494
100000003134474100,terminal,0.7,5,0.014345648796675678,"Вход 116 000 KZT от 1 плательщика, выход 0; глубина 3; признаки конечного получателя",3,False,1,0,116000.0,0.0,1,0,0.0002893287584098846,0.0,False,116000.0,0.0,0.0,7.015729230120699e-13,0,0.0,False,terminal,0.011614330545489259
100000003134550100,peripheral,0.3,7,0.0,"Глубина 4, выход 0, вход 100 000 KZT; обход обрезан, данных для гипотезы о конечном получателе недостаточно",4,False,1,0,100000.0,0.0,1,0,0.0002988459392483642,0.0,True,100000.0,0.0,0.0,5.085438768404798e-19,0,0.0,False,truncated,-0.2879357324499727
100000003134934100,terminal,0.7,0,0.06588899879321264,"Вход 379 354 KZT от 4 плательщиков, выход 0; глубина 2; признаки конечного получателя",2,False,4,0,379354.0,0.0,4,0,0.00042447911385230455,0.0,False,379354.0,0.0,0.0,1.4413756379354135e-14,0,0.0,False,terminal,0.05334416185296881
100000003134937100,peripheral,0.4,3,0.09104852803221775,"Вход/выход: 1/0 связей, 10 286/0 KZT; признаков специальной роли недостаточно",1,False,1,0,10286.0,0.0,1,0,0.000286675224915866,0.0,False,10286.0,0.0,0.0,2.768689516373266e-16,1,1.0,False,other,0.1105702204794811
100000003146511100,peripheral,0.3,12,0.0,"Глубина 4, выход 0, вход 10 000 KZT; обход обрезан, данных для гипотезы о конечном получателе недостаточно",4,False,1,0,10000.0,0.0,1,0,0.000311813667487197,0.0,True,10000.0,0.0,0.0,3.460758236909666e-88,0,0.0,False,truncated,-0.2878913232011834
100000003147719100,terminal,0.7,7,0.014286288427486922,"Вход 100 000 KZT от 1 плательщика, выход 0; глубина 3; признаки конечного получателя",3,False,1,0,100000.0,0.0,1,0,0.00029072126443008105,0.0,False,100000.0,0.0,0.0,6.245258027937635e-17,0,0.0,False,terminal,0.011566272004615163
100000003148220100,peripheral,0.4,60,0.12319143442994966,"Вход 5 650, выход 43 400 KZT; возможны пропущенные входящие или начальный остаток; для проверки запросить выписку",1,False,1,2,5650.0,43400.0,1,4,0.0009182428014100987,7.68141592920354,False,49050.0,0.0,4.225344961041402e-102,6.05915172697951e-132,1,1.0,True,missing_incoming,0.14960487951307835
100000003149149100,terminal,0.7,5,0.015990750246549397,"Вход 245 000 KZT от 1 плательщика, выход 0; глубина 3; признаки конечного получателя",3,False,1,0,245000.0,0.0,1,0,0.00029350954186544125,0.0,False,245000.0,0.0,0.0,1.4817703977410098e-12,0,0.0,False,terminal,0.012946215376248857
100000003152964100,peripheral,0.4,4,0.011193693841645197,"Вход/выход: 1/1 связей, 141 847/5 500 KZT; признаков специальной роли недостаточно",3,False,1,1,141847.0,5500.0,1,1,0.0003144293427145823,0.03877417217142414,False,147347.0,1.8699910952804988e-05,3.170442790534066e-135,8.935198174546986e-15,0,0.0,False,other,0.01359373097841362
100000003154105100,peripheral,0.4,20,0.025775007421322094,"Вход 60 000, выход 338 000 KZT; возможны пропущенные входящие или начальный остаток; для проверки запросить выписку",3,False,1,7,60000.0,338000.0,1,9,0.000550680796574537,5.633333333333334,False,398000.0,0.0001371326803205699,1.5764235961800774e-66,2.8690627784007784e-87,0,0.0,True,missing_incoming,0.03130142040766858
100000003157333100,peripheral,0.4,6,0.009070518930391925,"Вход/выход: 1/0 связей, 30 000/0 KZT; признаков специальной роли недостаточно",2,False,1,0,30000.0,0.0,1,0,0.00029125521728309953,0.0,False,30000.0,0.0,0.0,9.59087854642841e-19,0,0.0,False,other,0.011015326657909871
100000003157679100,consolidator,0.7,7,0.10607544377831837,Вход 541 000 KZT от 4 плательщиков; передаёт 0.0%; признаки консолидации,3,False,4,0,541000.0,0.0,4,0,0.0003728530959036694,0.0,False,541000.0,0.0,0.0,5.5127742226537e-18,0,0.0,False,consolidator,0.051527621410319586
100000003158727100,terminal,0.7,6,0.08572292916166986,"Вход 367 940 KZT от 3 плательщиков, выход 0; глубина 1; признаки конечного получателя",1,False,3,0,367940.0,0.0,3,0,0.00031412912735274626,0.0,False,367940.0,0.0,0.0,2.835168693349435e-16,1,0.3333333333333333,False,terminal,0.06940184084542125
100000003159641100,peripheral,0.4,59,0.0375638855399396,"Вход 64 000, выход 197 800 KZT; возможны пропущенные входящие или начальный остаток; для проверки запросить выписку",2,False,4,1,64000.0,197800.0,7,1,0.0003052153968344313,3.090625,False,261800.0,5.877114870881568e-05,9.101610008678666e-67,2.1366193201442554e-14,0,0.0,True,missing_incoming,0.04561794897713674
100000003163256100,transit,0.7876529477196886,3,0.18267730744925015,"Вход 13 485, выход 15 000 KZT; передаёт 111.2%; 1/1 связей; признаки транзита",1,False,1,1,13485.0,15000.0,1,1,0.00028701917516909777,1.1123470522803114,False,28485.0,1.8699910952804988e-05,4.711692959410604e-116,3.6297664911815566e-16,1,1.0,False,transit,0.11092255195006664
100000003163886100,terminal,0.7,56,0.051953462678212124,"Вход 500 000 KZT от 1 плательщика, выход 0; глубина 3; признаки конечного получателя",3,False,1,0,500000.0,0.0,1,0,0.0007338350680593709,0.0,False,500000.0,0.0,0.0,6.274457459858729e-21,0,0.0,False,terminal,0.042061861201239115
100000003164661100,terminal,0.7,29,0.042867670688840766,"Вход 596 200 KZT от 1 плательщика, выход 0; глубина 3; признаки конечного получателя",3,False,1,0,596200.0,0.0,3,0,0.0006007384807220605,0.0,False,596200.0,0.0,0.0,6.112000125739035e-45,0,0.0,False,terminal,0.03470594492810612
100000003166017100,peripheral,0.3,8,0.0,"Глубина 4, выход 0, вход 15 000 KZT; обход обрезан, данных для гипотезы о конечном получателе недостаточно",4,False,1,0,15000.0,0.0,1,0,0.00029118422941526375,0.0,True,15000.0,0.0,0.0,3.4307822781818475e-20,0,0.0,False,truncated,-0.28911409739463356
100000003166755100,peripheral,0.4,2,0.008933452983535308,"Вход/выход: 1/0 связей, 24 010/0 KZT; признаков специальной роли недостаточно",2,False,1,0,24010.0,0.0,1,0,0.0002893544107152427,0.0,False,24010.0,0.0,0.0,3.307330082729076e-16,0,0.0,False,other,0.010848872435181501
100000003171006100,terminal,0.7,7,0.034467619279813434,"Вход 485 000 KZT от 2 плательщиков, выход 0; глубина 3; признаки конечного получателя",3,False,2,0,485000.0,0.0,2,0,0.0003349679442942915,0.0,False,485000.0,0.0,0.0,1.1677844261780534e-16,0,0.0,False,terminal,0.027905208687710074
100000003171587100,peripheral,0.4,5,0.026755130939406468,"Вход/выход: 2/2 связей, 700 000/431 300 KZT; признаков специальной роли недостаточно",3,False,2,2,700000.0,431300.0,2,7,0.00031601841593021003,0.6161428571428571,False,1131300.0,3.7399821905609976e-05,7.561882805862406e-54,3.036284985380902e-12,0,0.0,False,other,0.03249169196761479
100000003173783100,peripheral,0.3,30,0.0,"Глубина 4, выход 0, вход 23 500 KZT; обход обрезан, данных для гипотезы о конечном получателе недостаточно",4,False,1,0,23500.0,0.0,2,0,0.0003468224290716631,0.0,True,23500.0,0.0,0.0,2.1951835401888264e-17,0,0.0,False,truncated,-0.28563292311027444
100000003177533100,peripheral,0.3,4,0.0,"Глубина 4, выход 0, вход 20 000 KZT; обход обрезан, данных для гипотезы о конечном получателе недостаточно",4,False,1,0,20000.0,0.0,3,0,0.0003381973769821903,0.0,True,20000.0,0.0,0.0,1.3196312382531843e-82,0,0.0,False,truncated,-0.28619077256483355
100000003178549100,peripheral,0.4,15,0.023006021840570247,"Вход/выход: 2/4 связей, 250 000/89 080 KZT; признаков специальной роли недостаточно",3,False,2,4,250000.0,89080.0,2,4,0.00035215781948056465,0.35632,False,339080.0,2.048085485307213e-05,1.5351200601106077e-15,2.7824969762028724e-15,0,0.0,False,other,0.02793873731124447
100000003180305100,peripheral,0.3,0,0.0,"Глубина 4, выход 0, вход 144 000 KZT; обход обрезан, данных для гипотезы о конечном получателе недостаточно",4,False,1,0,144000.0,0.0,1,0,0.0005280565512084164,0.0,True,144000.0,0.0,0.0,5.989428908956322e-71,0,0.0,False,truncated,-0.27351956794867677
100000003180820100,peripheral,0.3,7,0.0,"Глубина 4, выход 0, вход 101 000 KZT; обход обрезан, данных для гипотезы о конечном получателе недостаточно",4,False,1,0,101000.0,0.0,1,0,0.0002988566236372641,0.0,True,101000.0,0.0,0.0,1.4450610151072785e-18,0,0.0,False,truncated,-0.28792673936496277
100000003186579100,peripheral,0.3,4,0.0,"Глубина 4, выход 0, вход 110 000 KZT; обход обрезан, данных для гипотезы о конечном получателе недостаточно",4,False,1,0,110000.0,0.0,2,0,0.0005151815504625246,0.0,True,110000.0,0.0,0.0,2.3483466260139013e-76,0,0.0,False,truncated,-0.27459222957068086
100000003187359100,peripheral,0.4,1,0.09125507471218247,"Вход/выход: 1/0 связей, 19 072/0 KZT; признаков специальной роли недостаточно",1,False,1,0,19072.0,0.0,1,0,0.0002895722836177843,0.0,False,19072.0,0.0,0.0,1.670576690876775e-39,1,1.0,False,other,0.11082105278217273
100000003188607100,peripheral,0.4,6,0.01023004520103091,"Вход/выход: 1/1 связей, 18 000/5 000 KZT; признаков специальной роли недостаточно",2,False,1,1,18000.0,5000.0,1,1,0.0003147625614708975,0.2777777777777778,False,23000.0,2.6714158504007127e-06,4.784557452868469e-137,3.543147809315218e-75,0,0.0,False,other,0.01242346667035396
100000003190207100,peripheral,0.4,19,0.012053883733613751,"Вход 5 000, выход 377 000 KZT; возможны пропущенные входящие или начальный остаток; для проверки запросить выписку",3,False,1,1,5000.0,377000.0,1,8,0.0002991258827616204,75.4,False,382000.0,2.1414155113432564e-05,1.9238933443841023e-54,3.4339192102501456e-19,0,0.0,True,missing_incoming,0.014638353973038297
100000003191430100,terminal,0.7,3,0.033281525577101734,"Вход 180 000 KZT от 1 плательщика, выход 0; глубина 2; признаки конечного получателя",2,False,1,0,180000.0,0.0,1,0,0.0005307375952815097,0.0,False,180000.0,0.0,0.0,2.6366124045790102e-67,0,0.0,False,terminal,0.02694493951365855
100000003192220100,terminal,0.7,3,0.02995865273913937,"Вход 60 000 KZT от 1 плательщика, выход 0; глубина 2; признаки конечного получателя",2,False,1,0,60000.0,0.0,2,0,0.0005031715963348392,0.0,False,60000.0,0.0,0.0,7.735914247533296e-66,0,0.0,False,terminal,0.02425472005773084
100000003192309100,peripheral,0.4,1,0.010300652819183825,"Вход 17 200, выход 213 000 KZT; возможны пропущенные входящие или начальный остаток; для проверки запросить выписку",3,False,1,1,17200.0,213000.0,1,1,0.000288253832019236,12.383720930232558,False,230200.0,8.904719501335708e-07,2.365179654323425e-65,2.6123200155565922e-42,0,0.0,True,missing_incoming,0.012509213250506648
100000003194831100,peripheral,0.3,9,0.0,"Глубина 4, выход 0, вход 6 265 KZT; обход обрезан, данных для гипотезы о конечном получателе недостаточно",4,False,1,0,6265.0,0.0,1,0,0.00029082672336293444,0.0,True,6265.0,0.0,0.0,1.8842471998906188e-55,0,0.0,False,truncated,-0.2892088445694926
100000003199390100,peripheral,0.3,5,0.0,"Глубина 4, выход 0, вход 260 000 KZT; обход обрезан, данных для гипотезы о конечном получателе недостаточно",4,False,1,0,260000.0,0.0,1,0,0.0003766331907775371,0.0,True,260000.0,0.0,0.0,1.3759218593213284e-51,0,0.0,False,truncated,-0.2818337131102668
100000003200071100,peripheral,0.4,68,0.0002059813942154087,"Вход/выход: 0/1 связей, 0/30 000 KZT; признаков специальной роли недостаточно; seed: входящие суммы занижены методом сбора",0,True,0,1,0.0,30000.0,0,1,0.0002855692942172909,,False,30000.0,0.0,8.288897912611635e-103,0.0,0,0.0,True,other,0.0002501458141641732
100000003204491100,peripheral,0.4,0,0.01099985808490009,"Вход/выход: 1/1 связей, 140 000/100 000 KZT; признаков специальной роли недостаточно",3,False,1,1,140000.0,100000.0,1,2,0.00029798480966852173,0.7142857142857143,False,240000.0,1.8699910952804988e-05,8.417082485105928e-80,1.4170908793816135e-13,0,0.0,False,other,0.013358334944855235
100000003205210100,terminal,0.7,2,0.1398853023268843,"Вход 137 563 KZT от 1 плательщика, выход 0; глубина 1; признаки конечного получателя",1,False,1,0,137563.0,0.0,1,0,0.0003131144187549131,0.0,False,137563.0,0.0,0.0,6.757934128504081e-14,1,1.0,False,terminal,0.11325205033993432
100000003207060100,peripheral,0.3,0,0.0,"Глубина 4, выход 0, вход 53 000 KZT; обход обрезан, данных для гипотезы о конечном получателе недостаточно",4,False,1,0,53000.0,0.0,1,0,0.00042744311258669713,0.0,True,53000.0,0.0,0.0,1.0850464271620196e-17,0,0.0,False,truncated,-0.28044536507972534
100000003213473100,distributor,0.55,0,0.025878578797027894,"Отправляет 240 000 KZT на 11 получателей, 12 переводов; признаки распределения; возможен неполный вход или начальный остаток",3,False,1,11,57500.0,240000.0,2,12,0.00028880769232283976,4.173913043478261,False,297500.0,9.082813891362422e-05,2.709660884028717e-15,1.521379522083416e-14,0,0.0,True,distributor,0.013967643776223919
100000003214786100,peripheral,0.3,0,0.0,"Глубина 4, выход 0, вход 5 000 KZT; обход обрезан, данных для гипотезы о конечном получателе недостаточно",4,False,1,0,5000.0,0.0,1,0,0.00042028195414468963,0.0,True,5000.0,0.0,0.0,6.632368789536616e-128,0,0.0,False,truncated,-0.2812845359502135
100000003215448100,peripheral,0.4,4,0.011289156326710887,"Вход 91 309, выход 124 000 KZT; возможны пропущенные входящие или начальный остаток; для проверки запросить выписку",3,False,1,2,91309.0,124000.0,1,4,0.00030414693187081325,1.3580260434349298,False,215309.0,3.7399821905609976e-05,7.942667494665652e-78,5.75171847215458e-15,0,0.0,True,missing_incoming,0.013709661551365855
100000003216073100,peripheral,0.4,4,0.009452292225164392,"Вход 37 001, выход 70 000 KZT; возможны пропущенные входящие или начальный остаток; для проверки запросить выписку",3,False,1,1,37001.0,70000.0,1,1,0.0002882046043550016,1.891840761060512,False,107001.0,8.922564630596902e-07,1.286694201441815e-86,2.268857936566184e-15,0,0.0,True,missing_incoming,0.011478955870687835
100000003218308100,peripheral,0.4,0,0.008685952277173614,"Вход/выход: 1/0 связей, 11 165/0 KZT; признаков специальной роли недостаточно",3,False,1,0,11165.0,0.0,1,0,0.0002861981066494379,0.0,False,11165.0,0.0,0.0,2.9541221502715377e-15,0,0.0,False,other,0.010548305163390396
100000003219438100,peripheral,0.4,34,0.01695292421384753,"Вход/выход: 1/0 связей, 32 000/0 KZT; признаков специальной роли недостаточно",2,False,1,0,32000.0,0.0,1,0,0.0004471556370431053,0.0,False,32000.0,0.0,0.0,3.382982417549862e-26,0,0.0,False,other,0.02058779651477466
100000003220685100,peripheral,0.3,5,0.0,"Глубина 4, выход 0, вход 1 306 000 KZT; обход обрезан, данных для гипотезы о конечном получателе недостаточно",4,False,1,0,1306000.0,0.0,2,0,0.0005375987236644607,0.0,True,1306000.0,0.0,0.0,2.6908233019718218e-30,0,0.0,False,truncated,-0.2632457067997726
100000003221384100,terminal,0.7,14,0.030443990060927035,"Вход 511 200 KZT от 1 плательщика, выход 0; глубина 2; признаки конечного получателя",2,False,1,0,511200.0,0.0,1,0,0.00044820293531491734,0.0,False,511200.0,0.0,0.0,7.848258845850358e-17,0,0.0,False,terminal,0.02464765230925861
100000003221510100,peripheral,0.4,0,0.009930109418472497,"Вход 24 000, выход 120 000 KZT; возможны пропущенные входящие или начальный остаток; для проверки запросить выписку",3,False,1,2,24000.0,120000.0,1,3,0.00028692097342656345,5.0,False,144000.0,3.7399821905609976e-05,6.116127137882086e-83,6.350105831304693e-15,0,0.0,True,missing_incoming,0.012059221730606726
100000003230328100,peripheral,0.3,0,0.0,"Глубина 4, выход 0, вход 26 572 KZT; обход обрезан, данных для гипотезы о конечном получателе недостаточно",4,False,3,0,26572.0,0.0,3,0,0.00035168013741866146,0.0,True,26572.0,0.0,0.0,8.465371730816641e-18,0,0.0,False,truncated,-0.2644762254375239
100000003230329100,peripheral,0.3,7,0.0,"Глубина 4, выход 0, вход 110 000 KZT; обход обрезан, данных для гипотезы о конечном получателе недостаточно",4,False,1,0,110000.0,0.0,1,0,0.00030004064309052897,0.0,True,110000.0,0.0,0.0,1.5738288283346599e-18,0,0.0,False,truncated,-0.28777912208065254
100000003232675100,peripheral,0.3,12,0.0,"Глубина 4, выход 0, вход 44 000 KZT; обход обрезан, данных для гипотезы о конечном получателе недостаточно",4,False,1,0,44000.0,0.0,2,0,0.00040104453660487797,0.0,True,44000.0,0.0,0.0,1.522733624240253e-87,0,0.0,False,truncated,-0.2821384887518734
100000003235780100,terminal,0.7,0,0.08858680141698037,"Вход 65 000 KZT от 2 плательщиков, выход 0; глубина 1; признаки конечного получателя",1,False,2,0,65000.0,0.0,2,0,0.00029120007891764556,0.0,False,65000.0,0.0,0.0,1.846969757163311e-14,1,0.5,False,terminal,0.07172045044507491
100000003237045100,peripheral,0.4,3,0.017422837594546527,"Вход/выход: 1/1 связей, 340 200/150 000 KZT; признаков специальной роли недостаточно",2,False,1,1,340200.0,150000.0,2,1,0.0003941344320653899,0.4409171075837742,False,490200.0,0.0,5.2539665299174584e-17,6.255970001270605e-22,0,0.0,False,other,0.021158463907571614
100000003239379100,terminal,0.7,11,0.13849798275725064,"Вход 92 500 KZT от 1 плательщика, выход 0; глубина 1; признаки конечного получателя",1,False,1,0,92500.0,0.0,1,0,0.00030092013669320166,0.0,False,92500.0,0.0,0.0,6.456506603366486e-19,1,1.0,False,terminal,0.112128867395592
100000003239859100,peripheral,0.4,11,0.0912055898149019,"Вход/выход: 1/0 связей, 18 600/0 KZT; признаков специальной роли недостаточно",1,False,1,0,18600.0,0.0,1,0,0.0002886560582178524,0.0,False,18600.0,0.0,0.0,1.2982813278120718e-19,1,1.0,False,other,0.1107609578402668
100000003241965100,peripheral,0.4,8,0.008962622850745585,"Вход/выход: 1/0 связей, 15 000/0 KZT; признаков специальной роли недостаточно",3,False,1,0,15000.0,0.0,1,0,0.0002911580279376608,0.0,False,15000.0,0.0,0.0,4.005281856513697e-20,0,0.0,False,other,0.010884296606428466
100000003242289100,distributor,0.6,15,0.15320677892630716,"Отправляет 2 377 741 KZT на 23 получателей, 26 переводов; признаки распределения; возможен неполный вход или начальный остаток",2,False,3,23,550791.0,2377741.0,8,26,0.00043972170428539667,4.316956885642648,False,2928532.0,0.0018308103294746216,2.23963668019681e-13,6.796934261734375e-16,0,0.0,True,distributor,0.08269146961003576
100000003242795100,terminal,0.7,5,0.014281885174587545,"Вход 111 000 KZT от 1 плательщика, выход 0; глубина 3; признаки конечного получателя",3,False,1,0,111000.0,0.0,1,0,0.00028916671253951414,0.0,False,111000.0,0.0,0.0,6.713327108132738e-13,0,0.0,False,terminal,0.01156270710243656
100000003246024100,peripheral,0.4,4,0.017873168617057525,"Вход/выход: 1/1 связей, 25 000/5 000 KZT; признаков специальной роли недостаточно",2,False,1,1,25000.0,5000.0,1,1,0.0003713400564301804,0.2,False,30000.0,0.0006022731125652908,4.784557452868469e-137,2.6390340937124064e-53,0,0.0,False,other,0.02170535029358954
100000003247600100,peripheral,0.3,2,0.0,"Глубина 4, выход 0, вход 58 000 KZT; обход обрезан, данных для гипотезы о конечном получателе недостаточно",4,False,1,0,58000.0,0.0,1,0,0.0008412090951663764,0.0,True,58000.0,0.0,0.0,1.869529380827204e-88,0,0.0,False,truncated,-0.2550422140182819
100000003249054100,consolidator,0.8500000000000001,2,0.17125935379126747,Вход 99 700 KZT от 7 плательщиков; передаёт 15.0%; признаки консолидации,2,False,7,1,99700.0,15000.0,11,1,0.0004314632286065654,0.15045135406218657,False,114700.0,3.9180765805877114e-05,4.711692959410604e-116,1.1197957612161198e-16,0,0.0,False,consolidator,0.08319161184538112
100000003252446100,peripheral,0.3,7,0.0,"Глубина 4, выход 0, вход 108 600 KZT; обход обрезан, данных для гипотезы о конечном получателе недостаточно",4,False,1,0,108600.0,0.0,1,0,0.00029998773072103645,0.0,True,108600.0,0.0,0.0,5.522786502487611e-19,0,0.0,False,truncated,-0.2877940387740037
100000003254277100,transit,0.8145731707317073,0,0.019023965722525085,"Вход 49 200, выход 44 997 KZT; передаёт 91.5%; 1/1 связей; признаки транзита",3,False,1,1,49200.0,44997.0,1,1,0.0002883402365962997,0.9145731707317073,False,94197.0,1.8699910952804988e-05,4.62634713144674e-95,1.3017716954174622e-14,0,0.0,False,transit,0.01155144476135499
100000003254723100,terminal,0.7,2,0.034154360330818236,"Вход 269 850 KZT от 1 плательщика, выход 0; глубина 2; признаки конечного получателя",2,False,1,0,269850.0,0.0,6,0,0.00053004366318591,0.0,False,269850.0,0.0,0.0,1.975782219222265e-27,0,0.0,False,terminal,0.027651592205700154
100000003265158100,transit,0.844561411193946,11,0.17817288062247816,"Вход 146 100, выход 154 200 KZT; передаёт 105.5%; 3/2 связей; признаки транзита",1,False,3,2,146100.4,154200.0,3,4,0.0003846709844220265,1.055438588806054,False,300300.4,0.00017631344612644703,1.7713642016997717e-75,2.949224264198582e-17,2,0.6666666666666666,False,transit,0.1081874420140025
100000003265658100,peripheral,0.2,72,0.0,0 входящих и 0 исходящих рёбер; недостаточно данных для гипотезы о роли; seed: входящие суммы занижены методом сбора,0,True,0,0,0.0,0.0,0,0,0.0002855692942172909,,False,0.0,0.0,0.0,0.0,0,0.0,True,no_edges,0.0
100000003270419100,terminal,0.7,12,0.055892877957481095,"Вход 150 000 KZT от 1 плательщика, выход 0; глубина 3; признаки конечного получателя",3,False,1,0,150000.0,0.0,1,0,0.0008334814098706033,0.0,False,150000.0,0.0,0.0,6.504016731907445e-69,0,0.0,False,terminal,0.04525123742659208
100000003271151100,terminal,0.7,4,0.0161381290876441,"Вход 127 294 KZT от 1 плательщика, выход 0; глубина 3; признаки конечного получателя",3,False,1,0,127294.0,0.0,1,0,0.00031146840391586903,0.0,False,127294.0,0.0,0.0,8.018478476321557e-15,0,0.0,False,terminal,0.013065534244300448
100000003275398100,peripheral,0.4,23,0.018278856151506935,"Вход/выход: 1/1 связей, 300 000/20 000 KZT; признаков специальной роли недостаточно",2,False,1,1,300000.0,20000.0,1,1,0.000434247809285157,0.06666666666666667,False,320000.0,0.0,1.5759177656184336e-42,3.5867790584679486e-40,0,0.0,False,other,0.022198021192277498
100000003278020100,terminal,0.7,0,0.017774430382211673,"Вход 190 000 KZT от 1 плательщика, выход 0; глубина 2; признаки конечного получателя",2,False,1,0,190000.0,0.0,1,0,0.0003245512930395254,0.0,False,190000.0,0.0,0.0,1.7091914462165405e-15,0,0.0,False,terminal,0.014390294412102949
100000003284932100,terminal,0.7,2,0.1381633268363022,"Вход 69 925 KZT от 1 плательщика, выход 0; глубина 1; признаки конечного получателя",1,False,1,0,69925.0,0.0,1,0,0.000299570826848109,0.0,False,69925.0,0.0,0.0,3.435142763211386e-14,1,1.0,False,terminal,0.11185792778595921
100000003286537100,terminal,0.7,7,0.028483831803769313,"Вход 153 000 KZT от 2 плательщиков, выход 0; глубина 3; признаки конечного получателя",3,False,2,0,153000.0,0.0,2,0,0.0003010947151858364,0.0,False,153000.0,0.0,0.0,7.45052382314413e-18,0,0.0,False,terminal,0.02306069543872826
100000003289281100,peripheral,0.3,0,0.0,"Глубина 4, выход 0, вход 40 000 KZT; обход обрезан, данных для гипотезы о конечном получателе недостаточно",4,False,1,0,40000.0,0.0,1,0,0.0005967179150727089,0.0,True,40000.0,0.0,0.0,2.152326726909713e-95,0,0.0,False,truncated,-0.27017819587207953
100000003289405100,terminal,0.7,2,0.020568022283844356,"Вход 355 000 KZT от 1 плательщика, выход 0; глубина 2; признаки конечного получателя",2,False,1,0,355000.0,0.0,1,0,0.00033900466723614563,0.0,False,355000.0,0.0,0.0,5.25315496223145e-14,0,0.0,False,terminal,0.016652004580435142
100000003292191100,terminal,0.7,16,0.015084230628550497,"Вход 112 000 KZT от 1 плательщика, выход 0; глубина 3; признаки конечного получателя",3,False,1,0,112000.0,0.0,1,0,0.0002996284816997216,0.0,False,112000.0,0.0,0.0,3.4654167656348794e-17,0,0.0,False,terminal,0.012212291199055165
100000003292979100,peripheral,0.4,2,0.011172048085192527,"Вход/выход: 1/0 связей, 48 950/0 KZT; признаков специальной роли недостаточно",2,False,1,0,48950.0,0.0,1,0,0.0003303145122730734,0.0,False,48950.0,0.0,0.0,5.482265836759998e-18,0,0.0,False,other,0.01356744416065672
100000003293377100,terminal,0.7,5,0.013503968985112365,"Вход 50 000 KZT от 1 плательщика, выход 0; глубина 3; признаки конечного получателя",3,False,1,0,50000.0,0.0,1,0,0.000287189752920995,0.0,False,50000.0,0.0,0.0,3.0240212198796116e-13,0,0.0,False,terminal,0.01093290109719364
100000003299365100,transit,0.9,2,0.19137957475404738,"Вход 200 000, выход 200 000 KZT; передаёт 100.0%; 1/1 связей; признаки транзита",1,False,1,1,200000.0,200000.0,1,1,0.0003256165809697203,1.0,False,400000.0,0.0,1.5427932037835902e-14,9.825220631280332e-14,1,1.0,False,transit,0.11620661109609878
100000003321423100,terminal,0.7,33,0.043084472146661626,"Вход 100 000 KZT от 1 плательщика, выход 0; глубина 2; признаки конечного получателя",2,False,1,0,100000.0,0.0,2,0,0.0006711029646605616,0.0,False,100000.0,0.0,0.0,1.8281905617800079e-68,0,0.0,False,terminal,0.034881468798065834
100000003321895100,peripheral,0.4,53,0.01415131642213004,"Вход 24 000, выход 553 830 KZT; возможны пропущенные входящие или начальный остаток; для проверки запросить выписку",3,False,1,2,24000.0,553830.0,1,3,0.00031125966376989726,23.07625,False,577830.0,3.9180765805877114e-05,1.3444922119901402e-48,2.272178538161829e-18,0,0.0,True,missing_incoming,0.0171854966871748
100000003336565100,peripheral,0.4,1,0.008974893653690431,"Вход/выход: 1/0 связей, 16 550/0 KZT; признаков специальной роли недостаточно",2,False,1,0,16550.0,0.0,1,0,0.0002911902917077186,0.0,False,16550.0,0.0,0.0,2.225214202853109e-36,0,0.0,False,other,0.010899198389207335
100000003338583100,peripheral,0.4,23,0.00895870697769531,"Вход/выход: 1/0 связей, 21 765/0 KZT; признаков специальной роли недостаточно",3,False,1,0,21765.0,0.0,1,0,0.00029016016283832526,0.0,False,21765.0,0.0,0.0,1.1315691824419043e-40,0,0.0,False,other,0.010879541132002948
100000003345947100,peripheral,0.3,4,0.0,"Глубина 4, выход 0, вход 79 500 KZT; обход обрезан, данных для гипотезы о конечном получателе недостаточно",4,False,1,0,79500.0,0.0,6,0,0.000494765923207766,0.0,True,79500.0,0.0,0.0,5.2455341720564076e-82,0,0.0,False,truncated,-0.27609790427854664
100000003349739100,peripheral,0.2,73,0.0,0 входящих и 0 исходящих рёбер; недостаточно данных для гипотезы о роли; seed: входящие суммы занижены методом сбора,0,True,0,0,0.0,0.0,0,0,0.0002855692942172909,,False,0.0,0.0,0.0,0.0,0,0.0,True,no_edges,0.0
100000003360542100,peripheral,0.4,9,0.07878362316404335,"Вход/выход: 2/2 связей, 317 000/51 800 KZT; признаков специальной роли недостаточно",2,False,2,2,317000.0,51800.0,3,5,0.0014564325480065504,0.16340694006309148,False,368800.0,0.0,3.91529747327387e-14,1.126512704674759e-18,0,0.0,False,other,0.09567560038244852
100000003366154100,peripheral,0.4,2,0.09543110174143879,"Вход 125 000, выход 289 170 KZT; возможны пропущенные входящие или начальный остаток; для проверки запросить выписку",1,False,1,3,125000.0,289170.0,1,3,0.0003105988484375593,2.31336,False,414170.0,5.0858618394402336e-05,4.2797483755224857e-16,6.140762894550207e-14,1,1.0,True,missing_incoming,0.1158924607371674
100000003366471100,peripheral,0.4,4,0.023486076649594987,"Вход/выход: 2/1 связей, 329 789/20 000 KZT; признаков специальной роли недостаточно",3,False,2,1,329789.0,20000.0,5,1,0.0003604911511540956,0.0606448365470043,False,349789.0,1.8699910952804988e-05,1.480748810291788e-110,5.606439581817591e-14,0,0.0,False,other,0.028521720553514106
100000003370425100,peripheral,0.3,12,0.0,"Глубина 4, выход 0, вход 20 000 KZT; обход обрезан, данных для гипотезы о конечном получателе недостаточно",4,False,1,0,20000.0,0.0,1,0,0.0006479504805603649,0.0,True,20000.0,0.0,0.0,7.949488658996051e-104,0,0.0,False,truncated,-0.26720469998844165
100000003377795100,peripheral,0.4,6,0.09099040660790016,"Вход/выход: 1/0 связей, 7 000/0 KZT; признаков специальной роли недостаточно",1,False,1,0,7000.0,0.0,1,0,0.00028597068988854644,0.0,False,7000.0,0.0,0.0,1.0833263806537439e-17,1,1.0,False,other,0.11049963725490548
100000003390036100,peripheral,0.4,9,0.07238066936131726,"Вход/выход: 2/2 связей, 231 300/62 000 KZT; признаков специальной роли недостаточно",2,False,2,2,231300.0,62000.0,4,2,0.0013242239371446286,0.2680501513186338,False,293300.0,9.973285841495994e-05,5.9741729023750765e-92,2.1902720572987153e-16,0,0.0,False,other,0.08789979083353593
100000003404627100,consolidator,0.7,40,0.2902236854355331,Вход 877 700 KZT от 4 плательщиков; передаёт 0.0%; признаки консолидации,1,False,4,0,877700.0,0.0,5,0,0.0013785777125656824,0.0,False,877700.0,0.0,0.0,6.445463000766209e-17,1,0.25,False,consolidator,0.1409801897099064
100000003406094100,peripheral,0.4,3,0.0345523659774503,"Вход/выход: 1/3 связей, 70 000/47 000 KZT; признаков специальной роли недостаточно",3,False,1,3,70000.0,47000.0,4,3,0.000778150781378675,0.6714285714285714,False,117000.0,3.9180765805877114e-05,3.477837826501133e-23,6.074972162005661e-85,0,0.0,False,other,0.04196073024774789
100000003447411100,peripheral,0.3,4,0.0,"Глубина 4, выход 0, вход 302 000 KZT; обход обрезан, данных для гипотезы о конечном получателе недостаточно",4,False,1,0,302000.0,0.0,3,0,0.000305818442968074,0.0,True,302000.0,0.0,0.0,7.619799918377775e-15,0,0.0,False,truncated,-0.28582404317609356
100000003448713100,peripheral,0.3,4,0.0,"Глубина 4, выход 0, вход 266 750 KZT; обход обрезан, данных для гипотезы о конечном получателе недостаточно",4,False,1,0,266750.0,0.0,1,0,0.00030345492477779225,0.0,True,266750.0,0.0,0.0,6.73040274247441e-15,0,0.0,False,truncated,-0.2862628344941157
100000003449074100,peripheral,0.4,0,0.09108545807191694,"Вход/выход: 1/0 связей, 10 000/0 KZT; признаков специальной роли недостаточно",1,False,1,0,10000.0,0.0,1,0,0.0002874458184490932,0.0,False,10000.0,0.0,0.0,3.493540282054443e-15,1,1.0,False,other,0.11061506867988705
100000003457710100,peripheral,0.4,5,0.020468732992977894,"Вход 326 555, выход 1 306 000 KZT; возможны пропущенные входящие или начальный остаток; для проверки запросить выписку",3,False,1,1,326555.0,1306000.0,1,2,0.0002961526720570531,3.999326300316945,False,1632555.0,1.8699910952804988e-05,1.0633135996421508e-30,1.9750184989155732e-12,0,0.0,True,missing_incoming,0.024857428987411462
100000003470579100,peripheral,0.3,25,0.0,"Глубина 4, выход 0, вход 357 000 KZT; обход обрезан, данных для гипотезы о конечном получателе недостаточно",4,False,1,0,357000.0,0.0,2,0,0.0005685326159317399,0.0,True,357000.0,0.0,0.0,2.4655374362947782e-54,0,0.0,False,truncated,-0.26926258415277265
100000003476560100,terminal,0.7,2,0.13765606225648244,"Вход 50 000 KZT от 1 плательщика, выход 0; глубина 1; признаки конечного получателя",1,False,1,0,50000.0,0.0,1,0,0.00029558111590539824,0.0,False,50000.0,0.0,0.0,2.456305157820083e-14,1,1.0,False,terminal,0.11144724308375108
100000003481025100,peripheral,0.3,0,0.0,"Глубина 4, выход 0, вход 9 000 KZT; обход обрезан, данных для гипотезы о конечном получателе недостаточно",4,False,1,0,9000.0,0.0,1,0,0.0005310260909453555,0.0,True,9000.0,0.0,0.0,2.9974812657417382e-123,0,0.0,False,truncated,-0.2744632085125306
100000003484058100,peripheral,0.4,13,0.011091099776522857,"Вход/выход: 1/1 связей, 110 000/6 000 KZT; признаков специальной роли недостаточно",3,False,1,1,110000.0,6000.0,1,1,0.00031666097474220527,0.05454545454545454,False,116000.0,1.8699910952804988e-05,1.4581983418183526e-133,7.725518573681244e-18,0,0.0,False,other,0.01346913974508309
100000003486846100,peripheral,0.3,3,0.0,"Глубина 4, выход 0, вход 27 000 KZT; обход обрезан, данных для гипотезы о конечном получателе недостаточно",4,False,1,0,27000.0,0.0,2,0,0.0005311359663531782,0.0,True,27000.0,0.0,0.0,9.839441101143216e-103,0,0.0,False,truncated,-0.27430638629742826
100000003486970100,terminal,0.7,5,0.014779241426874947,"Вход 150 000 KZT от 1 плательщика, выход 0; глубина 3; признаки конечного получателя",3,False,1,0,150000.0,0.0,1,0,0.00029043067032840335,0.0,False,150000.0,0.0,0.0,9.072063659638836e-13,0,0.0,False,terminal,0.0119653699582476
100000003497735100,terminal,0.7,17,0.01577213388737683,"Вход 125 000 KZT от 1 плательщика, выход 0; глубина 3; признаки конечного получателя",3,False,1,0,125000.0,0.0,1,0,0.00030694621061712747,0.0,False,125000.0,0.0,0.0,5.431350763554846e-16,0,0.0,False,terminal,0.012769222150353771
100000003500764100,peripheral,0.3,15,0.0,"Глубина 4, выход 0, вход 21 000 KZT; обход обрезан, данных для гипотезы о конечном получателе недостаточно",4,False,1,0,21000.0,0.0,1,0,0.0005301918184248244,0.0,True,21000.0,0.0,0.0,7.293358093678069e-107,0,0.0,False,truncated,-0.2744142862640836
100000003509750100,transit,0.8527281565196257,6,0.19521440446348798,"Вход 82 290, выход 78 400 KZT; передаёт 95.3%; 3/3 связей; признаки транзита",2,False,3,3,82290.0,78400.0,4,5,0.0016870480265556839,0.9527281565196257,False,160690.0,4.452359750667854e-06,8.068144589165034e-92,1.1059615073512571e-18,0,0.0,False,transit,0.11853513839707873
100000003528285100,peripheral,0.4,2,0.04519775079624945,"Вход 118 870, выход 548 000 KZT; возможны пропущенные входящие или начальный остаток; для проверки запросить выписку",3,False,4,4,118870.0,548000.0,5,6,0.0004042756455484546,4.6100782367292,False,666870.0,4.015154083768606e-05,1.574660948531002e-14,1.1311787665835664e-14,0,0.0,True,missing_incoming,0.054888589400913304
100000003557488100,peripheral,0.4,31,0.02914842942848327,"Вход/выход: 1/2 связей, 664 992/138 000 KZT; признаков специальной роли недостаточно",3,False,1,2,664992.0,138000.0,3,4,0.000580971814726147,0.20752129348924497,False,802992.0,1.8699910952804988e-05,1.14717430511414e-65,1.2565295417782842e-16,0,0.0,False,other,0.035398136995663916
100000003561031100,peripheral,0.4,4,0.008987592968204422,"Вход/выход: 1/1 связей, 13 300/5 000 KZT; признаков специальной роли недостаточно",3,False,1,1,13300.0,5000.0,1,1,0.00028827529889143965,0.37593984962406013,False,18300.0,1.8699910952804988e-05,4.784557452868469e-137,8.377909699991887e-16,0,0.0,False,other,0.010914620560615242
100000003567087100,terminal,0.7,1,0.13800988361002292,"Вход 62 115 KZT от 1 плательщика, выход 0; глубина 1; признаки конечного получателя",1,False,1,0,62115.0,0.0,1,0,0.0002986065051344285,0.0,False,62115.0,0.0,0.0,5.440848948920454e-39,1,1.0,False,terminal,0.11173369915222975
100000003568904100,peripheral,0.3,12,0.0,"Глубина 4, выход 0, вход 49 000 KZT; обход обрезан, данных для гипотезы о конечном получателе недостаточно",4,False,1,0,49000.0,0.0,1,0,0.000531731011956939,0.0,True,49000.0,0.0,0.0,1.3266611541137935e-91,0,0.0,False,truncated,-0.2740864731819793
100000003574895100,peripheral,0.4,0,0.00913451440899548,"Вход/выход: 1/1 связей, 27 968/20 000 KZT; признаков специальной роли недостаточно",3,False,1,1,27968.0,20000.0,1,1,0.00028714445105582987,0.7151029748283753,False,47968.0,1.8737385724253492e-05,1.480748810291788e-110,7.399989995413735e-15,0,0.0,False,other,0.01109304339130265
100000003581109100,peripheral,0.4,0,0.008992600054666032,"Вход/выход: 1/0 связей, 42 750/0 KZT; признаков специальной роли недостаточно",3,False,1,0,42750.0,0.0,1,0,0.00028797697280880764,0.0,False,42750.0,0.0,0.0,1.1311126012011484e-14,0,0.0,False,other,0.010920701215250581
100000003582677100,peripheral,0.4,2,0.023461958212488185,"Вход 29 757, выход 56 000 KZT; возможны пропущенные входящие или начальный остаток; для проверки запросить выписку",3,False,2,4,29756.989999999998,56000.0,2,5,0.00029329270913900144,1.881910771217116,False,85756.98999999999,0.0006740872662511131,1.0689475224879235e-15,1.5479715150915017e-15,0,0.0,True,missing_incoming,0.02849243088825367
100000003589877100,peripheral,0.4,7,0.06417863661238431,"Вход 176 000, выход 416 129 KZT; возможны пропущенные входящие или начальный остаток; для проверки запросить выписку",1,False,2,6,176000.0,416129.0,2,6,0.0003069751599714215,2.364369318181818,False,592129.0,8.922564630596902e-05,4.011343918665152e-16,4.1000652810971206e-17,1,0.5,True,missing_incoming,0.07793916226512532
100000003594472100,peripheral,0.4,31,0.009163293029594611,"Вход/выход: 1/0 связей, 20 000/0 KZT; признаков специальной роли недостаточно",3,False,1,0,20000.0,0.0,1,0,0.0002944536874283026,0.0,False,20000.0,0.0,0.0,3.779081678511273e-18,0,0.0,False,other,0.011127992428849038
100000003603979100,terminal,0.7,23,0.03728410589899233,"Вход 165 000 KZT от 1 плательщика, выход 0; глубина 2; признаки конечного получателя",2,False,1,0,165000.0,0.0,3,0,0.0005856463349534348,0.0,False,165000.0,0.0,0.0,3.0671063919250965e-42,0,0.0,False,terminal,0.030185454568235983
100000003610172100,terminal,0.7,5,0.013759023473464884,"Вход 70 000 KZT от 1 плательщика, выход 0; глубина 3; признаки конечного получателя",3,False,1,0,70000.0,0.0,1,0,0.0002878379364024767,0.0,False,70000.0,0.0,0.0,4.233629707831456e-13,0,0.0,False,terminal,0.011139394869404434
100000003616818100,peripheral,0.4,23,0.06685112284729522,"Вход 78 000, выход 240 100 KZT; возможны пропущенные входящие или начальный остаток; для проверки запросить выписку",1,False,3,3,78000.0,240100.0,4,8,0.0005130034108689025,3.0782051282051284,False,318100.0,8.904719501335708e-07,3.7018187092217064e-42,1.5307276666827171e-40,1,0.3333333333333333,True,missing_incoming,0.08118465561475878
100000003617552100,peripheral,0.4,29,0.02214842343336731,"Вход/выход: 1/0 связей, 25 000/0 KZT; признаков специальной роли недостаточно",2,False,1,0,25000.0,0.0,1,0,0.0005510452542740759,0.0,False,25000.0,0.0,0.0,3.595414325170328e-104,0,0.0,False,other,0.026897261440995072
100000003622955100,peripheral,0.3,9,0.0,"Глубина 4, выход 0, вход 15 000 KZT; обход обрезан, данных для гипотезы о конечном получателе недостаточно",4,False,1,0,15000.0,0.0,1,0,0.001334263775828019,0.0,True,15000.0,0.0,0.0,1.0381323173024496e-113,0,0.0,False,truncated,-0.22517935794449456
100000003626268100,peripheral,0.3,4,0.0,"Глубина 4, выход 0, вход 5 000 KZT; обход обрезан, данных для гипотезы о конечном получателе недостаточно",4,False,1,0,5000.0,0.0,1,0,0.0005308903791336683,0.0,True,5000.0,0.0,0.0,3.16255988575774e-134,0,0.0,False,truncated,-0.2745048796363869
100000003631015100,peripheral,0.3,41,0.0,"Глубина 4, выход 0, вход 266 000 KZT; обход обрезан, данных для гипотезы о конечном получателе недостаточно",4,False,1,0,266000.0,0.0,1,0,0.00032225093674487795,0.0,True,266000.0,0.0,0.0,2.9811482345772216e-39,0,0.0,False,truncated,-0.2851170013864028
100000003632533100,peripheral,0.3,5,0.0,"Глубина 4, выход 0, вход 10 000 KZT; обход обрезан, данных для гипотезы о конечном получателе недостаточно",4,False,1,0,10000.0,0.0,1,0,0.00042894910408558583,0.0,True,10000.0,0.0,0.0,7.964249072300253e-107,0,0.0,False,truncated,-0.2807115988502921
100000003635170100,coordinator,0.6015852956578566,33,0.25440131962772244,Вход/выход: 3/4 связей; seed-плательщиков 1; в топ-5% по посреднической роли в сети; признаки координации,1,False,3,4,268500.0,253500.0,13,10,0.0011481911115018488,0.9441340782122905,False,522000.0,0.00018432769367764917,1.6217188317196106e-69,7.452223218334956e-15,1,0.3333333333333333,False,coordinator,0.12357897753846003
100000003635660100,peripheral,0.4,0,0.008957879143463441,"Вход/выход: 1/0 связей, 18 985/0 KZT; признаков специальной роли недостаточно",3,False,1,0,18985.0,0.0,1,0,0.0002905219400417891,0.0,False,18985.0,0.0,0.0,6.1127019097839055e-15,0,0.0,False,other,0.010878535802037527
100000003636627100,peripheral,0.4,6,0.09451081660687441,"Вход/выход: 1/1 связей, 77 000/10 000 KZT; признаков специальной роли недостаточно",3,False,1,1,77000.0,10000.0,8,1,0.0019763124102948008,0.12987012987012986,False,87000.0,0.0,8.979773376436807e-21,3.659567431918417e-83,0,0.0,False,other,0.11477485749379847
100000003646145100,peripheral,0.3,32,0.0,"Глубина 4, выход 0, вход 5 000 KZT; обход обрезан, данных для гипотезы о конечном получателе недостаточно",4,False,1,0,5000.0,0.0,1,0,0.0006536813277109187,0.0,True,5000.0,0.0,0.0,1.3795725217400101e-73,0,0.0,False,truncated,-0.2669785051320446
100000003647799100,terminal,0.7,5,0.014141605205993661,"Вход 100 000 KZT от 1 плательщика, выход 0; глубина 3; признаки конечного получателя",3,False,1,0,100000.0,0.0,1,0,0.00028881021162469923,0.0,False,100000.0,0.0,0.0,6.048042439759223e-13,0,0.0,False,terminal,0.011449135527720623
100000003650146100,peripheral,0.4,3,0.009411206771807342,"Вход/выход: 1/0 связей, 14 400/0 KZT; признаков специальной роли недостаточно",3,False,1,0,14400.0,0.0,1,0,0.00030012735117663754,0.0,False,14400.0,0.0,0.0,8.729385640782218e-18,0,0.0,False,other,0.011429061295406169
100000003664994100,peripheral,0.3,42,0.0,"Глубина 4, выход 0, вход 338 271 KZT; обход обрезан, данных для гипотезы о конечном получателе недостаточно",4,False,1,0,338271.0,0.0,2,0,0.0003911208228878406,0.0,True,338271.0,0.0,0.0,1.3228067808637756e-18,0,0.0,False,truncated,-0.28029306634064577
100000003671721100,peripheral,0.4,8,0.022399583821677876,"Вход/выход: 1/0 связей, 5 000/0 KZT; признаков специальной роли недостаточно",3,False,1,0,5000.0,0.0,1,0,0.000558742155523584,0.0,False,5000.0,0.0,0.0,3.16255988575774e-134,0,0.0,False,other,0.02720227306623941
100000003677936100,peripheral,0.4,6,0.010478845226966719,"Вход/выход: 1/1 связей, 71 000/13 000 KZT; признаков специальной роли недостаточно",3,False,1,1,71000.0,13000.0,1,2,0.000308883638599444,0.18309859154929578,False,84000.0,1.8699910952804988e-05,8.682985677618511e-119,5.1798624618757933e-17,0,0.0,False,other,0.012725611848508716
100000003684369100,coordinator,0.6617252586979195,2,1.0,Вход/выход: 24/62 связей; seed-плательщиков 1; в топ-5% по посреднической роли в сети; признаки координации; seed: входящие суммы занижены методом сбора,0,True,24,62,3848436.0,8588655.0,58,67,0.0020202912084868662,2.2317260830113845,False,12437091.0,0.002246660730186999,1.8771258383563954e-12,2.5494394969489044e-13,1,0.041666666666666664,True,coordinator,0.48576390137951736
100000003692843100,peripheral,0.3,53,0.0,"Глубина 4, выход 0, вход 510 000 KZT; обход обрезан, данных для гипотезы о конечном получателе недостаточно",4,False,1,0,510000.0,0.0,2,0,0.0005294957412060607,0.0,True,510000.0,0.0,0.0,8.648867452145567e-48,0,0.0,False,truncated,-0.27037957499822285
100000003696422100,peripheral,0.3,31,0.0,"Глубина 4, выход 0, вход 118 000 KZT; обход обрезан, данных для гипотезы о конечном получателе недостаточно",4,False,1,0,118000.0,0.0,2,0,0.000708517142019498,0.0,True,118000.0,0.0,0.0,8.562187558637686e-65,0,0.0,False,truncated,-0.2626751711730897
100000003701161100,coordinator,0.6023123763854566,21,0.3455955426932141,Вход/выход: 4/3 связей; seed-плательщиков 1; в топ-5% по посреднической роли в сети; признаки координации,1,False,4,3,1527103.0,349000.0,13,7,0.0016488161626324821,0.22853730232996727,False,1876103.0,0.00020926090828138916,7.955457101231315e-18,1.144793277996107e-14,1,0.25,False,coordinator,0.16787783911802723
100000003711830100,terminal,0.7,4,0.014151466518930055,"Вход 50 000 KZT от 1 плательщика, выход 0; глубина 3; признаки конечного получателя",3,False,1,0,50000.0,0.0,1,0,0.00029574224412010574,0.0,False,50000.0,0.0,0.0,3.149590112778905e-15,0,0.0,False,terminal,0.011457119310795134
100000003713616100,peripheral,0.4,3,0.09111745344793519,"Вход/выход: 1/0 связей, 15 893/0 KZT; признаков специальной роли недостаточно",1,False,1,0,15893.0,0.0,1,0,0.00028727807864198997,0.0,False,15893.0,0.0,0.0,4.277929465654318e-16,1,1.0,False,other,0.11065392417658888
100000003718221100,peripheral,0.4,21,0.06106389313626098,"Вход 350 000, выход 423 500 KZT; возможны пропущенные входящие или начальный остаток; для проверки запросить выписку",2,False,2,4,350000.0,423500.0,6,8,0.001043468286601379,1.21,False,773500.0,4.363312555654497e-05,4.173101174338279e-16,1.7822200998014087e-16,0,0.0,True,missing_incoming,0.07415658740823017
100000003718715100,peripheral,0.3,12,0.0,"Глубина 4, выход 0, вход 915 000 KZT; обход обрезан, данных для гипотезы о конечном получателе недостаточно",4,False,1,0,915000.0,0.0,3,0,0.000575576480964531,0.0,True,915000.0,0.0,0.0,6.1014859619976135e-37,0,0.0,False,truncated,-0.2641781238486517
100000003724440100,terminal,0.7,2,0.027952471863939857,"Вход 50 000 KZT от 2 плательщиков, выход 0; глубина 2; признаки конечного получателя",2,False,2,0,50000.0,0.0,2,0,0.0003080878958078091,0.0,False,50000.0,0.0,0.0,1.455053240998615e-16,0,0.0,False,terminal,0.022630502976381025
100000003736419100,peripheral,0.4,0,0.009260791933604847,"Вход/выход: 1/1 связей, 23 300/10 000 KZT; признаков специальной роли недостаточно",3,False,1,1,23300.0,10000.0,1,1,0.0002916476006545207,0.4291845493562232,False,33300.0,1.8699910952804988e-05,8.417082485105925e-124,7.502025520040294e-15,0,0.0,False,other,0.011246396048829637
100000003739818100,terminal,0.7,2,0.13784173254911108,"Вход 57 293 KZT от 1 плательщика, выход 0; глубина 1; признаки конечного получателя",1,False,1,0,57293.0,0.0,1,0,0.00029704144021682556,0.0,False,57293.0,0.0,0.0,2.81458182813972e-14,1,1.0,False,terminal,0.11159756295994701
100000003741418100,consolidator,0.95,5,0.2427262631299098,Вход 151 900 KZT от 9 плательщиков; передаёт 26.3%; признаки консолидации,2,False,9,3,151900.0,39920.0,13,3,0.0006325013799441044,0.2628044766293614,False,191820.0,0.0001347307259220132,1.0553029503455255e-14,1.4216767081486046e-16,0,0.0,False,consolidator,0.11790765654525628
100000003747133100,transit,0.8454502505610205,47,0.10328262711621598,"Вход 237 068, выход 250 000 KZT; передаёт 105.5%; 5/2 связей; признаки транзита",2,False,5,2,237068.0,250000.0,8,2,0.0003780707341340088,1.0545497494389795,False,487068.0,9.368692862126747e-05,8.187667199040823e-64,1.0394125783638684e-15,0,0.0,False,transit,0.06271371486587375
100000003760160100,terminal,0.7,5,0.014198609884140446,"Вход 104 470 KZT от 1 плательщика, выход 0; глубина 3; признаки конечного получателя",3,False,1,0,104470.0,0.0,1,0,0.00028895508063281035,0.0,False,104470.0,0.0,0.0,6.31838993681646e-13,0,0.0,False,terminal,0.011495286885809733
100000003770083100,peripheral,0.2,74,0.0,0 входящих и 0 исходящих рёбер; недостаточно данных для гипотезы о роли; seed: входящие суммы занижены методом сбора,0,True,0,0,0.0,0.0,0,0,0.0002855692942172909,,False,0.0,0.0,0.0,0.0,0,0.0,True,no_edges,0.0
100000003781406100,peripheral,0.4,11,0.030958695241878827,"Вход/выход: 1/0 связей, 45 000/0 KZT; признаков специальной роли недостаточно",3,False,1,0,45000.0,0.0,2,0,0.0007228806641155315,0.0,False,45000.0,0.0,0.0,3.4077416623196514e-93,0,0.0,False,other,0.0375965414557864
100000003782913100,peripheral,0.3,13,0.0,"Глубина 4, выход 0, вход 200 000 KZT; обход обрезан, данных для гипотезы о конечном получателе недостаточно",4,False,1,0,200000.0,0.0,1,0,0.0002993965636065486,0.0,True,200000.0,0.0,0.0,2.268317039412545e-17,0,0.0,False,truncated,-0.2870681629829661
100000003786516100,peripheral,0.3,0,0.0,"Глубина 4, выход 0, вход 5 000 KZT; обход обрезан, данных для гипотезы о конечном получателе недостаточно",4,False,1,0,5000.0,0.0,1,0,0.0002931596479812034,0.0,True,5000.0,0.0,0.0,3.684664232129411e-20,0,0.0,False,truncated,-0.28907639760718357
100000003792647100,peripheral,0.3,5,0.0,"Глубина 4, выход 0, вход 8 000 KZT; обход обрезан, данных для гипотезы о конечном получателе недостаточно",4,False,1,0,8000.0,0.0,1,0,0.0004002731421119268,0.0,True,8000.0,0.0,0.0,6.371399257840202e-107,0,0.0,False,truncated,-0.28248594574690034
100000003795588100,terminal,0.7,0,0.01967156599643176,"Вход 400 000 KZT от 1 плательщика, выход 0; глубина 3; признаки конечного получателя",3,False,1,0,400000.0,0.0,2,0,0.00032104219550652184,0.0,False,400000.0,0.0,0.0,4.048831083947467e-13,0,0.0,False,terminal,0.015926227741118907
100000003796063100,distributor,0.55,5,0.16909889771773726,"Отправляет 959 150 KZT на 15 получателей, 23 переводов; признаки распределения; возможен неполный вход или начальный остаток",3,False,1,15,35000.0,959150.0,1,23,0.0006852648705720575,27.404285714285713,False,994150.0,0.005007123775601069,6.425766659535415e-15,6.906443743452724e-98,0,0.0,True,distributor,0.09126904474927111
100000003798151100,terminal,0.7,3,0.03841316143087986,"Вход 350 000 KZT от 1 плательщика, выход 0; глубина 2; признаки конечного получателя",2,False,1,0,350000.0,0.0,3,0,0.0005753929174195443,0.0,False,350000.0,0.0,0.0,6.906443743452729e-55,0,0.0,False,terminal,0.031099545268309006
100000003809101100,peripheral,0.4,9,0.0647361339348017,"Вход/выход: 2/2 связей, 166 050/55 200 KZT; признаков специальной роли недостаточно",1,False,2,2,166050.0,55200.0,3,4,0.00036194707754243303,0.3324299909665763,False,221250.0,0.0001308993766696349,1.3970297166566185e-94,4.3350499945362305e-14,1,0.5,False,other,0.0786161924509906
100000003814002100,peripheral,0.4,5,0.00883260966450657,"Вход/выход: 1/0 связей, 30 000/0 KZT; признаков специальной роли недостаточно",3,False,1,0,30000.0,0.0,1,0,0.00028654156943951336,0.0,False,30000.0,0.0,0.0,1.8144127319277673e-13,0,0.0,False,other,0.010726407324982852
100000003819173100,peripheral,0.3,4,0.0,"Глубина 4, выход 0, вход 143 777 KZT; обход обрезан, данных для гипотезы о конечном получателе недостаточно",4,False,1,0,143777.0,0.0,1,0,0.0002952095652766993,0.0,True,143777.0,0.0,0.0,3.6276555392867596e-15,0,0.0,False,truncated,-0.28779360001897086
100000003823811100,peripheral,0.4,19,0.01375142176059352,"Вход 30 000, выход 66 130 KZT; возможны пропущенные входящие или начальный остаток; для проверки запросить выписку",2,False,1,3,30000.0,66130.0,1,3,0.0003569753080281231,2.2043333333333335,False,96130.0,0.00011510108373470004,6.779592475067804e-21,6.267902260392881e-18,0,0.0,True,missing_incoming,0.01669986070985275
100000003824464100,terminal,0.7,21,0.017778724111171724,"Вход 200 000 KZT от 1 плательщика, выход 0; глубина 2; признаки конечного получателя",2,False,1,0,200000.0,0.0,1,0,0.000323247651083571,0.0,False,200000.0,0.0,0.0,2.965949891851714e-15,0,0.0,False,terminal,0.014393770642988114
100000003831201100,peripheral,0.4,0,0.021411365976406978,"Вход/выход: 1/0 связей, 40 500/0 KZT; признаков специальной роли недостаточно",2,False,1,0,40500.0,0.0,3,0,0.0005343335334517985,0.0,False,40500.0,0.0,0.0,3.6719314911334086e-95,0,0.0,False,other,0.02600217167641028
100000003831324100,terminal,0.7,6,0.0928235243464442,"Вход 300 000 KZT от 2 плательщиков, выход 0; глубина 1; признаки конечного получателя",1,False,2,0,300000.0,0.0,2,0,0.00031519260326985687,0.0,False,300000.0,0.0,0.0,3.107151042280391e-16,1,0.5,False,terminal,0.07515052887720891
100000003832231100,peripheral,0.4,2,0.09151612117986171,"Вход/выход: 1/0 связей, 35 000/0 KZT; признаков специальной роли недостаточно",1,False,1,0,35000.0,0.0,1,0,0.00029257756939896605,0.0,False,35000.0,0.0,0.0,1.719413610474058e-14,1,1.0,False,other,0.11113807015862576
100000003834495100,consolidator,0.65,0,0.11769356629862451,Вход 602 441 KZT от 3 плательщиков; передаёт 3.3%; признаки консолидации,3,False,3,1,602441.0,20000.0,5,1,0.0006208601664329539,0.0331982716979754,False,622441.0,1.8737385724253492e-05,3.0627844533259335e-15,3.960097717295959e-13,0,0.0,False,consolidator,0.05717128593248873
100000003835149100,peripheral,0.4,22,0.13454128515282884,"Вход 248 500, выход 4 600 440 KZT; возможны пропущенные входящие или начальный остаток; для проверки запросить выписку",1,False,1,2,248500.0,4600440.0,1,13,0.0004889016554646476,18.512837022132796,False,4848940.0,8.030308167537212e-06,0.00038455164836114967,4.126623700114987e-61,1,1.0,True,missing_incoming,0.1633882489311307
100000003838587100,peripheral,0.3,13,0.0,"Глубина 4, выход 0, вход 6 000 KZT; обход обрезан, данных для гипотезы о конечном получателе недостаточно",4,False,1,0,6000.0,0.0,1,0,0.0005550324069085224,0.0,True,6000.0,0.0,0.0,8.032159760405104e-131,0,0.0,False,truncated,-0.2730167748601654
100000003843844100,peripheral,0.4,12,0.010785655146243,"Вход 16 680, выход 238 000 KZT; возможны пропущенные входящие или начальный остаток; для проверки запросить выписку",3,False,1,1,16680.0,238000.0,1,1,0.00029174384813368293,14.268585131894485,False,254680.0,1.8699910952804988e-05,3.122825331975309e-63,6.587826863121339e-17,0,0.0,True,missing_incoming,0.013098204806932672
100000003854444100,distributor,0.55,17,0.08332960547745302,"Отправляет 2 322 909 KZT на 14 получателей, 14 переводов; признаки распределения; возможен неполный вход или начальный остаток",2,False,1,14,210000.0,2322909.0,4,14,0.00046676162714719263,11.061471428571428,False,2532909.0,0.00024309884238646483,1.6602624923048547e-14,7.719441527015073e-64,0,0.0,True,distributor,0.044976126952381755
100000003865939100,terminal,0.7,69,0.15562062516329864,"Вход 81 465 KZT от 1 плательщика, выход 0; глубина 1; признаки конечного получателя",1,False,1,0,81465.0,0.0,1,0,0.0005285862410602082,0.0,False,81465.0,0.0,0.0,4.1312761995173603e-82,1,1.0,False,terminal,0.1259914700240724
100000003873332100,peripheral,0.4,17,0.0962253885391292,"Вход 23 468, выход 286 000 KZT; возможны пропущенные входящие или начальный остаток; для проверки запросить выписку",1,False,1,4,23468.0,286000.0,1,8,0.0002899731212844846,12.186807567751833,False,309468.0,0.00037399821905609976,5.231545182206951e-65,8.198640333925367e-15,1,1.0,True,missing_incoming,0.11685705037131822
100000003877908100,peripheral,0.4,2,0.09160098351023724,"Вход/выход: 1/0 связей, 40 000/0 KZT; признаков специальной роли недостаточно",1,False,1,0,40000.0,0.0,1,0,0.0002935787515677768,0.0,False,40000.0,0.0,0.0,1.9650441262560664e-14,1,1.0,False,other,0.1112411278003342
100000003880331100,distributor,0.55,4,0.08603789923319788,"Отправляет 3 904 908 KZT на 16 получателей, 31 переводов; признаки распределения; возможен неполный вход или начальный остаток",3,False,1,16,100000.0,3904908.0,1,31,0.0003076581045462558,39.04908,False,4004908.0,0.00013268032056990204,9.641327585652471e-14,1.2062780627091357e-14,0,0.0,True,distributor,0.046437895108906654
100000003886323100,peripheral,0.4,3,0.13574607258871704,"Вход/выход: 2/1 связей, 78 168/7 650 KZT; признаков специальной роли недостаточно",1,False,2,1,78168.0,7650.0,6,1,0.0018048414724057059,0.09786613447958244,False,85818.0,1.8737385724253492e-05,6.401249131562101e-129,2.0984699491423077e-16,1,0.5,False,other,0.16485135454410588
100000003888197100,terminal,0.7,5,0.013926938595871765,"Вход 83 167 KZT от 1 плательщика, выход 0; глубина 3; признаки конечного получателя",3,False,1,0,83167.0,0.0,1,0,0.00028826466799751016,0.0,False,83167.0,0.0,0.0,5.029975455874553e-13,0,0.0,False,terminal,0.01127534004433941
100000003888271100,peripheral,0.4,44,0.09147499433207987,"Вход 12 177, выход 25 590 KZT; возможны пропущенные входящие или начальный остаток; для проверки запросить выписку",1,False,1,2,12177.0,25590.0,2,3,0.0002913863210858299,2.10150283321015,False,37767.0,0.0,9.332096417769668e-109,2.3131840730995777e-36,1,1.0,True,missing_incoming,0.11108812531355089
100000003888527100,peripheral,0.4,42,0.012877129042073625,"Вход/выход: 1/0 связей, 30 000/0 KZT; признаков специальной роли недостаточно",3,False,1,0,30000.0,0.0,1,0,0.0003666748083508476,0.0,False,30000.0,0.0,0.0,1.078108540395656e-17,0,0.0,False,other,0.01563811110511293
100000003896956100,peripheral,0.4,3,0.009130590249513175,"Вход 10 000, выход 27 000 KZT; возможны пропущенные входящие или начальный остаток; для проверки запросить выписку",3,False,1,1,10000.0,27000.0,1,2,0.0002885646095495065,2.7,False,37000.0,1.8699910952804988e-05,8.038355444541402e-105,3.679114348515137e-17,0,0.0,True,missing_incoming,0.011088277853753253
100000003899325100,terminal,0.7,4,0.014220685882458495,"Вход 50 120 KZT от 1 плательщика, выход 0; глубина 3; признаки конечного получателя",3,False,1,0,50120.0,0.0,1,0,0.0002966402059541681,0.0,False,50120.0,0.0,0.0,6.0458656502981884e-15,0,0.0,False,terminal,0.011513159757592772
100000003899899100,peripheral,0.4,3,0.037466628755507936,"Вход/выход: 2/1 связей, 218 500/10 000 KZT; признаков специальной роли недостаточно",3,False,2,1,218500.0,10000.0,5,1,0.0006539846029635868,0.04576659038901602,False,228500.0,1.8699910952804988e-05,8.417082485105925e-124,7.854924683319158e-16,0,0.0,False,other,0.045499839389533864
100000003900547100,peripheral,0.4,3,0.09121342290049556,"Вход/выход: 1/0 связей, 23 700/0 KZT; признаков специальной роли недостаточно",1,False,1,0,23700.0,0.0,1,0,0.00028811747208587257,0.0,False,23700.0,0.0,0.0,6.379344889952013e-16,1,1.0,False,other,0.11077047041581134
100000003904497100,peripheral,0.3,7,0.0,"Глубина 4, выход 0, вход 10 000 KZT; обход обрезан, данных для гипотезы о конечном получателе недостаточно",4,False,1,0,10000.0,0.0,1,0,0.0003412568244192844,0.0,True,10000.0,0.0,0.0,1.1896721348300688e-102,0,0.0,False,truncated,-0.2860866280813179
100000003917461100,peripheral,0.4,11,0.015494080427475378,"Вход 10 000, выход 140 000 KZT; возможны пропущенные входящие или начальный остаток; для проверки запросить выписку",3,False,1,2,10000.0,140000.0,1,5,0.0003991316698685015,14.0,False,150000.0,1.9590382902938557e-05,1.2082408732447537e-74,6.102458428915861e-105,0,0.0,True,missing_incoming,0.01881616239184615
100000003920950100,terminal,0.7,6,0.024233078979478906,"Вход 323 290 KZT от 1 плательщика, выход 0; глубина 3; признаки конечного получателя",3,False,1,0,323290.0,0.0,1,0,0.0003917283702075202,0.0,False,323290.0,0.0,0.0,2.3585883595772187e-16,0,0.0,False,terminal,0.01961925831251608
100000003922499100,terminal,0.7,11,0.03228351171177881,"Вход 50 000 KZT от 1 плательщика, выход 0; глубина 2; признаки конечного получателя",2,False,1,0,50000.0,0.0,1,0,0.0005352399237782651,0.0,False,50000.0,0.0,0.0,3.162559885757741e-91,0,0.0,False,terminal,0.026136940998908363
100000003923946100,peripheral,0.4,6,0.102734361984586,"Вход 282 000, выход 675 000 KZT; возможны пропущенные входящие или начальный остаток; для проверки запросить выписку",1,False,1,4,282000.0,675000.0,3,4,0.00038941748481374446,2.393617021276596,False,957000.0,0.0,6.011492488013693e-17,1.631887310160239e-18,1,1.0,True,missing_incoming,0.12476161120842018
100000003927792100,peripheral,0.4,14,0.008877095144719425,"Вход/выход: 1/0 связей, 13 067/0 KZT; признаков специальной роли недостаточно",2,False,1,0,13067.0,0.0,1,0,0.00028972644169034,0.0,False,13067.0,0.0,0.0,2.006126728065857e-18,0,0.0,False,other,0.010780430926040198
100000003934614100,peripheral,0.4,34,0.018788264172992054,"Вход/выход: 2/1 связей, 17 000/11 500 KZT; признаков специальной роли недостаточно",3,False,2,1,17000.0,11500.0,2,2,0.00031349068936917934,0.6764705882352942,False,28500.0,3.5690258522387606e-06,6.616343482782251e-26,3.588428195853189e-19,0,0.0,False,other,0.022816651262054077
100000003942602100,transit,0.9,1,0.18330370963578319,"Вход 30 000, выход 30 000 KZT; передаёт 100.0%; 1/1 связей; признаки транзита",1,False,1,1,30000.0,30000.0,1,1,0.0002918659428128657,1.0,False,60000.0,0.0,1.0993368050076679e-37,2.6277947109009677e-39,1,1.0,False,transit,0.11130290641252033
100000003943247100,peripheral,0.4,0,0.008965901261311459,"Вход/выход: 1/0 связей, 40 000/0 KZT; признаков специальной роли недостаточно",3,False,1,0,40000.0,0.0,1,0,0.0002878220928994118,0.0,False,40000.0,0.0,0.0,1.0583509718841155e-14,0,0.0,False,other,0.010888277940195475
100000003943483100,peripheral,0.4,11,0.010836501715040935,"Вход/выход: 1/0 связей, 10 000/0 KZT; признаков специальной роли недостаточно",2,False,1,0,10000.0,0.0,1,0,0.0003289649862338494,0.0,False,10000.0,0.0,0.0,1.3294096601608224e-91,0,0.0,False,other,0.013159953376010287
100000003946524100,transit,0.8178136471362246,2,0.12640032350801939,"Вход 133 757, выход 144 750 KZT; передаёт 108.2%; 2/2 связей; признаки транзита",1,False,2,2,133757.0,144750.0,2,2,0.0003260605758889203,1.0821863528637754,False,278507.0,0.00011599334019775972,6.414573847590078e-76,5.588616391369951e-14,1,0.5,False,transit,0.07675089285361077
100000003950749100,peripheral,0.3,3,0.0,"Глубина 4, выход 0, вход 7 000 KZT; обход обрезан, данных для гипотезы о конечном получателе недостаточно",4,False,1,0,7000.0,0.0,1,0,0.00038424128954841564,0.0,True,7000.0,0.0,0.0,6.369824699908098e-26,0,0.0,False,truncated,-0.28347694371969984
100000003951827100,peripheral,0.4,0,0.008781655835369868,"Вход 9 000, выход 17 000 KZT; возможны пропущенные входящие или начальный остаток; для проверки запросить выписку",3,False,1,2,9000.0,17000.0,1,2,0.0002860761739207681,1.8888888888888888,False,26000.0,0.0,3.073897918533034e-19,2.38128968673926e-15,0,0.0,True,missing_incoming,0.01066452849790368
100000003962994100,peripheral,0.4,38,0.01852167833152134,"Вход/выход: 1/0 связей, 10 000/0 KZT; признаков специальной роли недостаточно",3,False,1,0,10000.0,0.0,1,0,0.0004812298257349216,0.0,False,10000.0,0.0,0.0,4.7238659715025045e-115,0,0.0,False,other,0.022492906816040693
100000003964910100,terminal,0.7,15,0.052974755150396007,"Вход 1 000 000 KZT от 2 плательщиков, выход 0; глубина 3; признаки конечного получателя",3,False,2,0,1000000.0,0.0,2,0,0.0005093616966720358,0.0,False,1000000.0,0.0,0.0,2.7122175122979274e-14,0,0.0,False,terminal,0.04288870622746841
100000003968044100,peripheral,0.4,4,0.011662020789973988,"Вход 40 000, выход 311 000 KZT; возможны пропущенные входящие или начальный остаток; для проверки запросить выписку",3,False,1,3,40000.0,311000.0,1,4,0.000296004155053737,7.775,False,351000.0,1.8699910952804988e-05,9.443017522521396e-16,1.2879013768309519e-14,0,0.0,True,missing_incoming,0.014162471792267012
100000003970394100,terminal,0.7,11,0.1383265079905154,"Вход 85 000 KZT от 1 плательщика, выход 0; глубина 1; признаки конечного получателя",1,False,1,0,85000.0,0.0,1,0,0.00029967547378974946,0.0,False,85000.0,0.0,0.0,5.933006067958392e-19,1,1.0,False,terminal,0.11199004030946291
100000003971049100,terminal,0.7,0,0.014100401781106836,"Вход 55 900 KZT от 1 плательщика, выход 0; глубина 2; признаки конечного получателя",2,False,1,0,55900.0,0.0,7,0,0.00029426514402485876,0.0,False,55900.0,0.0,0.0,6.63043439688557e-17,0,0.0,False,terminal,0.011415776967015253
100000003975102100,peripheral,0.4,3,0.012672989685428482,"Вход/выход: 1/2 связей, 25 650/88 500 KZT; признаков специальной роли недостаточно; seed: входящие суммы занижены методом сбора",0,True,1,2,25650.0,88500.0,1,2,0.0003454652180169808,3.4502923976608186,False,114150.0,3.650934995547641e-05,3.868798988348682e-20,2.518474131228136e-70,0,0.0,True,other,0.015390202279340303
100000003977183100,peripheral,0.4,6,0.06675301810006082,"Вход/выход: 2/4 связей, 123 800/766 000 KZT; признаков специальной роли недостаточно; seed: входящие суммы занижены методом сбора",0,True,2,4,123800.0,766000.0,2,6,0.000331460381699444,6.187399030694669,False,889800.0,0.0,2.211321622605052e-17,2.2100195427649906e-17,1,0.5,True,other,0.0810655162528577
100000003980083100,peripheral,0.4,68,0.10339372236042259,"Вход/выход: 1/0 связей, 30 000/0 KZT; признаков специальной роли недостаточно",1,False,1,0,30000.0,0.0,1,0,0.0005285862410602082,0.0,False,30000.0,0.0,0.0,9.131508432352698e-101,1,1.0,False,other,0.12556234487987378
100000003985389100,peripheral,0.3,4,0.0,"Глубина 4, выход 0, вход 422 698 KZT; обход обрезан, данных для гипотезы о конечном получателе недостаточно",4,False,1,0,422698.0,0.0,16,0,0.0004903551059552773,0.0,True,422698.0,0.0,0.0,4.707284315015598e-51,0,0.0,False,truncated,-0.2735066104111983
100000003986141100,peripheral,0.4,15,0.008678296081102568,"Вход/выход: 1/0 связей, 5 286/0 KZT; признаков специальной роли недостаточно",3,False,1,0,5286.32,0.0,1,0,0.0002868461256435469,0.0,False,5286.32,0.0,0.0,1.3395968483087445e-16,0,0.0,False,other,0.010539007404207398
100000003988112100,peripheral,0.4,19,0.020701032764106515,"Вход/выход: 1/1 связей, 92 000/64 000 KZT; признаков специальной роли недостаточно",2,False,1,1,92000.0,64000.0,2,5,0.0005045477365705099,0.6956521739130435,False,156000.0,0.0,3.1967555483723597e-16,1.9221566931871503e-17,0,0.0,False,other,0.025139536095193985
100000003989033100,peripheral,0.3,9,0.0,"Глубина 4, выход 0, вход 373 400 KZT; обход обрезан, данных для гипотезы о конечном получателе недостаточно",4,False,1,0,373400.0,0.0,13,0,0.0005989171063455111,0.0,True,373400.0,0.0,0.0,1.1230293765988142e-53,0,0.0,False,truncated,-0.26726344435996746
100000003996562100,peripheral,0.4,0,0.010780771071860457,"Вход/выход: 1/0 связей, 7 700/0 KZT; признаков специальной роли недостаточно",3,False,1,0,7700.0,0.0,1,0,0.0003281736881837659,0.0,False,7700.0,0.0,0.0,4.687827604493877e-19,0,0.0,False,other,0.01309227353936594
100000004004621100,terminal,0.7,12,0.08169885792224066,"Вход 75 389 KZT от 3 плательщиков, выход 0; глубина 1; признаки конечного получателя",1,False,3,0,75389.0,0.0,3,0,0.00030077440313347714,0.0,False,75389.0,0.0,0.0,1.6375209616628374e-13,1,0.3333333333333333,False,terminal,0.06614392660426419
100000004005964100,peripheral,0.4,23,0.06035839007309606,"Вход/выход: 3/3 связей, 97 900/72 000 KZT; признаков специальной роли недостаточно",1,False,3,3,97900.0,72000.0,9,5,0.0004045246914881722,0.7354443309499489,False,169900.0,8.904719501335708e-07,3.505337893079913e-41,2.5066995890215477e-40,1,0.3333333333333333,False,other,0.07329981760723468
100000004006327100,peripheral,0.3,7,0.0,"Глубина 4, выход 0, вход 300 000 KZT; обход обрезан, данных для гипотезы о конечном получателе недостаточно",4,False,1,0,300000.0,0.0,3,0,0.0005549673062458663,0.0,True,300000.0,0.0,0.0,9.131508432352688e-58,0,0.0,False,truncated,-0.27056933617521206
100000004007116100,consolidator,0.65,23,0.12317846574499816,Вход 764 704 KZT от 3 плательщиков; из них seed-плательщиков 0; передаёт 19.4%; признаки консолидации; seed: входящие суммы занижены методом сбора,0,True,3,4,764704.0,148000.0,24,6,0.0006277769573248429,0.19353893794200108,False,912704.0,0.0,1.7779984616902895e-41,3.0315643542006434e-39,0,0.0,True,consolidator,0.059835652086233544
100000004007197100,peripheral,0.4,23,0.008753517193240502,"Вход/выход: 1/0 связей, 10 048/0 KZT; признаков специальной роли недостаточно",3,False,1,0,10048.0,0.0,1,0,0.00028768870831810195,0.0,False,10048.0,0.0,0.0,5.223986742557433e-41,0,0.0,False,other,0.010630356656452972
100000004013952100,peripheral,0.3,0,0.0,"Глубина 4, выход 0, вход 5 500 KZT; обход обрезан, данных для гипотезы о конечном получателе недостаточно",4,False,1,0,5500.0,0.0,1,0,0.0005331412160251213,0.0,True,5500.0,0.0,0.0,1.9051282624461638e-132,0,0.0,False,truncated,-0.2743627472645885
100000004015047100,consolidator,0.95,6,0.5301678882737786,Вход 919 104 KZT от 9 плательщиков; передаёт 7.5%; признаки консолидации,1,False,9,1,919104.0,69195.0,18,7,0.0022785971106508724,0.07528527783580531,False,988299.0,5.353538778358141e-06,3.1758493696541345e-20,3.971501048870831e-16,3,0.3333333333333333,False,consolidator,0.25753642179401076
100000004017410100,peripheral,0.4,34,0.07064491708449681,"Вход 193 650, выход 1 330 915 KZT; возможны пропущенные входящие или начальный остаток; для проверки запросить выписку",3,False,2,5,193650.0,1330915.0,6,11,0.0011315419625793077,6.872785954040795,False,1524565.0,4.096170970614426e-05,1.2320423269604566e-21,7.229641486326549e-18,0,0.0,True,missing_incoming,0.08579187633899422
100000004019056100,peripheral,0.3,12,0.0,"Глубина 4, выход 0, вход 50 000 KZT; обход обрезан, данных для гипотезы о конечном получателе недостаточно",4,False,1,0,50000.0,0.0,1,0,0.0005409213827074575,0.0,True,50000.0,0.0,0.0,3.162559885757741e-91,0,0.0,False,truncated,-0.27351481844975134
100000004019124100,consolidator,0.65,3,0.3206311646964469,Вход 193 000 KZT от 3 плательщиков; из них seed-плательщиков 2; передаёт 0.0%; признаки консолидации; seed: входящие суммы занижены методом сбора,0,True,3,0,193000.0,0.0,3,0,0.0012028680902033705,0.0,False,193000.0,0.0,0.0,8.139196326151535e-22,2,0.6666666666666666,True,consolidator,0.15575104546680463
100000004021459100,peripheral,0.2,75,0.0,0 входящих и 0 исходящих рёбер; недостаточно данных для гипотезы о роли; seed: входящие суммы занижены методом сбора,0,True,0,0,0.0,0.0,0,0,0.0002855692942172909,,False,0.0,0.0,0.0,0.0,0,0.0,True,no_edges,0.0
100000004030553100,peripheral,0.3,4,0.0,"Глубина 4, выход 0, вход 70 000 KZT; обход обрезан, данных для гипотезы о конечном получателе недостаточно",4,False,1,0,70000.0,0.0,1,0,0.0005308297210537953,0.0,True,70000.0,0.0,0.0,6.074972162005661e-85,0,0.0,False,truncated,-0.27396661502827335
100000004035925100,peripheral,0.3,64,0.0,"Глубина 4, выход 0, вход 1 111 588 KZT; обход обрезан, данных для гипотезы о конечном получателе недостаточно",4,False,1,0,1111588.0,0.0,2,0,0.00046241262393565346,0.0,True,1111588.0,0.0,0.0,6.074801882189356e-32,0,0.0,False,truncated,-0.2694752245133218
100000004041163100,peripheral,0.4,19,0.18820331294698106,"Вход/выход: 1/2 связей, 50 000/866 000 KZT; признаков специальной роли недостаточно; seed: входящие суммы занижены методом сбора",0,True,1,2,50000.0,866000.0,1,6,0.0020847480556725213,17.32,False,916000.0,2.3152270703472843e-05,2.0874143790778414e-19,3.162559885757741e-91,1,1.0,True,other,0.22855593887418935
100000004041294100,peripheral,0.3,24,0.0,"Глубина 4, выход 0, вход 17 800 KZT; обход обрезан, данных для гипотезы о конечном получателе недостаточно",4,False,1,0,17800.0,0.0,2,0,0.0003008542855735774,0.0,True,17800.0,0.0,0.0,4.7397487582373353e-23,0,0.0,False,truncated,-0.2884980319742013
100000004047887100,peripheral,0.3,39,0.0,"Глубина 4, выход 0, вход 30 000 KZT; обход обрезан, данных для гипотезы о конечном получателе недостаточно",4,False,1,0,30000.0,0.0,1,0,0.00028801399269163874,0.0,True,30000.0,0.0,0.0,4.0089830101603765e-22,0,0.0,False,truncated,-0.28918334165120146
100000004049912100,peripheral,0.3,17,0.0,"Глубина 4, выход 0, вход 10 000 KZT; обход обрезан, данных для гипотезы о конечном получателе недостаточно",4,False,1,0,10000.0,0.0,1,0,0.0003245564257590689,0.0,True,10000.0,0.0,0.0,9.25781105617938e-94,0,0.0,False,truncated,-0.28711026586687927
100000004058740100,peripheral,0.4,1,0.09144587342367619,"Вход/выход: 1/0 связей, 30 000/0 KZT; признаков специальной роли недостаточно",1,False,1,0,30000.0,0.0,1,0,0.0002918659428128657,0.0,False,30000.0,0.0,0.0,2.6277947109009677e-39,1,1.0,False,other,0.11105276059835616
100000004064431100,peripheral,0.4,23,0.009108569965398503,"Вход/выход: 1/1 связей, 26 000/10 000 KZT; признаков специальной роли недостаточно",3,False,1,1,26000.0,10000.0,1,1,0.0002910534469463005,0.38461538461538464,False,36000.0,8.904719501335708e-07,8.417082485105925e-124,1.3517481618878709e-40,0,0.0,False,other,0.01106153620595068
100000004066370100,peripheral,0.3,37,0.0,"Глубина 4, выход 0, вход 65 000 KZT; обход обрезан, данных для гипотезы о конечном получателе недостаточно",4,False,1,0,65000.0,0.0,2,0,0.0005893461583954324,0.0,True,65000.0,0.0,0.0,1.994055278951863e-81,0,0.0,False,truncated,-0.2704215870477686
100000004066647100,terminal,0.7,17,0.014051899622474547,"Вход 51 000 KZT от 1 плательщика, выход 0; глубина 3; признаки конечного получателя",3,False,1,0,51000.0,0.0,1,0,0.0002942910761084242,0.0,False,51000.0,0.0,0.0,2.2159911115303773e-16,0,0.0,False,terminal,0.011376509304011006
100000004070318100,coordinator,0.7617767602494578,0,0.26606910354095115,Вход/выход: 4/19 связей; seed-плательщиков 1; в топ-5% по посреднической роли в сети; признаки координации; возможен неполный вход или начальный остаток,1,False,4,19,207246.55,551860.0,6,37,0.00031412234761755547,2.662818753798314,False,759106.55,0.005677649154051648,3.8891376607389035e-15,1.2054425724439218e-13,1,0.25,True,coordinator,0.1292467657726032
100000004070530100,peripheral,0.3,39,0.0,"Глубина 4, выход 0, вход 20 000 KZT; обход обрезан, данных для гипотезы о конечном получателе недостаточно",4,False,1,0,20000.0,0.0,1,0,0.00028719909320018945,0.0,True,20000.0,0.0,0.0,2.672655340106918e-22,0,0.0,False,truncated,-0.28931667221191204
100000004071070100,peripheral,0.4,0,0.06304734181238962,"Вход/выход: 2/1 связей, 41 000/6 000 KZT; признаков специальной роли недостаточно",2,False,2,1,41000.0,6000.0,5,1,0.0011875923340219296,0.14634146341463414,False,47000.0,5.3428317008014254e-06,6.89138986370537e-17,1.1356701503816715e-16,0,0.0,False,other,0.07656530682598588
100000004071080100,consolidator,0.95,0,0.3579287864573847,Вход 238 600 KZT от 9 плательщиков; передаёт 19.5%; признаки консолидации,1,False,9,2,238600.0,46500.0,16,5,0.0013690045738923454,0.19488683989941324,False,285100.0,2.3152270703472843e-05,1.2370621375613526e-18,3.795968131982223e-14,1,0.1111111111111111,False,consolidator,0.17386888372557535
100000004071444100,peripheral,0.4,0,0.012217427730694664,"Вход/выход: 1/1 связей, 247 350/100 000 KZT; признаков специальной роли недостаточно",3,False,1,1,247350.0,100000.0,1,1,0.0003075048495520191,0.40428542551041036,False,347350.0,1.8699910952804988e-05,8.417082485105928e-80,2.503695921536015e-13,0,0.0,False,other,0.014836963398211358
100000004076740100,coordinator,0.6080770878685715,34,0.20226409631789755,Вход/выход: 3/6 связей; seed-плательщиков 1; в топ-5% по посреднической роли в сети; признаки координации; возможен неполный вход или начальный остаток,1,False,3,6,93250.0,125000.0,5,10,0.0007414546780411358,1.3404825737265416,False,218250.0,0.00040694568121104187,4.040515989656291e-24,1.6159737014294555e-14,1,0.3333333333333333,True,coordinator,0.09825259653638438
100000004077081100,peripheral,0.4,2,0.014138238543729526,"Вход 140 000, выход 615 000 KZT; возможны пропущенные входящие или начальный остаток; для проверки запросить выписку",3,False,1,4,140000.0,615000.0,1,6,0.0002901065785876625,4.392857142857143,False,755000.0,1.8699910952804988e-05,1.0789918669350265e-14,8.467259415662912e-13,0,0.0,True,missing_incoming,0.0171696147840908
100000004094958100,transit,0.8743589743589745,49,0.19363270434357754,"Вход 39 000, выход 40 000 KZT; передаёт 102.6%; 1/1 связей; признаки транзита",1,False,1,1,39000.0,40000.0,1,1,0.00039146494703152303,1.0256410256410255,False,79000.0,8.904719501335708e-07,6.957867947244179e-66,1.218373475291924e-66,1,1.0,False,transit,0.11757472237075355
100000004096559100,peripheral,0.4,6,0.04377214632520158,"Вход/выход: 1/0 связей, 46 200/0 KZT; признаков специальной роли недостаточно",3,False,1,0,46200.0,0.0,1,0,0.0009765877187482858,0.0,False,46200.0,0.0,0.0,1.0566557494711173e-92,0,0.0,False,other,0.053157321426712555
100000004097972100,peripheral,0.4,0,0.011323303739047634,"Вход/выход: 1/2 связей, 118 878/10 000 KZT; признаков специальной роли недостаточно",3,False,1,2,118878.0,10000.0,1,2,0.0003165811788801667,0.0841198539679335,False,128878.0,3.7399821905609976e-05,2.006788846279603e-130,3.8275784968727475e-14,0,0.0,False,other,0.013751130501962637
100000004099450100,peripheral,0.4,0,0.00932523725215765,"Вход/выход: 1/0 связей, 31 000/0 KZT; признаков специальной роли недостаточно",3,False,1,0,31000.0,0.0,1,0,0.00029616586394753193,0.0,False,31000.0,0.0,0.0,6.275903570122469e-16,0,0.0,False,other,0.011324659072244276
100000004105288100,terminal,0.7,2,0.10314144018736622,"Вход 215 000 KZT от 2 плательщиков, выход 0; глубина 1; признаки конечного получателя",1,False,2,0,215000.0,0.0,2,0,0.0004630401380988289,0.0,False,215000.0,0.0,0.0,7.441533908836106e-15,1,0.5,False,terminal,0.08350398063219526
100000004107228100,peripheral,0.3,2,0.0,"Глубина 4, выход 0, вход 5 000 KZT; обход обрезан, данных для гипотезы о конечном получателе недостаточно",4,False,1,0,5000.0,0.0,1,0,0.0002887085719064815,0.0,True,5000.0,0.0,0.0,2.0603138165731363e-17,0,0.0,False,truncated,-0.28934922281029374
100000004114962100,terminal,0.7,5,0.05966281608030246,"Вход 165 000 KZT от 2 плательщиков, выход 0; глубина 3; признаки конечного получателя",3,False,2,0,165000.0,0.0,2,0,0.0007112908662345295,0.0,False,165000.0,0.0,0.0,8.467678505287676e-13,0,0.0,False,terminal,0.04830340384409388
100000004130144100,terminal,0.7,6,0.13931120190087098,"Вход 200 000 KZT от 1 плательщика, выход 0; глубина 1; признаки конечного получателя",1,False,1,0,200000.0,0.0,1,0,0.0002970377419674501,0.0,False,200000.0,0.0,0.0,3.095218230439268e-16,1,1.0,False,terminal,0.1127872549020612
100000004134060100,terminal,0.7,16,0.01698766705565189,"Вход 88 179 KZT от 1 плательщика, выход 0; глубина 2; признаки конечного получателя",2,False,1,0,88179.0,0.0,1,0,0.0003280105841798639,0.0,False,88179.0,0.0,0.0,2.4596756450405768e-21,0,0.0,False,terminal,0.013753325707149603
100000004135268100,transit,0.7072639225181598,54,0.29428826970148453,"Вход 1 239 000, выход 1 000 200 KZT; передаёт 80.7%; 2/3 связей; признаки транзита",1,False,2,3,1239000.0,1000200.0,3,4,0.0017405273422577779,0.8072639225181598,False,2239200.0,8.904719501335708e-07,1.0143488292947228e-41,7.932058793700507e-33,1,0.5,False,transit,0.17869327252552591
100000004140487100,distributor,0.55,2,0.046914759298936765,"Отправляет 262 600 KZT на 10 получателей, 19 переводов; признаки распределения; возможен неполный вход или начальный остаток",3,False,1,10,24510.0,262600.0,1,19,0.000289427144859754,10.713994288045695,False,287110.0,0.0012787177203918078,4.518197243446775e-15,1.4366379319817549e-15,0,0.0,True,distributor,0.025321662788147237
100000004140994100,peripheral,0.4,1,0.008852524648241487,"Вход/выход: 1/0 связей, 18 650/0 KZT; признаков специальной роли недостаточно",3,False,1,0,18650.0,0.0,1,0,0.00028848014479905114,0.0,False,18650.0,0.0,0.0,2.83254466803084e-42,0,0.0,False,other,0.010750592275470311
100000004144536100,terminal,0.7,23,0.13578585176320349,"Вход 168 000 KZT от 4 плательщиков, выход 0; глубина 1; признаки конечного получателя",1,False,4,0,168000.0,0.0,6,0,0.0009685966718954048,0.0,False,168000.0,0.0,0.0,2.240620654809256e-40,1,0.25,False,terminal,0.10993310850772425
100000004150593100,distributor,0.55,3,0.04110762497693793,"Отправляет 871 165 KZT на 11 получателей, 16 переводов; признаки распределения; возможен неполный вход или начальный остаток",2,False,1,11,57000.0,871165.0,2,16,0.0003066265725556523,15.28359649122807,False,928165.0,0.00028552206817910084,1.4057804387900912e-14,1.0918694849330474e-20,0,0.0,True,distributor,0.02218733365027051
100000004156082100,coordinator,0.6659936055716629,14,0.31533442154741825,Вход/выход: 5/26 связей; seed-плательщиков 1; в топ-5% по посреднической роли в сети; признаки координации; возможен неполный вход или начальный остаток,1,False,5,26,377366.11,2319556.0,7,29,0.0008669668928480434,6.146699288921308,False,2696922.11,0.002393031833926089,5.866807903891151e-16,1.2671864756600367e-20,1,0.2,True,coordinator,0.15317807885012724
100000004158362100,peripheral,0.4,0,0.008953340932952214,"Вход/выход: 1/0 связей, 12 000/0 KZT; признаков специальной роли недостаточно",2,False,1,0,12000.0,0.0,1,0,0.0002913822339326508,0.0,False,12000.0,0.0,0.0,1.2212649599290226e-17,0,0.0,False,other,0.010873024554929488
100000004159526100,peripheral,0.4,13,0.08667023951040634,"Вход/выход: 4/4 связей, 275 037/68 000 KZT; признаков специальной роли недостаточно",1,False,4,4,275037.0,68000.0,4,6,0.0008532026216190936,0.24723946232688693,False,343037.0,9.725595447350623e-05,2.006232898610886e-98,1.7175587732554953e-16,1,0.25,False,other,0.10525318419518044
100000004160650100,distributor,0.55,23,0.0724179614894807,"Отправляет 1 489 827 KZT на 10 получателей, 40 переводов; признаки распределения; возможен неполный вход или начальный остаток",2,False,2,10,75100.0,1489827.0,4,40,0.0003692276667102102,19.83790945406125,False,1564927.0,8.014247551202137e-06,1.0353631145456129e-39,4.847617795749126e-41,0,0.0,True,distributor,0.039086701670090866
100000004167082100,peripheral,0.3,12,0.0,"Глубина 4, выход 0, вход 13 300 KZT; обход обрезан, данных для гипотезы о конечном получателе недостаточно",4,False,1,0,13300.0,0.0,1,0,0.00038491480925942914,0.0,True,13300.0,0.0,0.0,1.6241796805916427e-99,0,0.0,False,truncated,-0.28338313023838524
100000004174835100,peripheral,0.2,76,0.0,0 входящих и 0 исходящих рёбер; недостаточно данных для гипотезы о роли; seed: входящие суммы занижены методом сбора,0,True,0,0,0.0,0.0,0,0,0.0002855692942172909,,False,0.0,0.0,0.0,0.0,0,0.0,True,no_edges,0.0
100000004177936100,peripheral,0.3,4,0.0,"Глубина 4, выход 0, вход 10 000 KZT; обход обрезан, данных для гипотезы о конечном получателе недостаточно",4,False,1,0,10000.0,0.0,1,0,0.00033700711990315843,0.0,True,10000.0,0.0,0.0,8.422283541281397e-19,0,0.0,False,truncated,-0.28634711037330896
100000004180097100,coordinator,0.6060256815299856,0,0.21426857773695204,Вход/выход: 3/3 связей; seed-плательщиков 1; в топ-5% по посреднической роли в сети; признаки координации,1,False,3,3,104854.0,47800.0,5,7,0.0008565318930578581,0.4558719743643542,False,152654.0,0.00033659839715048976,6.948271999420968e-22,2.6850360077452972e-14,1,0.3333333333333333,False,coordinator,0.10408394026454222
100000004183610100,peripheral,0.4,12,0.017944597742328032,"Вход 22 000, выход 915 000 KZT; возможны пропущенные входящие или начальный остаток; для проверки запросить выписку",3,False,1,1,22000.0,915000.0,1,3,0.00034076272266534135,41.59090909090909,False,937000.0,1.8699910952804988e-05,1.6892336421537162e-37,2.9900615865663904e-24,0,0.0,True,missing_incoming,0.021792094519998362
100000004184158100,terminal,0.7,0,0.016333684161452727,"Вход 203 805 KZT от 1 плательщика, выход 0; глубина 3; признаки конечного получателя",3,False,1,0,203805.0,0.0,1,0,0.0003036431808354202,0.0,False,203805.0,0.0,0.0,2.0629300476597837e-13,0,0.0,False,terminal,0.013223856903613513
100000004185681100,peripheral,0.4,2,0.021250539946560117,"Вход/выход: 1/0 связей, 10 000/0 KZT; признаков специальной роли недостаточно",3,False,1,0,10000.0,0.0,1,0,0.0005352962052822021,0.0,False,10000.0,0.0,0.0,2.7818170943428587e-121,0,0.0,False,other,0.025806862977155808
100000004186824100,peripheral,0.4,3,0.06775500390227021,"Вход/выход: 2/1 связей, 451 700/7 000 KZT; признаков специальной роли недостаточно",1,False,2,1,451700.0,7000.0,7,1,0.0003819271547747407,0.015497011290679655,False,458700.0,0.00017898486197684773,1.3243710619988362e-17,1.1772387820950097e-14,1,0.5,False,other,0.082282337583878
100000004188160100,peripheral,0.4,3,0.08138583293833802,"Вход 87 862, выход 133 846 KZT; возможны пропущенные входящие или начальный остаток; для проверки запросить выписку",1,False,2,5,87862.0,133846.0,5,6,0.0002968274021349181,1.5233661878855478,False,221708.0,0.0026527159394479074,4.562110963092127e-19,2.1348208934529736e-15,1,0.5,True,missing_incoming,0.09883574931287176
100000004192107100,peripheral,0.4,2,0.009442234713320653,"Вход/выход: 1/0 связей, 25 000/0 KZT; признаков специальной роли недостаточно",2,False,1,0,25000.0,0.0,1,0,0.0002993001243079831,0.0,False,25000.0,0.0,0.0,2.943307016824468e-63,0,0.0,False,other,0.011466741930209372
100000004192865100,terminal,0.7,29,0.034012434687472226,"Вход 66 666 KZT от 1 плательщика, выход 0; глубина 2; признаки конечного получателя",2,False,1,0,66666.0,0.0,1,0,0.0005558092873800479,0.0,False,66666.0,0.0,0.0,7.451053549166472e-86,0,0.0,False,terminal,0.027536688282004222
100000004193835100,peripheral,0.4,3,0.01826088776160788,"Вход/выход: 1/1 связей, 47 000/5 000 KZT; признаков специальной роли недостаточно; seed: входящие суммы занижены методом сбора",0,True,1,1,47000.0,5000.0,1,1,0.00046993013969558515,0.10638297872340426,False,52000.0,2.6767693891790706e-06,6.043470421097641e-21,7.557362275613354e-26,0,0.0,True,other,0.022176200204330313
100000004200745100,peripheral,0.3,11,0.0,"Глубина 4, выход 0, вход 130 000 KZT; обход обрезан, данных для гипотезы о конечном получателе недостаточно",4,False,1,0,130000.0,0.0,4,0,0.0006010148962169086,0.0,True,130000.0,0.0,0.0,3.041202750055784e-73,0,0.0,False,truncated,-0.26916437835390494
100000004206046100,peripheral,0.4,3,0.09105822700724915,"Вход/выход: 1/0 связей, 11 075/0 KZT; признаков специальной роли недостаточно",1,False,1,0,11075.0,0.0,1,0,0.00028676005666009854,0.0,False,11075.0,0.0,0.0,2.981065175367871e-16,1,1.0,False,other,0.1105819990093577
100000004209339100,peripheral,0.4,33,0.03827841032161871,"Вход 138 500, выход 238 500 KZT; возможны пропущенные входящие или начальный остаток; для проверки запросить выписку",2,False,1,2,138500.0,238500.0,6,11,0.0008195334277812208,1.7220216606498195,False,377000.0,2.048085485307213e-05,5.24255580140109e-16,2.5320439280653107e-68,0,0.0,True,missing_incoming,0.046485674841088724
100000004213658100,peripheral,0.4,1,0.09136463381857185,"Вход/выход: 1/0 связей, 25 347/0 KZT; признаков специальной роли недостаточно",1,False,1,0,25347.0,0.0,1,0,0.00029088933261569206,0.0,False,25347.0,0.0,0.0,2.2202237512402274e-39,1,1.0,False,other,0.11095410242955112
100000004217419100,peripheral,0.4,4,0.033246152017527085,"Вход/выход: 2/1 связей, 118 200/7 700 KZT; признаков специальной роли недостаточно",3,False,2,1,118200.0,7700.0,3,1,0.0005841829530235464,0.06514382402707276,False,125900.0,1.9590382902938557e-05,8.526160245264667e-129,5.039926507601909e-15,0,0.0,False,other,0.04037445127472617
100000004218576100,peripheral,0.4,1,0.09137854913455469,"Вход/выход: 1/0 связей, 26 144/0 KZT; признаков специальной роли недостаточно",1,False,1,0,26144.0,0.0,1,0,0.0002910566135800478,0.0,False,26144.0,0.0,0.0,2.2900354973931632e-39,1,1.0,False,other,0.110971001325003
100000004221668100,peripheral,0.4,26,0.18869085413064576,"Вход/выход: 4/3 связей, 1 128 300/731 440 KZT; признаков специальной роли недостаточно",2,False,4,3,1128300.0,731440.0,8,10,0.0030901749053247355,0.6482673047948241,False,1859740.0,7.123775601068567e-06,7.518081660089378e-43,3.120422664610488e-18,0,0.0,False,other,0.22914801364283977
100000004222274100,peripheral,0.3,0,0.0,"Глубина 4, выход 0, вход 15 500 KZT; обход обрезан, данных для гипотезы о конечном получателе недостаточно",4,False,1,0,15500.0,0.0,1,0,0.0005454170226679215,0.0,True,15500.0,0.0,0.0,4.251983718464093e-113,0,0.0,False,truncated,-0.2735269294246441
100000004225615100,terminal,0.7,6,0.014434423170828437,"Вход 90 000 KZT от 1 плательщика, выход 0; глубина 2; признаки конечного получателя",2,False,1,0,90000.0,0.0,2,0,0.0002940382625762384,0.0,False,90000.0,0.0,0.0,2.2258086013345484e-18,0,0.0,False,terminal,0.011686202856040875
100000004226848100,terminal,0.7,2,0.14406824296719162,"Вход 301 866 KZT от 1 плательщика, выход 0; глубина 1; признаки конечного получателя",1,False,1,0,301866.0,0.0,1,0,0.0003460138655313352,0.0,False,301866.0,0.0,0.0,1.4829500255410344e-13,1,1.0,False,terminal,0.1166385862810587
100000004232712100,peripheral,0.3,5,0.0,"Глубина 4, выход 0, вход 12 500 KZT; обход обрезан, данных для гипотезы о конечном получателе недостаточно",4,False,1,0,12500.0,0.0,1,0,0.0005292762077277109,0.0,True,12500.0,0.0,0.0,4.087512849276127e-117,0,0.0,False,truncated,-0.27454128254813465
100000004235471100,peripheral,0.3,5,0.0,"Глубина 4, выход 0, вход 180 000 KZT; обход обрезан, данных для гипотезы о конечном получателе недостаточно",4,False,1,0,180000.0,0.0,1,0,0.00034861353029746133,0.0,True,180000.0,0.0,0.0,9.525612872224584e-52,0,0.0,False,truncated,-0.2842182116404411
100000004241142100,peripheral,0.3,0,0.0,"Глубина 4, выход 0, вход 27 102 KZT; обход обрезан, данных для гипотезы о конечном получателе недостаточно",4,False,1,0,27102.0,0.0,1,0,0.0005301329725055737,0.0,True,27102.0,0.0,0.0,1.1571408676757084e-102,0,0.0,False,truncated,-0.2743670135197663
100000004254434100,peripheral,0.4,1,0.09169807761360359,"Вход/выход: 1/0 связей, 44 445/0 KZT; признаков специальной роли недостаточно",1,False,1,0,44445.0,0.0,2,0,0.00029489777911163493,0.0,False,44445.0,0.0,0.0,3.893077864199784e-39,1,1.0,False,other,0.11135903982646464
100000004257714100,terminal,0.7,1,0.014021204546998305,"Вход 52 220 KZT от 1 плательщика, выход 0; глубина 3; признаки конечного получателя",3,False,1,0,52220.0,0.0,1,0,0.0002937196758462196,0.0,False,52220.0,0.0,0.0,7.931125070486353e-42,0,0.0,False,terminal,0.011351658371316875
100000004260869100,peripheral,0.3,3,0.0,"Глубина 4, выход 0, вход 10 000 KZT; обход обрезан, данных для гипотезы о конечном получателе недостаточно",4,False,1,0,10000.0,0.0,1,0,0.0008422084803364148,0.0,True,10000.0,0.0,0.0,2.7818170943428587e-121,0,0.0,False,truncated,-0.25538119079388827
100000004261340100,peripheral,0.3,0,0.0,"Глубина 4, выход 0, вход 48 500 KZT; обход обрезан, данных для гипотезы о конечном получателе недостаточно",4,False,1,0,48500.0,0.0,4,0,0.00034738504920153653,0.0,True,48500.0,0.0,0.0,3.033705370624008e-17,0,0.0,False,truncated,-0.28538998290729833
100000004263867100,peripheral,0.3,18,0.0,"Глубина 4, выход 0, вход 9 000 KZT; обход обрезан, данных для гипотезы о конечном получателе недостаточно",4,False,1,0,9000.0,0.0,1,0,0.00029038564076541934,0.0,True,9000.0,0.0,0.0,1.863333568269335e-21,0,0.0,False,truncated,-0.2892130754199297
100000004265639100,peripheral,0.3,4,0.0,"Глубина 4, выход 0, вход 10 000 KZT; обход обрезан, данных для гипотезы о конечном получателе недостаточно",4,False,1,0,10000.0,0.0,1,0,0.0005523205956514877,0.0,True,10000.0,0.0,0.0,2.7818170943428587e-121,0,0.0,False,truncated,-0.27314964042059464
100000004268036100,peripheral,0.3,18,0.0,"Глубина 4, выход 0, вход 5 500 KZT; обход обрезан, данных для гипотезы о конечном получателе недостаточно",4,False,1,0,5500.0,0.0,1,0,0.00028851261710781384,0.0,True,5500.0,0.0,0.0,1.1387038472757046e-21,0,0.0,False,truncated,-0.28935706460847554
100000004269433100,peripheral,0.4,14,0.009420215762118026,"Вход/выход: 0/1 связей, 0/1 372 000 KZT; признаков специальной роли недостаточно; seed: входящие суммы занижены методом сбора",0,True,0,1,0.0,1372000.0,0,67,0.0002855692942172909,,False,1372000.0,0.0,9.305559352531912e-30,0.0,0,0.0,True,other,0.011440001901108188
100000004272302100,peripheral,0.3,47,0.0,"Глубина 4, выход 0, вход 10 000 KZT; обход обрезан, данных для гипотезы о конечном получателе недостаточно",4,False,1,0,10000.0,0.0,1,0,0.00028773614997434693,0.0,True,10000.0,0.0,0.0,1.1089136327093987e-22,0,0.0,False,truncated,-0.2893671356778869
100000004278574100,peripheral,0.4,5,0.009024032884659998,"Вход/выход: 1/1 связей, 25 000/12 500 KZT; признаков специальной роли недостаточно",3,False,1,1,25000.0,12500.0,1,1,0.000286379523569143,0.5,False,37500.0,1.8737385724253492e-05,1.5459738924448812e-119,1.5120106099398058e-13,0,0.0,False,other,0.010958873550573752
100000004285800100,peripheral,0.4,0,0.01167502566857989,"Вход 5 000, выход 15 000 KZT; возможны пропущенные входящие или начальный остаток; для проверки запросить выписку",2,False,1,1,5000.0,15000.0,1,1,0.0003442181347833002,3.0,False,20000.0,0.0,6.1224102260410814e-108,2.2779479447183357e-106,0,0.0,True,missing_incoming,0.014178265043688437
100000004286573100,peripheral,0.4,11,0.09117495298991188,"Вход/выход: 1/0 связей, 16 590/0 KZT; признаков специальной роли недостаточно",1,False,1,0,16590.0,0.0,1,0,0.0002883224885597272,0.0,False,16590.0,0.0,0.0,1.1579831843227026e-19,1,1.0,False,other,0.1107237521811842
100000004291560100,peripheral,0.4,0,0.009035706470118504,"Вход/выход: 1/0 связей, 47 190/0 KZT; признаков специальной роли недостаточно",3,False,1,0,47190.0,0.0,1,0,0.00028822703346252307,0.0,False,47190.0,0.0,0.0,1.2485895590802853e-14,0,0.0,False,other,0.01097305006661228
100000004291663100,peripheral,0.3,0,0.0,"Глубина 4, выход 0, вход 25 000 KZT; обход обрезан, данных для гипотезы о конечном получателе недостаточно",4,False,1,0,25000.0,0.0,1,0,0.00031117073486638236,0.0,True,25000.0,0.0,0.0,1.77268246337357e-17,0,0.0,False,truncated,-0.28780565834283267
100000004292885100,terminal,0.7,1,0.015358750418728714,"Вход 112 700 KZT от 1 плательщика, выход 0; глубина 3; признаки конечного получателя",3,False,1,0,112700.0,0.0,1,0,0.00030315925993119875,0.0,False,112700.0,0.0,0.0,1.7116771264722557e-41,0,0.0,False,terminal,0.012434544206193261
100000004299488100,consolidator,0.8,0,0.34774506926149834,Вход 1 749 000 KZT от 6 плательщиков; передаёт 19.7%; признаки консолидации,1,False,6,2,1749000.0,344999.0,22,14,0.0014621185934412485,0.19725500285877645,False,2093999.0,1.8699910952804988e-05,2.400911248075467e-13,2.6216832790749583e-12,1,0.16666666666666666,False,consolidator,0.1689220015299559
100000004315838100,peripheral,0.4,2,0.059270824578296376,"Вход/выход: 2/1 связей, 50 000/18 000 KZT; признаков специальной роли недостаточно",1,False,2,1,50000.0,18000.0,2,1,0.0002913854344131966,0.36,False,68000.0,2.3152270703472843e-05,1.435991296635105e-112,1.6348258678308102e-13,1,0.5,False,other,0.07197906746283558
100000004318918100,terminal,0.7,9,0.1380298323966944,"Вход 75 600 KZT от 1 плательщика, выход 0; глубина 1; признаки конечного получателя",1,False,1,0,75600.0,0.0,1,0,0.0002970355594933984,0.0,False,75600.0,0.0,0.0,2.2438849395087106e-14,1,1.0,False,terminal,0.11174984981963196
100000004321983100,peripheral,0.4,26,0.01085734601604799,"Вход 10 840, выход 36 200 KZT; возможны пропущенные входящие или начальный остаток; для проверки запросить выписку",3,False,1,2,10840.0,36200.0,1,3,0.0003237813951694772,3.339483394833948,False,47040.0,3.5618878005342833e-06,6.747846185401918e-45,5.634944991937262e-44,0,0.0,True,missing_incoming,0.013185266898457077
100000004325327100,transit,0.888463222107686,0,0.12021285130697476,"Вход 70 817, выход 70 000 KZT; передаёт 98.8%; 2/1 связей; признаки транзита",1,False,2,1,70817.0,70000.0,3,1,0.00029579231968135573,0.988463222107686,False,140817.0,3.7474771448506984e-05,1.286694201441815e-86,2.2761335286627522e-14,1,0.5,False,transit,0.07299382955853984
100000004326224100,peripheral,0.3,5,0.0,"Глубина 4, выход 0, вход 60 000 KZT; обход обрезан, данных для гипотезы о конечном получателе недостаточно",4,False,1,0,60000.0,0.0,1,0,0.0005348779091078309,0.0,True,60000.0,0.0,0.0,8.032159760405108e-88,0,0.0,False,truncated,-0.27380186646720167
100000004330371100,peripheral,0.4,3,0.10980439305054526,"Вход/выход: 2/2 связей, 264 171/90 681 KZT; признаков специальной роли недостаточно",1,False,2,2,264171.0,90681.0,12,6,0.0012542719301566099,0.3432662934235779,False,354852.0,1.8699910952804988e-05,1.2074956499176537e-21,2.6078931997110194e-15,1,0.5,False,other,0.13334752589210708
100000004331458100,terminal,0.7,49,0.10688307684552978,"Вход 250 000 KZT от 2 плательщиков, выход 0; глубина 2; признаки конечного получателя",2,False,2,0,250000.0,0.0,2,0,0.0013234381164598692,0.0,False,250000.0,0.0,0.0,5.748879148467954e-64,0,0.0,False,terminal,0.08653323399988551
100000004336228100,terminal,0.7,4,0.014187630182787282,"Вход 51 407 KZT от 1 плательщика, выход 0; глубина 3; признаки конечного получателя",3,False,1,0,51407.0,0.0,2,0,0.0002960285109303709,0.0,False,51407.0,0.0,0.0,3.2382195785525034e-15,0,0.0,False,terminal,0.011486397648200909
100000004336312100,transit,0.7035171155228668,34,0.09637492802714873,"Вход 90 415, выход 72 650 KZT; передаёт 80.4%; 3/2 связей; признаки транзита",2,False,3,2,90415.0,72650.0,7,3,0.0006960070275624512,0.8035171155228668,False,163065.0,7.836153161175423e-05,1.15176253610099e-19,1.9014599887391213e-23,0,0.0,False,transit,0.05851932629204744
100000004340038100,peripheral,0.4,12,0.00931703392174528,"Вход 9 978, выход 49 000 KZT; возможны пропущенные входящие или начальный остаток; для проверки запросить выписку",3,False,1,1,9978.0,49000.0,1,1,0.0002892629212543268,4.910803768290238,False,58978.0,1.8737385724253492e-05,1.9669309062297447e-93,3.9408475084067575e-17,0,0.0,True,missing_incoming,0.011314696867780728
100000004350094100,peripheral,0.3,17,0.0,"Глубина 4, выход 0, вход 20 000 KZT; обход обрезан, данных для гипотезы о конечном получателе недостаточно",4,False,1,0,20000.0,0.0,1,0,0.0008939457051040854,0.0,True,20000.0,0.0,0.0,2.170247983279504e-22,0,0.0,False,truncated,-0.25212661640289924
100000004351795100,coordinator,0.6384067410770315,0,0.1965448330139737,Вход/выход: 3/14 связей; seed-плательщиков 1; в топ-5% по посреднической роли в сети; признаки координации; возможен неполный вход или начальный остаток,1,False,3,14,118333.0,1715161.0,3,37,0.0003135156057452154,14.494359139039828,False,1833494.0,0.0014470169189670526,4.5327044246224824e-15,2.4727209883237365e-14,1,0.3333333333333333,True,coordinator,0.09547438488085364
100000004356593100,peripheral,0.4,2,0.00953517110305341,"Вход/выход: 1/1 связей, 50 000/10 000 KZT; признаков специальной роли недостаточно",2,False,1,1,50000.0,10000.0,1,1,0.00029345166926508727,0.2,False,60000.0,1.8699910952804988e-05,8.417082485105925e-124,6.88740125516259e-16,0,0.0,False,other,0.011579604788351149
100000004358004100,distributor,0.55,2,0.015152763788713773,"Отправляет 980 850 KZT на 11 получателей, 17 переводов; признаки распределения; seed: входящие суммы занижены методом сбора",0,True,0,11,0.0,980850.0,0,17,0.0002855692942172909,,False,980850.0,0.0,2.408325948231336e-14,0.0,0,0.0,True,distributor,0.008178517394097643
100000004360785100,terminal,0.7,3,0.13812940378440222,"Вход 94 705 KZT от 1 плательщика, выход 0; глубина 1; признаки конечного получателя",1,False,1,0,94705.0,0.0,1,0,0.00029575179147653256,0.0,False,94705.0,0.0,0.0,2.549180834611415e-15,1,1.0,False,terminal,0.11183046346256315
100000004368189100,peripheral,0.4,10,0.01239278292843758,"Вход/выход: 1/2 связей, 384 600/28 200 KZT; признаков специальной роли недостаточно",3,False,1,2,384600.0,28200.0,1,2,0.0003038885030129052,0.07332293291731669,False,412800.0,7.123775601068567e-06,3.551000389531306e-108,5.594906234941963e-17,0,0.0,False,other,0.015049916460668297
100000004377043100,peripheral,0.3,27,0.0,"Глубина 4, выход 0, вход 5 700 KZT; обход обрезан, данных для гипотезы о конечном получателе недостаточно",4,False,1,0,5700.0,0.0,1,0,0.0003635495256865643,0.0,True,5700.0,0.0,0.0,7.676134740407347e-72,0,0.0,False,truncated,-0.2847560687443406
100000004379306100,peripheral,0.3,4,0.0,"Глубина 4, выход 0, вход 15 000 KZT; обход обрезан, данных для гипотезы о конечном получателе недостаточно",4,False,1,0,15000.0,0.0,1,0,0.0005320511103436067,0.0,True,15000.0,0.0,0.0,1.0381323173024496e-113,0,0.0,False,truncated,-0.27435035159280813
100000004386258100,peripheral,0.4,11,0.039882233006876724,"Вход/выход: 3/3 связей, 61 700/40 000 KZT; признаков специальной роли недостаточно",2,False,3,3,61700.0,40000.0,3,3,0.0005336690126056149,0.6482982171799028,False,101700.0,0.00011754229741763136,1.1078707380705457e-106,3.963136061154094e-74,0,0.0,False,other,0.04843337275286849
100000004386286100,peripheral,0.3,11,0.0,"Глубина 4, выход 0, вход 12 500 KZT; обход обрезан, данных для гипотезы о конечном получателе недостаточно",4,False,1,0,12500.0,0.0,1,0,0.0005972866869113222,0.0,True,12500.0,0.0,0.0,1.472010265135772e-76,0,0.0,False,truncated,-0.2703726337797475
100000004386331100,transit,0.775,11,0.04090683875330129,"Вход 20 000, выход 17 500 KZT; передаёт 87.5%; 1/2 связей; признаки транзита",3,False,1,2,20000.0,17500.0,1,2,0.0005126940455197122,0.875,False,37500.0,1.9590382902938557e-05,6.051403233953332e-77,1.2204916857831722e-104,0,0.0,False,transit,0.02483883198238308
100000004388209100,peripheral,0.4,1,0.09112810836610065,"Вход/выход: 1/0 связей, 11 800/0 KZT; признаков специальной роли недостаточно",1,False,1,0,11800.0,0.0,1,0,0.000288045975998217,0.0,False,11800.0,0.0,0.0,1.0335992529543805e-39,1,1.0,False,other,0.1106668636131312
100000004388353100,terminal,0.7,9,0.09231783576573721,"Вход 62 960 KZT от 2 плательщиков, выход 0; глубина 1; признаки конечного получателя",1,False,2,0,62960.0,0.0,2,0,0.0003407590740791638,0.0,False,62960.0,0.0,0.0,1.0382448590504974e-14,1,0.5,False,terminal,0.07474112011413009
100000004388983100,peripheral,0.4,65,0.00309532360715379,"Вход/выход: 0/2 связей, 0/450 816 KZT; признаков специальной роли недостаточно; seed: входящие суммы занижены методом сбора",0,True,0,2,0.0,450816.0,0,23,0.0002855692942172909,,False,450816.0,0.0,1.932319836903596e-57,0.0,0,0.0,True,other,0.003758991178607864
100000004390333100,peripheral,0.4,0,0.0629462249735912,"Вход 64 558, выход 506 500 KZT; возможны пропущенные входящие или начальный остаток; для проверки запросить выписку",1,False,2,9,64558.0,506500.0,2,14,0.00029521378985057596,7.845658167849066,False,571058.0,2.6714158504007125e-05,8.725284505276747e-15,2.095939782648342e-14,1,0.5,True,missing_incoming,0.07644250955071116
100000004394765100,consolidator,0.65,3,0.1573696687514788,Вход 603 844 KZT от 3 плательщиков; передаёт 13.7%; признаки консолидации,1,False,3,2,603844.0,82500.0,10,2,0.0003802754591116205,0.13662469114539516,False,686344.0,3.472840605520926e-05,6.145520582057347e-24,1.2608051989940892e-14,1,0.3333333333333333,False,consolidator,0.07644450425152066
100000004398811100,peripheral,0.4,2,0.02189828629903605,"Вход 426 000, выход 1 040 672 KZT; возможны пропущенные входящие или начальный остаток; для проверки запросить выписку",2,False,1,3,426000.0,1040672.0,1,4,0.00034969174183991655,2.4428920187793426,False,1466672.0,1.7809439002671417e-06,1.9976717748411396e-15,6.303785954677739e-14,0,0.0,True,missing_incoming,0.026593492465363456
100000004399686100,terminal,0.7,22,0.04276233021384738,"Вход 806 000 KZT от 1 плательщика, выход 0; глубина 3; признаки конечного получателя",3,False,1,0,806000.0,0.0,2,0,0.0005708068229548231,0.0,False,806000.0,0.0,0.0,2.7654135165737527e-21,0,0.0,False,terminal,0.03462066059459619
100000004400305100,distributor,0.9,0,0.39181886824407763,"Отправляет 5 830 181 KZT на 82 получателей, 101 переводов; признаки распределения; возможен неполный вход или начальный остаток",2,False,7,82,222800.0,5830181.0,9,101,0.00038581745349325076,26.167778276481148,False,6052981.0,0.008536954585930543,1.0109905514427367e-12,1.5628970700121757e-14,0,0.0,True,distributor,0.21147940230261136
100000004400361100,peripheral,0.4,3,0.008729814877332548,"Вход/выход: 1/0 связей, 10 000/0 KZT; признаков специальной роли недостаточно",2,False,1,0,10000.0,0.0,1,0,0.0002872256288669924,0.0,False,10000.0,0.0,0.0,1.2946598896308573e-17,0,0.0,False,other,0.010601572332835027
100000004400480100,peripheral,0.3,10,0.0,"Глубина 4, выход 0, вход 21 700 KZT; обход обрезан, данных для гипотезы о конечном получателе недостаточно",4,False,1,0,21700.0,0.0,1,0,0.0004845728560785352,0.0,True,21700.0,0.0,0.0,4.962969112355921e-106,0,0.0,False,truncated,-0.27720462790391015
100000004403548100,peripheral,0.3,4,0.0,"Глубина 4, выход 0, вход 5 000 KZT; обход обрезан, данных для гипотезы о конечном получателе недостаточно",4,False,1,0,5000.0,0.0,1,0,0.0003678656647208173,0.0,True,5000.0,0.0,0.0,1.5080260685719212e-119,0,0.0,False,truncated,-0.284497351136537
100000004403641100,peripheral,0.3,10,0.0,"Глубина 4, выход 0, вход 171 500 KZT; обход обрезан, данных для гипотезы о конечном получателе недостаточно",4,False,1,0,171500.0,0.0,1,0,0.0003005494163305608,0.0,True,171500.0,0.0,0.0,4.671460440625616e-18,0,0.0,False,truncated,-0.28723513830648917
100000004403675100,coordinator,0.7037141707168236,19,0.3265899488603443,Вход/выход: 4/5 связей; seed-плательщиков 2; в топ-5% по посреднической роли в сети; признаки координации; возможен неполный вход или начальный остаток,1,False,4,5,182980.0,264699.0,8,6,0.0007400733271266653,1.4466007213903158,False,447679.0,0.0036865538735529834,7.984092618673196e-16,1.6508075331167023e-14,2,0.5,True,coordinator,0.1586456077097379
100000004407753100,peripheral,0.4,27,0.04091056383181407,"Вход/выход: 1/1 связей, 250 000/100 000 KZT; признаков специальной роли недостаточно",3,False,1,1,250000.0,100000.0,4,1,0.0008785641580238726,0.4,False,350000.0,0.0,2.563514749577294e-28,2.881640120380513e-59,0,0.0,False,other,0.04968218773644445
100000004408683100,terminal,0.7,3,0.09620559208667927,"Вход 112 920 KZT от 2 плательщиков, выход 0; глубина 1; признаки конечного получателя",1,False,2,0,112919.68,0.0,3,0,0.0003853143295881906,0.0,False,112919.68,0.0,0.0,2.18545940127331e-15,1,0.5,False,terminal,0.07788867291091958
100000004410489100,terminal,0.7,2,0.01559158192052313,"Вход 54 000 KZT от 1 плательщика, выход 0; глубина 2; признаки конечного получателя",2,False,1,0,54000.0,0.0,1,0,0.0003142199106141309,0.0,False,54000.0,0.0,0.0,1.0101652966688054e-16,0,0.0,False,terminal,0.012623046103986107
100000004417753100,terminal,0.7,2,0.035855652045675125,"Вход 192 099 KZT от 2 плательщиков, выход 0; глубина 3; признаки конечного получателя",3,False,2,0,192099.0,0.0,2,0,0.00039314677564997663,0.0,False,192099.0,0.0,0.0,5.093509390849287e-16,0,0.0,False,terminal,0.029028969040356036
100000004418967100,peripheral,0.3,7,0.0,"Глубина 4, выход 0, вход 100 000 KZT; обход обрезан, данных для гипотезы о конечном получателе недостаточно",4,False,1,0,100000.0,0.0,1,0,0.00045347480895255706,0.0,True,100000.0,0.0,0.0,7.074406084335778e-77,0,0.0,False,truncated,-0.27845787764013924
100000004420041100,peripheral,0.4,11,0.014837547536722808,"Вход 69 638, выход 651 830 KZT; возможны пропущенные входящие или начальный остаток; для проверки запросить выписку",3,False,1,7,69638.0,651830.0,1,11,0.00029973777192393526,9.360263074758034,False,721468.0,7.479964381121995e-05,3.8367067188746233e-16,4.386623125473947e-15,0,0.0,True,missing_incoming,0.018018862445856296
100000004424023100,peripheral,0.4,10,0.04440779955195959,"Вход 50 000, выход 100 000 KZT; возможны пропущенные входящие или начальный остаток; для проверки запросить выписку",2,False,1,1,50000.0,100000.0,1,1,0.000971714391152961,2.0,False,150000.0,2.1371326803205702e-05,8.417082485105928e-80,3.162559885757741e-91,0,0.0,True,missing_incoming,0.05392926490509868
100000004433250100,peripheral,0.3,0,0.0,"Глубина 4, выход 0, вход 8 000 KZT; обход обрезан, данных для гипотезы о конечном получателе недостаточно",4,False,1,0,8000.0,0.0,1,0,0.0003065701457455701,0.0,True,8000.0,0.0,0.0,2.90700322344388e-82,0,0.0,False,truncated,-0.2882293971250656
100000004435304100,peripheral,0.4,1,0.009206574397389885,"Вход/выход: 1/0 связей, 26 200/0 KZT; признаков специальной роли недостаточно",2,False,1,0,26200.0,0.0,1,0,0.0002944677917550073,0.0,False,26200.0,0.0,0.0,3.52269559605749e-36,0,0.0,False,other,0.011180553744042225
100000004441291100,peripheral,0.4,2,0.022002943585190136,"Вход/выход: 1/0 связей, 20 000/0 KZT; признаков специальной роли недостаточно",2,False,1,0,20000.0,0.0,1,0,0.000548843069567571,0.0,False,20000.0,0.0,0.0,2.4469121932608153e-108,0,0.0,False,other,0.026720589294438463
100000004445291100,peripheral,0.4,24,0.010410856362685931,"Вход/выход: 1/0 связей, 19 500/0 KZT; признаков специальной роли недостаточно",3,False,1,0,19500.0,0.0,2,0,0.0003192394235172127,0.0,False,19500.0,0.0,0.0,1.0949163845282703e-20,0,0.0,False,other,0.012643045508600225
100000004449824100,peripheral,0.3,18,0.0,"Глубина 4, выход 0, вход 9 000 KZT; обход обрезан, данных для гипотезы о конечном получателе недостаточно",4,False,1,0,9000.0,0.0,1,0,0.00029038564076541934,0.0,True,9000.0,0.0,0.0,1.863333568269335e-21,0,0.0,False,truncated,-0.2892130754199297
100000004450649100,peripheral,0.4,5,0.02028153199870986,"Вход/выход: 2/2 связей, 192 528/46 527 KZT; признаков специальной роли недостаточно",3,False,2,2,192528.0,46527.0,2,2,0.0002989552239324566,0.24166355023684866,False,239055.0,0.00010240427426536064,3.185874857780994e-15,8.528165663989917e-13,0,0.0,False,other,0.024630090274117056
100000004451012100,peripheral,0.4,17,0.01088643965145595,"Вход/выход: 1/3 связей, 91 245/65 740 KZT; признаков специальной роли недостаточно",3,False,1,3,91245.0,65740.0,1,3,0.0003011735881125156,0.7204778344018851,False,156985.0,5.6099732858414964e-05,5.726922582266461e-95,3.964668803364496e-16,0,0.0,False,other,0.013220598493059788
100000004456564100,peripheral,0.4,13,0.014037579056678998,"Вход/выход: 1/0 связей, 10 000/0 KZT; признаков специальной роли недостаточно",2,False,1,0,10000.0,0.0,2,0,0.00039238727982301855,0.0,False,10000.0,0.0,0.0,4.6562720515632215e-97,0,0.0,False,other,0.017047372921239486
100000004463277100,peripheral,0.4,29,0.029327602875479433,"Вход/выход: 1/0 связей, 35 000/0 KZT; признаков специальной роли недостаточно",2,False,1,0,35000.0,0.0,1,0,0.000691924518979246,0.0,False,35000.0,0.0,0.0,6.906443743452724e-98,0,0.0,False,other,0.035615726977255104
100000004467157100,peripheral,0.4,34,0.013860223150029407,"Вход/выход: 1/1 связей, 20 000/7 000 KZT; признаков специальной роли недостаточно",2,False,1,1,20000.0,7000.0,3,1,0.0003865607584834249,0.35,False,27000.0,0.0,3.422672459827825e-17,2.1143640109686632e-26,0,0.0,False,other,0.01683199017837247
100000004472936100,peripheral,0.3,12,0.0,"Глубина 4, выход 0, вход 5 000 KZT; обход обрезан, данных для гипотезы о конечном получателе недостаточно",4,False,1,0,5000.0,0.0,1,0,0.0005318955309395101,0.0,True,5000.0,0.0,0.0,3.16255988575774e-134,0,0.0,False,truncated,-0.2744432696479298
100000004475818100,peripheral,0.4,5,0.011830495476646968,"Вход 13 000, выход 53 989 KZT; возможны пропущенные входящие или начальный остаток; для проверки запросить выписку",3,False,1,3,13000.0,53989.0,1,3,0.0003098079503095039,4.153,False,66989.0,0.0001985752448797863,3.2209991619047134e-18,8.409954067189462e-17,0,0.0,True,missing_incoming,0.014367069094971908
100000004479404100,peripheral,0.4,45,0.05952968374343688,"Вход/выход: 2/1 связей, 1 492 000/300 000 KZT; признаков специальной роли недостаточно",2,False,2,1,1492000.0,300000.0,8,2,0.0008667096306509939,0.20107238605898123,False,1792000.0,9.349955476402494e-05,8.288897912611628e-59,1.4835128028818966e-17,0,0.0,False,other,0.07229342855775182
100000004480280100,peripheral,0.4,2,0.09566136011792405,"Вход 146 694, выход 295 850 KZT; возможны пропущенные входящие или начальный остаток; для проверки запросить выписку",1,False,1,2,146694.0,295850.0,1,7,0.0003149427776315953,2.0167832358515003,False,442544.0,2.7604630454140694e-05,2.798393567830177e-26,7.206504576425186e-14,1,1.0,True,missing_incoming,0.11617208875538436
100000004486525100,peripheral,0.4,0,0.09933647636336773,"Вход/выход: 8/2 связей, 360 924/271 045 KZT; признаков специальной роли недостаточно",2,False,8,2,360924.0,271045.0,21,3,0.0008057988481996705,0.7509752745730403,False,631969.0,1.5138023152270704e-05,2.512904141447523e-16,5.379608356555246e-16,0,0.0,False,other,0.12063518576890929
100000004488265100,peripheral,0.4,4,0.009241369598247897,"Вход/выход: 1/0 связей, 38 740/0 KZT; признаков специальной роли недостаточно",3,False,1,0,38740.0,0.0,1,0,0.0002934512958019918,0.0,False,38740.0,0.0,0.0,2.4403024193810954e-15,0,0.0,False,other,0.011222809375337402
100000004491749100,terminal,0.7,6,0.01831942550331793,"Вход 50 000 KZT от 1 плательщика, выход 0; глубина 3; признаки конечного получателя",3,False,1,0,50000.0,0.0,1,0,0.0003507948592583566,0.0,False,50000.0,0.0,0.0,1.8919076863828195e-75,0,0.0,False,terminal,0.01483152600587191
100000004491881100,peripheral,0.4,1,0.09122141256762173,"Вход/выход: 1/0 связей, 17 144/0 KZT; признаков специальной роли недостаточно",1,False,1,0,17144.0,0.0,1,0,0.0002891676190013754,0.0,False,17144.0,0.0,0.0,1.5016970841228727e-39,1,1.0,False,other,0.11078017314549615
100000004493586100,peripheral,0.4,0,0.008784023218790862,"Вход/выход: 1/0 связей, 7 500/0 KZT; признаков специальной роли недостаточно",3,False,1,0,7500.0,0.0,1,0,0.00028863973665071367,0.0,False,7500.0,0.0,0.0,1.7033304111453986e-16,0,0.0,False,other,0.010667403471420287
100000004494983100,peripheral,0.4,1,0.09153317151641671,"Вход/выход: 1/0 связей, 35 000/0 KZT; признаков специальной роли недостаточно",1,False,1,0,35000.0,0.0,1,0,0.0002929153842454615,0.0,False,35000.0,0.0,0.0,3.0657604960511286e-39,1,1.0,False,other,0.11115877625363774
100000004497606100,peripheral,0.4,1,0.09119330258175927,"Вход/выход: 1/0 связей, 15 534/0 KZT; признаков специальной роли недостаточно",1,False,1,0,15534.0,0.0,1,0,0.0002888296988600795,0.0,False,15534.0,0.0,0.0,1.360672101304521e-39,1,1.0,False,other,0.11074603610449549
100000004500444100,peripheral,0.4,13,0.028072948666621793,"Вход/выход: 2/1 связей, 180 000/74 000 KZT; признаков специальной роли недостаточно",3,False,2,1,180000.0,74000.0,7,5,0.0004643947559108734,0.4111111111111111,False,254000.0,1.8737385724253492e-05,1.4837381085924053e-85,7.026767536722765e-18,0,0.0,False,other,0.0340920626688128
100000004500781100,peripheral,0.3,13,0.0,"Глубина 4, выход 0, вход 74 000 KZT; обход обрезан, данных для гипотезы о конечном получателе недостаточно",4,False,1,0,74000.0,0.0,5,0,0.0006807503625850068,0.0,True,74000.0,0.0,0.0,6.626626912966684e-84,0,0.0,False,truncated,-0.26474399458170284
100000004502048100,peripheral,0.3,17,0.0,"Глубина 4, выход 0, вход 13 888 KZT; обход обрезан, данных для гипотезы о конечном получателе недостаточно",4,False,1,0,13888.0,0.0,1,0,0.00033971462250251223,0.0,True,13888.0,0.0,0.0,1.2857247994821922e-93,0,0.0,False,truncated,-0.28614873723592193
100000004508696100,peripheral,0.4,38,0.016596193557870533,"Вход 7 000, выход 111 000 KZT; возможны пропущенные входящие или начальный остаток; для проверки запросить выписку",3,False,1,3,7000.0,111000.0,1,4,0.00042253166627963235,15.857142857142858,False,118000.0,3.7399821905609976e-05,1.4964013615877713e-85,3.306706180051753e-115,0,0.0,True,missing_incoming,0.020154579326802008
100000004509286100,peripheral,0.4,2,0.09160098351023724,"Вход/выход: 1/0 связей, 40 000/0 KZT; признаков специальной роли недостаточно",1,False,1,0,40000.0,0.0,1,0,0.0002935787515677768,0.0,False,40000.0,0.0,0.0,1.9650441262560664e-14,1,1.0,False,other,0.1112411278003342
100000004526651100,peripheral,0.3,7,0.0,"Глубина 4, выход 0, вход 33 000 KZT; обход обрезан, данных для гипотезы о конечном получателе недостаточно",4,False,1,0,33000.0,0.0,1,0,0.0002899106988792623,0.0,True,33000.0,0.0,0.0,4.72148648500398e-19,0,0.0,False,truncated,-0.28904206995752907
100000004527381100,peripheral,0.4,14,0.01581624877851185,"Вход 119 333, выход 273 866 KZT; возможны пропущенные входящие или начальный остаток; для проверки запросить выписку",2,False,1,1,119333.17,273866.11,1,1,0.0003754989642558976,2.2949705433954364,False,393199.27999999997,0.0,1.0500544841749026e-21,3.6092872273168727e-66,0,0.0,True,missing_incoming,0.019207406779597355
100000004539443100,terminal,0.7,2,0.0771423744003337,"Вход 61 990 KZT от 2 плательщиков, выход 0; глубина 3; признаки конечного получателя",3,False,2,0,61990.0,0.0,2,0,0.0009561831780302799,0.0,False,61990.0,0.0,0.0,1.3435020826945777e-92,0,0.0,False,terminal,0.06245496791730917
100000004544958100,peripheral,0.4,9,0.056943048214116325,"Вход/выход: 1/2 связей, 168 000/23 200 KZT; признаков специальной роли недостаточно",2,False,1,2,168000.0,23200.0,3,2,0.001214607508891017,0.1380952380952381,False,191200.0,2.048085485307213e-05,7.274596183094828e-17,1.3571494835419688e-68,0,0.0,False,other,0.06915219314232776
100000004549591100,peripheral,0.3,38,0.0,"Глубина 4, выход 0, вход 49 000 KZT; обход обрезан, данных для гипотезы о конечном получателе недостаточно",4,False,1,0,49000.0,0.0,1,0,0.000444321168333405,0.0,True,49000.0,0.0,0.0,4.425690857412759e-84,0,0.0,False,truncated,-0.27944419071816096
100000004552204100,peripheral,0.4,32,0.038185576072384944,"Вход/выход: 1/2 связей, 22 500/10 000 KZT; признаков специальной роли недостаточно",3,False,1,2,22500.0,10000.0,2,2,0.0008646978335399401,0.4444444444444444,False,32500.0,1.9590382902938557e-05,2.0764566340832788e-73,3.8741537336132426e-106,0,0.0,False,other,0.04637293602336515
100000004553349100,peripheral,0.4,5,0.009360596915481747,"Вход/выход: 1/0 связей, 7 755/0 KZT; признаков специальной роли недостаточно",3,False,1,0,7755.0,0.0,1,0,0.0003000285848322995,0.0,False,7755.0,0.0,0.0,5.0168610608503286e-17,0,0.0,False,other,0.011367600192263723
100000004559194100,terminal,0.7,3,0.14158563169292998,"Вход 282 145 KZT от 1 плательщика, выход 0; глубина 1; признаки конечного получателя",1,False,1,0,282145.0,0.0,6,0,0.0003159049754295683,0.0,False,282145.0,0.0,0.0,7.594515881753209e-15,1,1.0,False,terminal,0.11462864805073518
100000004564736100,peripheral,0.4,21,0.013282928518894586,"Вход/выход: 1/0 связей, 15 000/0 KZT; признаков специальной роли недостаточно",3,False,1,0,15000.0,0.0,2,0,0.00037675536447064306,0.0,False,15000.0,0.0,0.0,4.869876734830084e-103,0,0.0,False,other,0.01613091794770872
100000004569484100,peripheral,0.4,8,0.042584003819233836,"Вход 98 312, выход 156 000 KZT; возможны пропущенные входящие или начальный остаток; для проверки запросить выписку",3,False,2,4,98312.0,156000.0,3,4,0.00031938100409198596,1.586784929611848,False,254312.0,0.0027802711388939944,3.440757650225403e-18,2.440334100925513e-18,0,0.0,True,missing_incoming,0.05171442957897823
100000004569637100,peripheral,0.3,4,0.0,"Глубина 4, выход 0, вход 5 500 KZT; обход обрезан, данных для гипотезы о конечном получателе недостаточно",4,False,1,0,5500.0,0.0,1,0,0.0005531603067223192,0.0,True,5500.0,0.0,0.0,1.9051282624461638e-132,0,0.0,False,truncated,-0.27313569286384237
100000004571634100,peripheral,0.3,9,0.0,"Глубина 4, выход 0, вход 20 000 KZT; обход обрезан, данных для гипотезы о конечном получателе недостаточно",4,False,1,0,20000.0,0.0,1,0,0.0003741773489468036,0.0,True,20000.0,0.0,0.0,8.738729846197909e-91,0,0.0,False,truncated,-0.283985408514803
100000004573782100,peripheral,0.4,6,0.009908425180960266,"Вход/выход: 1/0 связей, 15 000/0 KZT; признаков специальной роли недостаточно",2,False,1,0,15000.0,0.0,1,0,0.0003098970169286297,0.0,False,15000.0,0.0,0.0,2.952623174429348e-75,0,0.0,False,other,0.012032888181075771
100000004580202100,peripheral,0.4,21,0.011232601469262386,"Вход 9 000, выход 45 000 KZT; возможны пропущенные входящие или начальный остаток; для проверки запросить выписку",2,False,1,3,9000.0,45000.0,1,4,0.00032162328322811565,5.0,False,54000.0,5.877114870881568e-05,7.121930442089553e-105,1.8734763787338574e-20,0,0.0,True,missing_incoming,0.013640980780875488
100000004580254100,peripheral,0.4,15,0.01869505096909679,"Вход/выход: 2/0 связей, 27 940/0 KZT; признаков специальной роли недостаточно",3,False,2,0,27940.0,0.0,2,0,0.0003122789899791896,0.0,False,27940.0,0.0,0.0,9.561478983699262e-16,0,0.0,False,other,0.02270345223809346
100000004584730100,peripheral,0.3,45,0.0,"Глубина 4, выход 0, вход 47 000 KZT; обход обрезан, данных для гипотезы о конечном получателе недостаточно",4,False,1,0,47000.0,0.0,1,0,0.00030383982641037343,0.0,True,47000.0,0.0,0.0,8.328140958638562e-20,0,0.0,False,truncated,-0.2880715603403805
100000004586598100,peripheral,0.3,67,0.0,"Глубина 4, выход 0, вход 761 255 KZT; обход обрезан, данных для гипотезы о конечном получателе недостаточно",4,False,1,0,761255.0,0.0,4,0,0.0005392658410384634,0.0,True,761255.0,0.0,0.0,2.239367503080352e-40,0,0.0,False,truncated,-0.2676857115376256
100000004587414100,terminal,0.7,5,0.03344673085561425,"Вход 533 603 KZT от 2 плательщиков, выход 0; глубина 3; признаки конечного получателя",3,False,2,0,533603.0,0.0,2,0,0.0003148717706403767,0.0,False,533603.0,0.0,0.0,2.1525913641628138e-12,0,0.0,False,terminal,0.02707869078135643
100000004588479100,terminal,0.7,3,0.13965852279847812,"Вход 177 633 KZT от 1 плательщика, выход 0; глубина 1; признаки конечного получателя",1,False,1,0,177633.0,0.0,2,0,0.0003046680486193908,0.0,False,177633.0,0.0,0.0,4.781359370619603e-15,1,1.0,False,terminal,0.11306844815914835
100000004591973100,peripheral,0.4,11,0.015219438568521499,"Вход 10 000, выход 100 000 KZT; возможны пропущенные входящие или начальный остаток; для проверки запросить выписку",3,False,1,1,10000.0,100000.0,1,1,0.0003991316698685015,10.0,False,110000.0,1.9590382902938557e-05,8.417082485105928e-80,6.102458428915861e-105,0,0.0,True,missing_incoming,0.01848263463962725
100000004592467100,peripheral,0.4,2,0.008678798043078549,"Вход/выход: 1/0 связей, 7 000/0 KZT; признаков специальной роли недостаточно",2,False,1,0,7000.0,0.0,1,0,0.0002866229494599162,0.0,False,7000.0,0.0,0.0,1.0358333728343704e-15,0,0.0,False,other,0.01053961699172689
100000004596284100,peripheral,0.3,3,0.0,"Глубина 4, выход 0, вход 30 000 KZT; обход обрезан, данных для гипотезы о конечном получателе недостаточно",4,False,1,0,30000.0,0.0,1,0,0.0005914888430857142,0.0,True,30000.0,0.0,0.0,9.131508432352698e-101,0,0.0,False,truncated,-0.27058208966007347
100000004601193100,peripheral,0.3,9,0.0,"Глубина 4, выход 0, вход 84 000 KZT; обход обрезан, данных для гипотезы о конечном получателе недостаточно",4,False,1,0,84000.0,0.0,3,0,0.0006034150427286833,0.0,True,84000.0,0.0,0.0,1.542900330994108e-81,0,0.0,False,truncated,-0.26940082017845357
100000004603109100,consolidator,0.65,22,0.4831625748752115,Вход 2 730 000 KZT от 3 плательщиков; передаёт 14.7%; признаки консолидации,3,False,3,2,2730000.0,400000.0,8,2,0.0031783652796316918,0.14652014652014653,False,3130000.0,4.452359750667854e-06,0.011021959269201612,0.2128918943156073,0,0.0,False,consolidator,0.2347029373719559
100000004610802100,peripheral,0.3,61,0.0,"Глубина 4, выход 0, вход 241 000 KZT; обход обрезан, данных для гипотезы о конечном получателе недостаточно",4,False,1,0,241000.0,0.0,18,0,0.00047395222486411233,0.0,True,241000.0,0.0,0.0,7.542415991495449e-61,0,0.0,False,truncated,-0.27602704522970434
100000004611571100,peripheral,0.4,0,0.008796485281661541,"Вход/выход: 1/0 связей, 22 550/0 KZT; признаков специальной роли недостаточно",3,False,1,0,22550.0,0.0,1,0,0.00028683930947433656,0.0,False,22550.0,0.0,0.0,5.966453603996701e-15,0,0.0,False,other,0.010682537522118531
100000004613582100,peripheral,0.4,6,0.022211450721068435,"Вход 5 000, выход 9 500 KZT; возможны пропущенные входящие или начальный остаток; для проверки запросить выписку",3,False,1,1,5000.0,9500.0,1,1,0.0005534434661680617,1.9,False,14500.0,1.7809439002671417e-06,1.9352288430450093e-77,3.16255988575774e-134,0,0.0,True,missing_incoming,0.02697380239391274
100000004616845100,peripheral,0.3,58,0.0,"Глубина 4, выход 0, вход 20 200 KZT; обход обрезан, данных для гипотезы о конечном получателе недостаточно",4,False,1,0,20200.0,0.0,2,0,0.000288817668252161,0.0,True,20200.0,0.0,0.0,9.529867900370625e-29,0,0.0,False,truncated,-0.2892157952898473
100000004622227100,peripheral,0.4,0,0.0917906594790963,"Вход/выход: 1/3 связей, 24 931/19 000 KZT; признаков специальной роли недостаточно",1,False,1,3,24931.0,19000.0,1,3,0.0002902476567795973,0.762103405398901,False,43931.0,4.185218165627783e-05,1.774636616480176e-18,8.709745277189932e-15,1,1.0,False,other,0.11147147214691147
100000004629688100,peripheral,0.4,14,0.01388341911598219,"Вход 5 000, выход 15 000 KZT; возможны пропущенные входящие или начальный остаток; для проверки запросить выписку",3,False,1,1,5000.0,15000.0,1,2,0.0003879725844992429,3.0,False,20000.0,0.0,2.9760792572871565e-20,5.759561746073545e-99,0,0.0,True,missing_incoming,0.016860159585666196
100000004634420100,peripheral,0.4,1,0.008963102183933489,"Вход/выход: 1/0 связей, 26 150/0 KZT; признаков специальной роли недостаточно",3,False,1,0,26150.0,0.0,1,0,0.0002896507281429226,0.0,False,26150.0,0.0,0.0,3.971637698070052e-42,0,0.0,False,other,0.01088487871332701
100000004635886100,peripheral,0.4,3,0.009083190192337418,"Вход/выход: 1/0 связей, 23 000/0 KZT; признаков специальной роли недостаточно",3,False,1,0,23000.0,0.0,1,0,0.00029245851948138683,0.0,False,23000.0,0.0,0.0,8.461963001584814e-17,0,0.0,False,other,0.011030714762004982
100000004644615100,peripheral,0.4,9,0.01605731246514072,"Вход 50 810, выход 379 665 KZT; возможны пропущенные входящие или начальный остаток; для проверки запросить выписку",3,False,1,2,50810.0,379665.0,1,14,0.00037436756021008163,7.472249557173785,False,430475.0,5.3428317008014254e-06,1.2691725865957667e-54,1.4063389642032484e-20,0,0.0,True,missing_incoming,0.019500156871841777
100000004652395100,peripheral,0.3,0,0.0,"Глубина 4, выход 0, вход 101 528 KZT; обход обрезан, данных для гипотезы о конечном получателе недостаточно",4,False,3,0,101528.0,0.0,5,0,0.0003357067098927751,0.0,True,101528.0,0.0,0.0,1.864312869698539e-16,0,0.0,False,truncated,-0.26483030644495903
100000004655046100,peripheral,0.3,8,0.0,"Глубина 4, выход 0, вход 24 000 KZT; обход обрезан, данных для гипотезы о конечном получателе недостаточно",4,False,1,0,24000.0,0.0,1,0,0.0005575082914139779,0.0,True,24000.0,0.0,0.0,6.214582605838966e-105,0,0.0,False,truncated,-0.2727149299804791
100000004657034100,terminal,0.7,5,0.014667655088220726,"Вход 141 250 KZT от 1 плательщика, выход 0; глубина 3; признаки конечного получателя",3,False,1,0,141250.0,0.0,1,0,0.0002901470900552552,0.0,False,141250.0,0.0,0.0,8.542859946159902e-13,0,0.0,False,terminal,0.01187502893290538
100000004659919100,peripheral,0.4,52,0.03196778178117416,"Вход/выход: 1/1 связей, 110 000/39 000 KZT; признаков специальной роли недостаточно",3,False,1,1,110000.0,39000.0,2,1,0.0007249529791849305,0.35454545454545455,False,149000.0,2.4090924502611633e-05,8.55075163939576e-98,1.74999960019106e-76,0,0.0,False,other,0.038821985991180544
100000004662806100,peripheral,0.4,11,0.06078358290483707,"Вход/выход: 2/2 связей, 106 585/59 900 KZT; признаков специальной роли недостаточно",1,False,2,2,106585.0,59900.0,2,3,0.00030544976624820286,0.5619927757189098,False,166485.0,3.9180765805877114e-05,1.0418214209901502e-92,2.0519431379479248e-16,1,0.5,False,other,0.07381617592919748
100000004664515100,peripheral,0.4,0,0.09153785481300727,"Вход/выход: 1/0 связей, 37 691/0 KZT; признаков специальной роли недостаточно",1,False,1,0,37691.0,0.0,1,0,0.0002926421016993771,0.0,False,37691.0,0.0,0.0,1.3167502677091401e-14,1,1.0,False,other,0.11116446369469561
100000004664905100,terminal,0.7,3,0.10043974727843324,"Вход 329 020 KZT от 2 плательщиков, выход 0; глубина 1; признаки конечного получателя",1,False,2,0,329020.0,0.0,4,0,0.0004118439668426327,0.0,False,329020.0,0.0,0.0,6.324219505965467e-15,1,0.5,False,terminal,0.08131667248590749
100000004666651100,terminal,0.7,66,0.03030679378441077,"Вход 429 250 KZT от 1 плательщика, выход 0; глубина 2; признаки конечного получателя",2,False,1,0,429250.0,0.0,1,0,0.00045753888989794294,0.0,False,429250.0,0.0,0.0,2.631766913077003e-49,0,0.0,False,terminal,0.024536577311699805
100000004670388100,peripheral,0.4,51,0.026300537666128363,"Вход 160 354, выход 720 000 KZT; возможны пропущенные входящие или начальный остаток; для проверки запросить выписку",3,False,1,2,160354.0,720000.0,1,4,0.0005140172616899977,4.490065729573319,False,880354.0,1.8737385724253492e-05,1.1504588819360346e-48,5.844825975488959e-56,0,0.0,True,missing_incoming,0.031939629462693644
100000004671609100,terminal,0.7,10,0.01500709887514175,"Вход 100 000 KZT от 1 плательщика, выход 0; глубина 3; признаки конечного получателя",3,False,1,0,100000.0,0.0,1,0,0.00030024211151879094,0.0,False,100000.0,0.0,0.0,5.785865705977255e-17,0,0.0,False,terminal,0.012149844829961705
100000004673335100,peripheral,0.3,30,0.0,"Глубина 4, выход 0, вход 80 000 KZT; обход обрезан, данных для гипотезы о конечном получателе недостаточно",4,False,1,0,80000.0,0.0,1,0,0.0004940906043598346,0.0,True,80000.0,0.0,0.0,7.472965243196004e-17,0,0.0,False,truncated,-0.2761351283186647
100000004674178100,peripheral,0.3,24,0.0,"Глубина 4, выход 0, вход 20 000 KZT; обход обрезан, данных для гипотезы о конечном получателе недостаточно",4,False,1,0,20000.0,0.0,1,0,0.00030274344180862404,0.0,True,20000.0,0.0,0.0,5.325560402513861e-23,0,0.0,False,truncated,-0.2883638936039715
100000004674389100,peripheral,0.3,9,0.0,"Глубина 4, выход 0, вход 15 000 KZT; обход обрезан, данных для гипотезы о конечном получателе недостаточно",4,False,1,0,15000.0,0.0,1,0,0.0003520253352644254,0.0,True,15000.0,0.0,0.0,6.554047384648432e-91,0,0.0,False,truncated,-0.2853848897194356
100000004674412100,peripheral,0.3,9,0.0,"Глубина 4, выход 0, вход 46 000 KZT; обход обрезан, данных для гипотезы о конечном получателе недостаточно",4,False,1,0,46000.0,0.0,1,0,0.00048936782009517,0.0,True,46000.0,0.0,0.0,2.0099078646255195e-90,0,0.0,False,truncated,-0.27670810625071357
100000004674799100,terminal,0.7,0,0.05254893512054706,"Вход 140 000 KZT от 1 плательщика, выход 0; глубина 2; признаки конечного получателя",2,False,1,0,140000.0,0.0,5,0,0.0007906731933061705,0.0,False,140000.0,0.0,0.0,8.796695911315032e-15,0,0.0,False,terminal,0.04254395956249347
100000004676985100,transit,0.7401115933044018,0,0.018449300785097766,"Вход 32 260, выход 27 102 KZT; передаёт 84.0%; 1/1 связей; признаки транзита",3,False,1,1,32260.0,27102.0,1,1,0.0002873861763544214,0.8401115933044018,False,59362.0,1.8699910952804988e-05,9.489003017601041e-105,8.535600588245393e-15,0,0.0,False,transit,0.011202505408866605
100000004677680100,peripheral,0.4,9,0.10098182836057809,"Вход 63 000, выход 168 000 KZT; возможны пропущенные входящие или начальный остаток; для проверки запросить выписку",1,False,2,1,63000.0,168000.0,2,3,0.0010928341745650803,2.6666666666666665,False,231000.0,4.096170970614426e-05,6.89874320169401e-70,1.3356800638993798e-14,1,0.5,True,missing_incoming,0.12263331728217801
100000004679953100,coordinator,0.6043897498928854,4,0.15112199816873947,Вход/выход: 3/3 связей; seed-плательщиков 1; в топ-5% по посреднической роли в сети; признаки координации,1,False,3,3,343538.0,34100.0,3,3,0.0003342675529915222,0.09926121709970949,False,377638.0,0.0002804986642920748,3.630861923220495e-18,6.127208732986641e-14,1,0.3333333333333333,False,coordinator,0.07340961141471516
100000004687099100,peripheral,0.4,6,0.011239295185766478,"Вход/выход: 1/0 связей, 30 000/0 KZT; признаков специальной роли недостаточно",2,False,1,0,30000.0,0.0,1,0,0.0003342247396399686,0.0,False,30000.0,0.0,0.0,5.905246348858696e-75,0,0.0,False,other,0.01364910969548488
100000004687282100,peripheral,0.4,3,0.011072063540720652,"Вход/выход: 1/0 связей, 20 000/0 KZT; признаков специальной роли недостаточно",2,False,1,0,20000.0,0.0,1,0,0.0003322717689149048,0.0,False,20000.0,0.0,0.0,1.9637225194761294e-70,0,0.0,False,other,0.01344602195465594
100000004689658100,peripheral,0.4,4,0.01699061272062243,"Вход/выход: 1/1 связей, 456 100/7 092 KZT; признаков специальной роли недостаточно",3,False,1,1,456100.0,7092.0,1,1,0.0003863163581277,0.015549221661916246,False,463192.0,1.8699910952804988e-05,2.2855228522958143e-130,5.5018342440163677e-14,0,0.0,False,other,0.020633565804995015
100000004691350100,peripheral,0.3,51,0.0,"Глубина 4, выход 0, вход 13 300 KZT; обход обрезан, данных для гипотезы о конечном получателе недостаточно",4,False,1,0,13300.0,0.0,1,0,0.0008870591048616336,0.0,True,13300.0,0.0,0.0,5.887746909100543e-116,0,0.0,False,truncated,-0.25260459104057364
100000004692798100,peripheral,0.4,11,0.1421091831901455,"Вход/выход: 2/1 связей, 240 305/15 000 KZT; признаков специальной роли недостаточно",1,False,2,1,240305.0,15000.0,4,2,0.0019106511787003878,0.06242067372713843,False,255305.0,8.904719501335708e-07,4.711692959410604e-116,1.3285932386703317e-18,1,0.5,False,other,0.172578778120754
100000004697956100,transit,0.9,6,0.035856911940004746,"Вход 10 000, выход 10 000 KZT; передаёт 100.0%; 1/1 связей; признаки транзита",3,False,1,1,10000.0,10000.0,1,1,0.0004681160760661781,1.0,False,20000.0,0.0,3.3463627970575283e-21,9.380608705359286e-91,0,0.0,False,transit,0.02177249179424813
100000004698193100,peripheral,0.4,6,0.04621350914748218,"Вход/выход: 2/3 связей, 222 700/38 000 KZT; признаков специальной роли недостаточно",2,False,2,3,222700.0,38000.0,15,5,0.0008254145941905158,0.17063313875168387,False,260700.0,2.6714158504007127e-06,4.1804517564288467e-107,2.242010738650113e-18,0,0.0,False,other,0.05612213624979739
100000004707703100,transit,0.8680317592979524,3,0.1609857836729342,"Вход 239 300, выход 231 650 KZT; передаёт 96.8%; 2/5 связей; признаки транзита",1,False,2,5,239300.0,231650.0,3,6,0.0006355624384346348,0.9680317592979524,False,470950.0,0.00016028495102404276,7.571456454365933e-71,6.25285893477513e-15,1,0.5,False,transit,0.0977513529295044
100000004713684100,peripheral,0.4,0,0.008941629630989122,"Вход/выход: 1/0 связей, 37 500/0 KZT; признаков специальной роли недостаточно",3,False,1,0,37500.0,0.0,1,0,0.00028768129298177927,0.0,False,37500.0,0.0,0.0,9.922040361413584e-15,0,0.0,False,other,0.010858802235599926
100000004714705100,peripheral,0.4,19,0.0002509539986191063,"Вход/выход: 0/1 связей, 0/36 550 KZT; признаков специальной роли недостаточно; seed: входящие суммы занижены методом сбора",0,True,0,1,0.0,36550.0,0,1,0.0002855692942172909,,False,36550.0,0.0,4.922733895674401e-99,0.0,0,0.0,True,other,0.0003047609835900177
100000004715209100,peripheral,0.4,28,0.011709000402078784,"Вход 5 000, выход 350 450 KZT; возможны пропущенные входящие или начальный остаток; для проверки запросить выписку",3,False,1,5,5000.0,350450.0,1,17,0.0002875439757603291,70.09,False,355450.0,7.479964381121995e-05,1.056192032574368e-22,1.3382239857569924e-20,0,0.0,True,missing_incoming,0.01421952429142032
100000004717647100,peripheral,0.4,45,0.06384669400650483,"Вход 300 000, выход 2 240 000 KZT; возможны пропущенные входящие или начальный остаток; для проверки запросить выписку",3,False,1,5,300000.0,2240000.0,2,10,0.0010233609552644496,7.466666666666667,False,2540000.0,7.479964381121995e-05,6.7720821263721966e-18,9.131508432352688e-58,0,0.0,True,missing_incoming,0.07753604792696009
100000004722630100,peripheral,0.3,51,0.0,"Глубина 4, выход 0, вход 340 000 KZT; обход обрезан, данных для гипотезы о конечном получателе недостаточно",4,False,1,0,340000.0,0.0,2,0,0.0004921869960127064,0.0,True,340000.0,0.0,0.0,4.9714638288130665e-48,0,0.0,False,truncated,-0.27408387810392976
100000004722765100,peripheral,0.4,47,0.041247573536061705,"Вход 230 000, выход 2 284 500 KZT; возможны пропущенные входящие или начальный остаток; для проверки запросить выписку",3,False,1,3,230000.0,2284500.0,1,9,0.0005815882668655411,9.932608695652174,False,2514500.0,5.877114870881568e-05,1.6633970690204427e-20,1.167690634968004e-62,0,0.0,True,missing_incoming,0.05009145560828967
100000004723755100,peripheral,0.4,2,0.000652274415015461,"Вход/выход: 0/1 связей, 0/95 000 KZT; признаков специальной роли недостаточно; seed: входящие суммы занижены методом сбора",0,True,0,1,0.0,95000.0,0,5,0.0002855692942172909,,False,95000.0,0.0,3.8554792060841825e-75,0.0,0,0.0,True,other,0.0007921284115198819
100000004726132100,peripheral,0.4,0,0.012848824342212201,"Вход/выход: 1/1 связей, 349 000/24 000 KZT; признаков специальной роли недостаточно",3,False,1,1,349000.0,24000.0,1,2,0.0003165194005921449,0.06876790830945559,False,373000.0,1.8737385724253492e-05,4.5129052813912194e-107,3.532605120744165e-13,0,0.0,False,other,0.015603737601532774
100000004732589100,terminal,0.7,9,0.023416669398712345,"Вход 227 520 KZT от 1 плательщика, выход 0; глубина 2; признаки конечного получателя",2,False,1,0,227520.0,0.0,1,0,0.0003939729265831237,0.0,False,227520.0,0.0,0.0,1.4268775525021055e-16,0,0.0,False,terminal,0.01895828780738811
100000004737477100,transit,0.7165651840800032,0,0.1188689844131468,"Вход 49 598, выход 40 500 KZT; передаёт 81.7%; 2/1 связей; признаки транзита",1,False,2,1,49598.0,40500.0,3,3,0.00029231930484893123,0.8165651840800032,False,90098.0,1.8699910952804988e-05,4.4996901028716734e-97,1.5676776751134326e-14,1,0.5,False,transit,0.07217782702693903
100000004737764100,terminal,0.7,2,0.0486518777043614,"Вход 600 000 KZT от 1 плательщика, выход 0; глубина 3; признаки конечного получателя",3,False,1,0,600000.0,0.0,1,0,0.0006766224227546178,0.0,False,600000.0,0.0,0.0,8.032159760405099e-45,0,0.0,False,terminal,0.03938887653851625
100000004739664100,transit,0.7333333333333334,1,0.1824146269110615,"Вход 12 000, выход 10 000 KZT; передаёт 83.3%; 1/1 связей; признаки транзита",1,False,1,1,12000.0,10000.0,1,1,0.00028808795365552084,0.8333333333333334,False,22000.0,8.922564630596902e-07,8.417082485105925e-124,1.051117884360387e-39,1,1.0,False,transit,0.11076305104625792
100000004741837100,peripheral,0.4,3,0.09123672994315658,"Вход/выход: 1/0 связей, 25 596/0 KZT; признаков специальной роли недостаточно",1,False,1,0,25596.0,0.0,1,0,0.0002883213263153591,0.0,False,25596.0,0.0,0.0,6.889692481148174e-16,1,1.0,False,other,0.11079877471574293
100000004744306100,peripheral,0.4,19,0.10118037524109015,"Вход 69 000, выход 92 000 KZT; возможны пропущенные входящие или начальный остаток; для проверки запросить выписку",1,False,1,2,69000.0,92000.0,1,3,0.0004607769966825421,1.3333333333333333,False,161000.0,3.9180765805877114e-05,1.1946058901870918e-80,1.157066963228187e-21,1,1.0,True,missing_incoming,0.1228744345503887
100000004746397100,peripheral,0.4,5,0.019342883878276845,"Вход/выход: 1/1 связей, 219 520/7 500 KZT; признаков специальной роли недостаточно",3,False,1,1,219520.0,7500.0,1,1,0.00029268375611003365,0.03416545189504373,False,227020.0,0.0011193232413178986,2.5960215464620987e-19,1.3276662763759447e-12,0,0.0,False,other,0.023490186841606826
100000004747154100,peripheral,0.3,28,0.0,"Глубина 4, выход 0, вход 67 000 KZT; обход обрезан, данных для гипотезы о конечном получателе недостаточно",4,False,1,0,67000.0,0.0,1,0,0.0003323513206939182,0.0,True,67000.0,0.0,0.0,2.429519331473083e-24,0,0.0,False,truncated,-0.2861572068728333
100000004750321100,terminal,0.7,8,0.028291144739920924,"Вход 50 185 KZT от 2 плательщиков, выход 0; глубина 3; признаки конечного получателя",3,False,2,0,50185.0,0.0,2,0,0.00031253610038112624,0.0,False,50185.0,0.0,0.0,3.561810882123362e-17,0,0.0,False,terminal,0.022904694738927665
100000004750897100,peripheral,0.4,14,0.018983301661594915,"Вход/выход: 1/0 связей, 10 000/0 KZT; признаков специальной роли недостаточно",3,False,1,0,10000.0,0.0,1,0,0.0004903758747811949,0.0,False,10000.0,0.0,0.0,1.151912349214709e-98,0,0.0,False,other,0.02305350669050155
100000004756901100,terminal,0.7,3,0.016366356967161308,"Вход 153 248 KZT от 1 плательщика, выход 0; глубина 2; признаки конечного получателя",2,False,1,0,153248.0,0.0,1,0,0.0003109522914570363,0.0,False,153248.0,0.0,0.0,1.984040387661496e-16,0,0.0,False,terminal,0.013250309019563538
100000004759121100,consolidator,0.8,0,0.32452985828010034,Вход 710 000 KZT от 6 плательщиков; передаёт 43.9%; признаки консолидации,1,False,6,2,710000.0,312000.0,10,6,0.001415179682240735,0.4394366197183099,False,1022000.0,7.479964381121995e-05,6.976639993056925e-60,1.5371800019194816e-12,1,0.16666666666666666,False,consolidator,0.1576448900722834
100000004765639100,peripheral,0.4,0,0.012833421082586569,"Вход 5 000, выход 11 000 KZT; возможны пропущенные входящие или начальный остаток; для проверки запросить выписку",2,False,1,2,5000.0,11000.0,1,2,0.00036185625061452016,2.2,False,16000.0,3.7399821905609976e-05,4.8745579299996095e-17,9.090758143442175e-25,0,0.0,True,missing_incoming,0.015585031732808502
100000004770073100,transit,0.8991633714118336,0,0.0178265539164792,"Вход 5 462, выход 5 467 KZT; передаёт 100.1%; 1/1 связей; признаки транзита",3,False,1,1,5462.4,5466.97,1,1,0.0002878055588504013,1.0008366285881665,False,10929.369999999999,1.8699910952804988e-05,2.4322934723291705e-135,1.2405696050454167e-16,0,0.0,False,transit,0.010824370473276564
100000004777215100,peripheral,0.3,20,0.0,"Глубина 4, выход 0, вход 60 000 KZT; обход обрезан, данных для гипотезы о конечном получателе недостаточно",4,False,1,0,60000.0,0.0,1,0,0.00046515486374554374,0.0,True,60000.0,0.0,0.0,1.9699129493511123e-84,0,0.0,False,truncated,-0.2780754856309927
100000004779204100,peripheral,0.4,0,0.009158315070138251,"Вход/выход: 1/1 связей, 30 450/20 000 KZT; признаков специальной роли недостаточно",3,False,1,1,30450.0,20000.0,1,2,0.0002872842372140555,0.6568144499178982,False,50450.0,1.8699910952804988e-05,1.480748810291788e-110,8.05669677346783e-15,0,0.0,False,other,0.011121947146332963
100000004780083100,peripheral,0.3,61,0.0,"Глубина 4, выход 0, вход 9 999 KZT; обход обрезан, данных для гипотезы о конечном получателе недостаточно",4,False,1,0,9999.0,0.0,1,0,0.00029338523165935545,0.0,True,9999.0,0.0,0.0,3.1293202281727384e-62,0,0.0,False,truncated,-0.289020888002428
100000004780327100,peripheral,0.3,18,0.0,"Глубина 4, выход 0, вход 12 000 KZT; обход обрезан, данных для гипотезы о конечном получателе недостаточно",4,False,1,0,12000.0,0.0,1,0,0.00029199108961479553,0.0,True,12000.0,0.0,0.0,2.4844447576924464e-21,0,0.0,False,truncated,-0.28908965611546183
100000004783447100,peripheral,0.4,1,0.09137952687319338,"Вход/выход: 1/0 связей, 26 200/0 KZT; признаков специальной роли недостаточно",1,False,1,0,26200.0,0.0,1,0,0.0002910683673240929,0.0,False,26200.0,0.0,0.0,2.294940714186845e-39,1,1.0,False,other,0.11097218870034216
100000004784224100,peripheral,0.4,22,0.09274759507885129,"Вход 23 500, выход 100 000 KZT; возможны пропущенные входящие или начальный остаток; для проверки запросить выписку",1,False,1,1,23500.0,100000.0,2,1,0.0003047979078563769,4.25531914893617,False,123500.0,8.904719501335708e-07,8.417082485105928e-80,3.902440923649988e-62,1,1.0,True,missing_incoming,0.11263358407267632
100000004788983100,peripheral,0.3,0,0.0,"Глубина 4, выход 0, вход 27 000 KZT; обход обрезан, данных для гипотезы о конечном получателе недостаточно",4,False,1,0,27000.0,0.0,1,0,0.00036946851834621596,0.0,True,27000.0,0.0,0.0,1.1101656532994215e-91,0,0.0,False,truncated,-0.28421566522197533
100000004790991100,terminal,0.7,3,0.14079769138676687,"Вход 239 413 KZT от 1 плательщика, выход 0; глубина 1; признаки конечного получателя",1,False,1,0,239413.0,0.0,4,0,0.0003113105139662674,0.0,False,239413.0,0.0,0.0,6.4442957727345195e-15,1,1.0,False,terminal,0.11399072645544192
100000004791226100,peripheral,0.3,0,0.0,"Глубина 4, выход 0, вход 20 000 KZT; обход обрезан, данных для гипотезы о конечном получателе недостаточно",4,False,1,0,20000.0,0.0,1,0,0.0005414836607379303,0.0,True,20000.0,0.0,0.0,2.4469121932608153e-108,0,0.0,False,truncated,-0.2737304998747896
100000004792397100,terminal,0.7,1,0.13830857403433466,"Вход 73 520 KZT от 1 плательщика, выход 0; глубина 1; признаки конечного получателя",1,False,1,0,73520.0,0.0,1,0,0.0003010002810421795,0.0,False,73520.0,0.0,0.0,6.439848904847971e-39,1,1.0,False,terminal,0.11197552086192704
100000004797167100,peripheral,0.3,4,0.0,"Глубина 4, выход 0, вход 31 000 KZT; обход обрезан, данных для гипотезы о конечном получателе недостаточно",4,False,1,0,31000.0,0.0,1,0,0.0005516247027029544,0.0,True,31000.0,0.0,0.0,3.7400844316524033e-100,0,0.0,False,truncated,-0.2730171925609963
100000004798515100,peripheral,0.3,11,0.0,"Глубина 4, выход 0, вход 200 000 KZT; обход обрезан, данных для гипотезы о конечном получателе недостаточно",4,False,1,0,200000.0,0.0,2,0,0.0003638354909866272,0.0,True,200000.0,0.0,0.0,2.0080642208844372e-17,0,0.0,False,truncated,-0.2831184296700463
100000004800452100,peripheral,0.3,5,0.0,"Глубина 4, выход 0, вход 6 545 KZT; обход обрезан, данных для гипотезы о конечном получателе недостаточно",4,False,1,0,6544.53,0.0,1,0,0.0006079797659745989,0.0,True,6544.53,0.0,0.0,3.365909802636524e-129,0,0.0,False,truncated,-0.26976686778162773
100000004800648100,peripheral,0.3,11,0.0,"Глубина 4, выход 0, вход 131 000 KZT; обход обрезан, данных для гипотезы о конечном получателе недостаточно",4,False,1,0,131000.0,0.0,1,0,0.0003368336531012062,0.0,True,131000.0,0.0,0.0,1.3152820646793063e-17,0,0.0,False,truncated,-0.2853488214338803
100000004806903100,peripheral,0.4,2,0.021216773100950194,"Вход/выход: 1/0 связей, 18 000/0 KZT; признаков специальной роли недостаточно",2,False,1,0,18000.0,0.0,1,0,0.0005335389049993343,0.0,False,18000.0,0.0,0.0,2.6366124045790108e-110,0,0.0,False,other,0.025765856190503915
100000004813068100,peripheral,0.4,22,0.0020392158027325463,"Вход/выход: 0/3 связей, 0/297 000 KZT; признаков специальной роли недостаточно; seed: входящие суммы занижены методом сбора",0,True,0,3,0.0,297000.0,0,5,0.0002855692942172909,,False,297000.0,0.0,3.161955603368449e-62,0.0,0,0.0,True,other,0.002476443560225315
100000004816564100,peripheral,0.4,14,0.015303865979685643,"Вход/выход: 1/1 связей, 285 480/5 000 KZT; признаков специальной роли недостаточно",2,False,1,1,285480.0,5000.0,1,1,0.00037639216561899353,0.01751436177665686,False,290480.0,1.8699910952804988e-05,4.784557452868469e-137,4.3828656794079816e-17,0,0.0,False,other,0.01858516411120342
100000004820260100,transit,0.8195132365499573,14,0.1362670817399457,"Вход 234 200, выход 215 350 KZT; передаёт 92.0%; 1/3 связей; признаки транзита",2,False,1,3,234200.0,215350.0,12,10,0.001401456577582697,0.9195132365499573,False,449550.0,1.8699910952804988e-05,3.0006660590055906e-17,2.0832176366958752e-20,0,0.0,False,transit,0.08274203656949702
100000004825069100,peripheral,0.4,1,0.009297806192836305,"Вход/выход: 1/0 связей, 30 000/0 KZT; признаков специальной роли недостаточно",2,False,1,0,30000.0,0.0,4,0,0.00029575841353528677,0.0,False,30000.0,0.0,0.0,4.03362091151621e-36,0,0.0,False,other,0.011291346526257002
100000004840086100,peripheral,0.3,0,0.0,"Глубина 4, выход 0, вход 100 000 KZT; обход обрезан, данных для гипотезы о конечном получателе недостаточно",4,False,1,0,100000.0,0.0,2,0,0.0005391572563123895,0.0,True,100000.0,0.0,0.0,2.7818170943428595e-78,0,0.0,False,truncated,-0.27320603949774563
100000004841728100,terminal,0.7,1,0.1377504249485888,"Вход 52 208 KZT от 1 плательщика, выход 0; глубина 1; признаки конечного получателя",1,False,1,0,52208.0,0.0,1,0,0.00029652714187988316,0.0,False,52208.0,0.0,0.0,4.573063542223924e-39,1,1.0,False,terminal,0.11152363973285483
100000004847758100,coordinator,0.6201518213805012,2,0.16625134203202604,Вход/выход: 4/15 связей; seed-плательщиков 1; в топ-5% по посреднической роли в сети; признаки координации; возможен неполный вход или начальный остаток,1,False,4,15,115171.0,488800.0,4,23,0.00030474224834678437,4.244123954815014,False,603971.0,0.0008210151380231523,7.148409004744067e-15,2.0643122146641443e-14,1,0.25,True,coordinator,0.0807589005150575
100000004848236100,peripheral,0.3,0,0.0,"Глубина 4, выход 0, вход 7 500 KZT; обход обрезан, данных для гипотезы о конечном получателе недостаточно",4,False,1,0,7500.0,0.0,1,0,0.00030887463425310343,0.0,True,7500.0,0.0,0.0,3.083793481387282e-92,0,0.0,False,truncated,-0.28809231441351163
100000004850609100,peripheral,0.3,5,0.0,"Глубина 4, выход 0, вход 10 000 KZT; обход обрезан, данных для гипотезы о конечном получателе недостаточно",4,False,1,0,10000.0,0.0,1,0,0.00031302949674031055,0.0,True,10000.0,0.0,0.0,7.582526179829385e-21,0,0.0,False,truncated,-0.2878167999044885
100000004856746100,peripheral,0.3,34,0.0,"Глубина 4, выход 0, вход 20 000 KZT; обход обрезан, данных для гипотезы о конечном получателе недостаточно",4,False,1,0,20000.0,0.0,1,0,0.0003000473060624518,0.0,True,20000.0,0.0,0.0,6.447681293110422e-24,0,0.0,False,truncated,-0.28852915112152766
100000004877085100,peripheral,0.4,12,0.010316125348109644,"Вход 25 000, выход 95 600 KZT; возможны пропущенные входящие или начальный остаток; для проверки запросить выписку",3,False,1,3,25000.0,95600.0,1,9,0.00029482372155001277,3.824,False,120600.0,5.6099732858414964e-05,3.944111308246982e-89,9.873841221704643e-17,0,0.0,True,missing_incoming,0.012528003240544679
100000004889043100,terminal,0.7,0,0.029512770219490014,"Вход 272 000 KZT от 2 плательщиков, выход 0; глубина 3; признаки конечного получателя",3,False,2,0,272000.0,0.0,4,0,0.0002984972459578193,0.0,False,272000.0,0.0,0.0,6.503133357669393e-13,0,0.0,False,terminal,0.023893730670561174
100000004890713100,peripheral,0.3,8,0.0,"Глубина 4, выход 0, вход 40 485 KZT; обход обрезан, данных для гипотезы о конечном получателе недостаточно",4,False,1,0,40485.0,0.0,1,0,0.0003007240043166196,0.0,True,40485.0,0.0,0.0,9.259681368812806e-20,0,0.0,False,truncated,-0.28831686553478264
100000004891562100,peripheral,0.3,18,0.0,"Глубина 4, выход 0, вход 103 400 KZT; обход обрезан, данных для гипотезы о конечном получателе недостаточно",4,False,1,0,103400.0,0.0,1,0,0.0003409037645591223,0.0,True,103400.0,0.0,0.0,2.1407632328783248e-20,0,0.0,False,truncated,-0.28532948130600716
100000004892144100,peripheral,0.4,22,0.17535194740856175,"Вход/выход: 2/1 связей, 4 500 000/180 300 KZT; признаков специальной роли недостаточно",3,False,2,1,4500000.0,180300.0,7,1,0.0027832036872124295,0.04006666666666667,False,4680300.0,0.0,2.2141529238972593e-05,0.3630544126220646,0,0.0,False,other,0.21294911521919724
100000004904960100,peripheral,0.4,0,0.042224833845434934,"Вход/выход: 2/0 связей, 32 000/0 KZT; признаков специальной роли недостаточно",2,False,2,0,32000.0,0.0,2,0,0.0007779174826823424,0.0,False,32000.0,0.0,0.0,1.3489571519599427e-105,0,0.0,False,other,0.0512782500596509
100000004905207100,terminal,0.7,13,0.02807072610754457,"Вход 380 000 KZT от 1 плательщика, выход 0; глубина 2; признаки конечного получателя",2,False,1,0,380000.0,0.0,1,0,0.00043470347319123927,0.0,False,380000.0,0.0,0.0,1.0375344012390058e-17,0,0.0,False,terminal,0.022726242380927873
100000004906181100,peripheral,0.4,36,0.02744708616765818,"Вход 100 000, выход 2 473 418 KZT; возможны пропущенные входящие или начальный остаток; для проверки запросить выписку",3,False,1,7,100000.0,2473417.91,1,33,0.00028881021162469923,24.734179100000002,False,2573417.91,0.00013116170006977445,1.1122481951379557e-23,6.048042439759223e-13,0,0.0,True,missing_incoming,0.03333200914575356
100000004908173100,peripheral,0.3,7,0.0,"Глубина 4, выход 0, вход 21 000 KZT; обход обрезан, данных для гипотезы о конечном получателе недостаточно",4,False,1,0,21000.0,0.0,1,0,0.0003208294523116968,0.0,True,21000.0,0.0,0.0,1.485625277710513e-77,0,0.0,False,truncated,-0.2872469876377626
100000004911971100,peripheral,0.3,36,0.0,"Глубина 4, выход 0, вход 35 000 KZT; обход обрезан, данных для гипотезы о конечном получателе недостаточно",4,False,1,0,35000.0,0.0,3,0,0.00028904714906671764,0.0,True,35000.0,0.0,0.0,3.618098391757434e-25,0,0.0,False,truncated,-0.28907832417569707
100000004917367100,terminal,0.7,5,0.027608923960179,"Вход 120 000 KZT от 2 плательщиков, выход 0; глубина 3; признаки конечного получателя",3,False,2,0,120000.0,0.0,2,0,0.0002940276420429223,0.0,False,120000.0,0.0,0.0,6.112437508600772e-13,0,0.0,False,terminal,0.022352364359644977
100000004921657100,peripheral,0.4,2,0.012799446114115895,"Вход 8 300, выход 22 190 KZT; возможны пропущенные входящие или начальный остаток; для проверки запросить выписку",3,False,1,1,8300.0,22190.0,1,1,0.00036129622421142676,2.6734939759036145,False,30490.0,2.4090924502611633e-05,9.020459435616452e-95,2.1539002797788924e-93,0,0.0,True,missing_incoming,0.015543772199724599
100000004931931100,peripheral,0.4,0,0.009513884528909182,"Вход 23 938, выход 45 000 KZT; возможны пропущенные входящие или начальный остаток; для проверки запросить выписку",3,False,1,1,23938.0,45000.0,1,1,0.000291814036684862,1.8798562954298605,False,68938.0,1.8699910952804988e-05,4.639938126450946e-95,7.707445789644831e-15,0,0.0,True,missing_incoming,0.01155375416509289
100000004948177100,consolidator,0.65,3,0.1576909780398735,Вход 437 163 KZT от 3 плательщиков; передаёт 0.0%; признаки консолидации,1,False,3,0,437163.0,0.0,8,0,0.00042215807154897264,0.0,False,437163.0,0.0,0.0,9.216749653898756e-15,1,0.3333333333333333,False,consolidator,0.07660058470500075
100000004950490100,peripheral,0.4,6,0.010921127674390308,"Вход/выход: 1/0 связей, 10 000/0 KZT; признаков специальной роли недостаточно",2,False,1,0,10000.0,0.0,1,0,0.0003306416631354998,0.0,False,10000.0,0.0,0.0,1.7228372061808574e-81,0,0.0,False,other,0.013262723966439127
100000004959752100,peripheral,0.4,2,0.03393091820934471,"Вход/выход: 1/0 связей, 22 200/0 KZT; признаков специальной роли недостаточно",3,False,1,0,22200.0,0.0,1,0,0.0007848703238285035,0.0,False,22200.0,0.0,0.0,2.1752364545054664e-106,0,0.0,False,other,0.04120603801690149
100000004962193100,consolidator,0.9,0,0.2339150207289944,Вход 900 468 KZT от 8 плательщиков; передаёт 0.0%; признаки консолидации,2,False,8,0,900468.0,0.0,11,0,0.0006573150442725716,0.0,False,900468.0,0.0,0.0,9.065555392326812e-16,0,0.0,False,consolidator,0.11362747306058699
100000004970752100,peripheral,0.4,0,0.03172686276282476,"Вход/выход: 1/0 связей, 10 000/0 KZT; признаков специальной роли недостаточно",3,False,1,0,10000.0,0.0,1,0,0.0007428614561261706,0.0,False,10000.0,0.0,0.0,2.7818170943428587e-121,0,0.0,False,other,0.03852941158550573
100000004971871100,peripheral,0.4,60,0.0318798651614006,"Вход/выход: 1/1 связей, 25 400/5 650 KZT; признаков специальной роли недостаточно; seed: входящие суммы занижены методом сбора",0,True,1,1,25400.0,5650.0,3,1,0.0007430293125206683,0.22244094488188976,False,31050.0,0.0,1.0358414537175214e-134,3.659884623808271e-100,0,0.0,True,other,0.03871521919063728
100000004975919100,peripheral,0.4,4,0.009359153881641146,"Вход/выход: 1/2 связей, 22 351/15 000 KZT; признаков специальной роли недостаточно",3,False,1,2,22351.0,15000.0,1,2,0.00029011680628284717,0.6711109122634334,False,37351.0,3.7399821905609976e-05,1.140727389542692e-121,1.407929772214426e-15,0,0.0,False,other,0.011365847757893142
100000004976946100,peripheral,0.3,41,0.0,"Глубина 4, выход 0, вход 246 000 KZT; обход обрезан, данных для гипотезы о конечном получателе недостаточно",4,False,1,0,246000.0,0.0,1,0,0.000319492918509721,0.0,True,246000.0,0.0,0.0,2.7570017507744234e-39,0,0.0,False,truncated,-0.28545281581850285
100000004979264100,peripheral,0.3,7,0.0,"Глубина 4, выход 0, вход 39 800 KZT; обход обрезан, данных для гипотезы о конечном получателе недостаточно",4,False,1,0,39800.0,0.0,1,0,0.00041137922183340155,0.0,True,39800.0,0.0,0.0,7.535314288250431e-87,0,0.0,False,truncated,-0.2815400527725668
100000004979283100,peripheral,0.4,8,0.009607790903934538,"Вход/выход: 1/0 связей, 40 132/0 KZT; признаков специальной роли недостаточно",3,False,1,0,40132.0,0.0,1,0,0.0003005217649950165,0.0,False,40132.0,0.0,0.0,1.0715998097707178e-19,0,0.0,False,other,0.011667794982834701
100000004979498100,peripheral,0.4,54,0.0669158872582135,"Вход/выход: 1/1 связей, 700 000/200 000 KZT; признаков специальной роли недостаточно",2,False,1,1,700000.0,200000.0,2,1,0.0013189827666274714,0.2857142857142857,False,900000.0,0.0,6.124414984003805e-43,4.3710131468731933e-41,0,0.0,False,other,0.0812633061470543
100000004981068100,peripheral,0.3,4,0.0,"Глубина 4, выход 0, вход 10 000 KZT; обход обрезан, данных для гипотезы о конечном получателе недостаточно",4,False,1,0,10000.0,0.0,1,0,0.0003788472368268382,0.0,True,10000.0,0.0,0.0,1.1861189604528367e-20,0,0.0,False,truncated,-0.2837825533524389
100000004984689100,terminal,0.7,4,0.014229345624464809,"Вход 53 030 KZT от 1 плательщика, выход 0; глубина 3; признаки конечного получателя",3,False,1,0,53030.0,0.0,1,0,0.0002963587248842163,0.0,False,53030.0,0.0,0.0,3.3404552736133063e-15,0,0.0,False,terminal,0.011520170741029317
100000004988240100,peripheral,0.3,0,0.0,"Глубина 4, выход 0, вход 20 000 KZT; обход обрезан, данных для гипотезы о конечном получателе недостаточно",4,False,1,0,20000.0,0.0,1,0,0.0005299271891403068,0.0,True,20000.0,0.0,0.0,2.4469121932608153e-108,0,0.0,False,truncated,-0.27443884470150776
100000004991593100,peripheral,0.3,4,0.0,"Глубина 4, выход 0, вход 45 000 KZT; обход обрезан, данных для гипотезы о конечном получателе недостаточно",4,False,1,0,45000.0,0.0,2,0,0.00035489105110696656,0.0,True,45000.0,0.0,0.0,6.1835895119992304e-18,0,0.0,False,truncated,-0.28495909210924003
100000004991812100,peripheral,0.4,21,0.011714470737981073,"Вход/выход: 1/0 связей, 10 000/0 KZT; признаков специальной роли недостаточно",3,False,1,0,10000.0,0.0,1,0,0.0003463600077195257,0.0,False,10000.0,0.0,0.0,3.246584489886722e-103,0,0.0,False,other,0.0142261675206947
100000004993576100,terminal,0.7,14,0.018608642561860626,"Вход 167 000 KZT от 1 плательщика, выход 0; глубина 2; признаки конечного получателя",2,False,1,0,167000.0,0.0,1,0,0.00033869882876991924,0.0,False,167000.0,0.0,0.0,2.5638873772633213e-17,0,0.0,False,terminal,0.015065678017043926
100000004997515100,peripheral,0.4,7,0.04174257098865112,"Вход/выход: 4/4 связей, 395 000/54 500 KZT; признаков специальной роли недостаточно",3,False,4,4,395000.0,54500.0,4,4,0.0003566158833194684,0.1379746835443038,False,449500.0,9.617097061442565e-05,2.7762302248129076e-104,3.024884910798682e-18,0,0.0,False,other,0.050692585342646555
100000005008589100,peripheral,0.4,0,0.009755983367004733,"Вход/выход: 1/0 связей, 42 807/0 KZT; признаков специальной роли недостаточно",3,False,1,0,42806.68,0.0,1,0,0.00030309402044475066,0.0,False,42806.68,0.0,0.0,9.7218559792226e-16,0,0.0,False,other,0.011847761355374745
100000005010159100,peripheral,0.3,4,0.0,"Глубина 4, выход 0, вход 7 092 KZT; обход обрезан, данных для гипотезы о конечном получателе недостаточно",4,False,1,0,7092.0,0.0,1,0,0.0006143684568259249,0.0,True,7092.0,0.0,0.0,1.0650839236138223e-127,0,0.0,False,truncated,-0.2693707130955499
100000005017150100,peripheral,0.2,77,0.0,0 входящих и 0 исходящих рёбер; недостаточно данных для гипотезы о роли; seed: входящие суммы занижены методом сбора,0,True,0,0,0.0,0.0,0,0,0.0002855692942172909,,False,0.0,0.0,0.0,0.0,0,0.0,True,no_edges,0.0
100000005022552100,peripheral,0.4,3,0.013910061012879416,"Вход/выход: 1/1 связей, 241 000/5 000 KZT; признаков специальной роли недостаточно",3,False,1,1,241000.0,5000.0,3,1,0.00035775639372368753,0.02074688796680498,False,246000.0,0.0,1.1883518349974443e-18,8.86666557992148e-16,0,0.0,False,other,0.016892513765108565
100000005022964100,peripheral,0.4,2,0.010824396178221785,"Вход/выход: 1/0 связей, 20 000/0 KZT; признаков специальной роли недостаточно",2,False,1,0,20000.0,0.0,1,0,0.0003273647858899897,0.0,False,20000.0,0.0,0.0,2.822504565184056e-78,0,0.0,False,other,0.013145252294026378
100000005025629100,peripheral,0.3,5,0.0,"Глубина 4, выход 0, вход 5 227 KZT; обход обрезан, данных для гипотезы о конечном получателе недостаточно",4,False,1,0,5227.0,0.0,1,0,0.0003141510108848508,0.0,True,5227.0,0.0,0.0,4.3577040591906395e-18,0,0.0,False,truncated,-0.287787855777141
100000005030592100,peripheral,0.4,14,0.008806789100211123,"Вход/выход: 1/0 связей, 10 000/0 KZT; признаков специальной роли недостаточно",2,False,1,0,10000.0,0.0,1,0,0.0002887507034719393,0.0,False,10000.0,0.0,0.0,1.5352619025528866e-18,0,0.0,False,other,0.010695050579862909
100000005031696100,peripheral,0.4,52,0.02298884326656287,"Вход 5 000, выход 115 000 KZT; возможны пропущенные входящие или начальный остаток; для проверки запросить выписку",2,False,1,2,5000.0,115000.0,1,3,0.0005397118809391454,23.0,False,120000.0,9.617097061442565e-05,5.8366012417074635e-78,3.16255988575774e-134,0,0.0,True,missing_incoming,0.027917875483419567
100000005032294100,peripheral,0.4,13,0.014037579056678998,"Вход/выход: 1/0 связей, 10 000/0 KZT; признаков специальной роли недостаточно",2,False,1,0,10000.0,0.0,1,0,0.00039238727982301855,0.0,False,10000.0,0.0,0.0,4.6562720515632215e-97,0,0.0,False,other,0.017047372921239486
100000005034574100,terminal,0.7,65,0.14961136450944862,"Вход 258 816 KZT от 1 плательщика, выход 0; глубина 1; признаки конечного получателя",1,False,1,0,258816.0,0.0,16,0,0.0004250866895938891,0.0,False,258816.0,0.0,0.0,1.5915921332613818e-56,1,1.0,False,terminal,0.1211263335247047
100000005037490100,peripheral,0.4,12,0.010933710397157126,"Вход 15 000, выход 30 000 KZT; возможны пропущенные входящие или начальный остаток; для проверки запросить выписку",3,False,1,2,15000.0,30000.0,1,3,0.0003232011772500526,2.0,False,45000.0,1.8699910952804988e-05,1.2243705436739132e-17,2.0386783544770843e-24,0,0.0,True,missing_incoming,0.013278004547692093
100000005041147100,peripheral,0.3,0,0.0,"Глубина 4, выход 0, вход 10 000 KZT; обход обрезан, данных для гипотезы о конечном получателе недостаточно",4,False,1,0,10000.0,0.0,1,0,0.0005337622626216141,0.0,True,10000.0,0.0,0.0,2.7818170943428587e-121,0,0.0,False,truncated,-0.27428715883035965
100000005041905100,peripheral,0.4,1,0.016069013707349086,"Вход 5 000, выход 1 080 351 KZT; возможны пропущенные входящие или начальный остаток; для проверки запросить выписку",3,False,1,1,5000.0,1080351.0,1,5,0.00028634968311320514,216.0702,False,1085351.0,0.0,3.844306602825811e-34,7.593953533594745e-43,0,0.0,True,missing_incoming,0.019514366974507084
100000005042822100,peripheral,0.3,31,0.0,"Глубина 4, выход 0, вход 1 000 000 KZT; обход обрезан, данных для гипотезы о конечном получателе недостаточно",4,False,1,0,1000000.0,0.0,1,0,0.00045261173566138284,0.0,True,1000000.0,0.0,0.0,3.4046022785079054e-31,0,0.0,False,truncated,-0.2710064046129908
100000005048668100,peripheral,0.4,4,0.043008661951635524,"Вход 16 668, выход 159 400 KZT; возможны пропущенные входящие или начальный остаток; для проверки запросить выписку",3,False,2,8,16668.0,159400.0,2,11,0.00028854810674879374,9.563234941204703,False,176068.0,0.0030988423864648264,5.251201235282275e-16,2.716000157705854e-15,0,0.0,True,missing_incoming,0.052230138556848195
100000005049404100,peripheral,0.3,5,0.0,"Глубина 4, выход 0, вход 98 000 KZT; обход обрезан, данных для гипотезы о конечном получателе недостаточно",4,False,1,0,98000.0,0.0,2,0,0.0003126369164275119,0.0,True,98000.0,0.0,0.0,9.522448244391628e-47,0,0.0,False,truncated,-0.2871071017507522
100000005052998100,peripheral,0.4,0,0.012728972064687113,"Вход 9 500, выход 28 400 KZT; возможны пропущенные входящие или начальный остаток; для проверки запросить выписку",3,False,1,1,9500.0,28400.0,1,1,0.0002861043339042946,2.9894736842105263,False,37900.0,0.0004888691006233304,2.9244690112713123e-16,2.513583558224774e-15,0,0.0,True,missing_incoming,0.015458187826733253
100000005053653100,peripheral,0.4,12,0.019322455363263623,"Вход/выход: 2/1 связей, 63 073/25 000 KZT; признаков специальной роли недостаточно",2,False,2,1,63073.0,25000.0,2,1,0.0003136008584320485,0.3963661154535221,False,88073.0,1.8699910952804988e-05,2.719706033570032e-106,1.8840640256024856e-16,0,0.0,False,other,0.023465378253726292
100000005055454100,peripheral,0.4,29,0.019746899905021077,"Вход/выход: 1/0 связей, 6 500/0 KZT; признаков специальной роли недостаточно",3,False,1,0,6500.0,0.0,1,0,0.000505981015832426,0.0,False,6500.0,0.0,0.0,5.129729809676386e-71,0,0.0,False,other,0.023980827845034646
100000005056870100,peripheral,0.4,46,0.09194859195028654,"Вход/выход: 1/0 связей, 20 000/0 KZT; признаков специальной роли недостаточно",1,False,1,0,20000.0,0.0,1,0,0.00030318655842831487,0.0,False,20000.0,0.0,0.0,5.5618935602497587e-70,1,1.0,False,other,0.11166326688031118
100000005059998100,peripheral,0.4,0,0.009223431748222061,"Вход/выход: 1/0 связей, 18 000/0 KZT; признаков специальной роли недостаточно",2,False,1,0,18000.0,0.0,1,0,0.0002959172747769893,0.0,False,18000.0,0.0,0.0,1.923893849404224e-17,0,0.0,False,other,0.011201025475310126
100000005061890100,terminal,0.7,2,0.0326489352656978,"Вход 90 000 KZT от 1 плательщика, выход 0; глубина 3; признаки конечного получателя",3,False,1,0,90000.0,0.0,1,0,0.0005346252088600028,0.0,False,90000.0,0.0,0.0,2.9974812657417377e-80,0,0.0,False,terminal,0.026432790284254458
100000005074393100,coordinator,0.6022985862056102,12,0.2605268333506372,Вход/выход: 4/6 связей; seed-плательщиков 1; в топ-5% по посреднической роли в сети; признаки координации; возможен неполный вход или начальный остаток,1,False,4,6,563026.0,685500.0,5,10,0.0010600834163353942,1.2175281425724567,False,1248526.0,0.0002087880123559675,1.2761243448826423e-19,9.655964376529065e-14,1,0.25,True,coordinator,0.1265545309824569
100000005075949100,peripheral,0.3,47,0.0,"Глубина 4, выход 0, вход 2 226 000 KZT; обход обрезан, данных для гипотезы о конечном получателе недостаточно",4,False,1,0,2226000.0,0.0,7,0,0.0007679113857379712,0.0,True,2226000.0,0.0,0.0,2.4684417464111217e-20,0,0.0,False,truncated,-0.2414577352309605
100000005077484100,peripheral,0.4,29,0.02253469263741147,"Вход/выход: 1/2 связей, 150 000/13 550 KZT; признаков специальной роли недостаточно",2,False,1,2,150000.0,13550.0,1,2,0.0005397108639201059,0.09033333333333333,False,163550.0,8.922564630596902e-07,7.138896134822345e-71,2.556116738269417e-63,0,0.0,False,other,0.0273663505298432
100000005079473100,peripheral,0.3,4,0.0,"Глубина 4, выход 0, вход 39 312 KZT; обход обрезан, данных для гипотезы о конечном получателе недостаточно",4,False,1,0,39312.0,0.0,1,0,0.00032600590088597723,0.0,True,39312.0,0.0,0.0,6.17167452185964e-21,0,0.0,False,truncated,-0.28677701229350283
100000005079754100,peripheral,0.4,2,0.09368129606442989,"Вход 70 000, выход 122 000 KZT; возможны пропущенные входящие или начальный остаток; для проверки запросить выписку",1,False,1,2,70000.0,122000.0,1,2,0.0002995858445806412,1.7428571428571429,False,192000.0,9.279467215820777e-05,4.613412037875344e-79,3.438827220948116e-14,1,1.0,True,missing_incoming,0.11376747965636771
100000005082652100,peripheral,0.4,6,0.014963096238209697,"Вход/выход: 1/0 связей, 30 000/0 KZT; признаков специальной роли недостаточно",3,False,1,0,30000.0,0.0,1,0,0.00040800365167801905,0.0,False,30000.0,0.0,0.0,2.647994542885437e-20,0,0.0,False,other,0.018171330013474804
100000005087431100,peripheral,0.2,78,0.0,0 входящих и 0 исходящих рёбер; недостаточно данных для гипотезы о роли; seed: входящие суммы занижены методом сбора,0,True,0,0,0.0,0.0,0,0,0.0002855692942172909,,False,0.0,0.0,0.0,0.0,0,0.0,True,no_edges,0.0
100000005087923100,peripheral,0.3,26,0.0,"Глубина 4, выход 0, вход 20 000 KZT; обход обрезан, данных для гипотезы о конечном получателе недостаточно",4,False,1,0,20000.0,0.0,1,0,0.0004605791647030636,0.0,True,20000.0,0.0,0.0,1.1667786566070636e-93,0,0.0,False,truncated,-0.2786894772529992
100000005089460100,peripheral,0.4,1,0.00875890233468893,"Вход/выход: 1/0 связей, 12 300/0 KZT; признаков специальной роли недостаточно",3,False,1,0,12300.0,0.0,1,0,0.00028748905090124,0.0,False,12300.0,0.0,0.0,1.8681125692643076e-42,0,0.0,False,other,0.010636896424751645
100000005092518100,peripheral,0.4,1,0.09137854913455469,"Вход/выход: 1/0 связей, 26 144/0 KZT; признаков специальной роли недостаточно",1,False,1,0,26144.0,0.0,1,0,0.0002910566135800478,0.0,False,26144.0,0.0,0.0,2.2900354973931632e-39,1,1.0,False,other,0.110971001325003
100000005093521100,peripheral,0.4,2,0.09118006635157459,"Вход/выход: 1/0 связей, 15 200/0 KZT; признаков специальной роли недостаточно",1,False,1,0,15200.0,0.0,1,0,0.00028861288801047553,0.0,False,15200.0,0.0,0.0,7.467167679773053e-15,1,1.0,False,other,0.11072996189746033
100000005100475100,peripheral,0.4,6,0.011485871303667043,"Вход/выход: 1/0 связей, 40 000/0 KZT; признаков специальной роли недостаточно",3,False,1,0,40000.0,0.0,1,0,0.0003377497462501435,0.0,False,40000.0,0.0,0.0,1.5135261491062557e-75,0,0.0,False,other,0.013948554138030863
100000005105153100,peripheral,0.4,0,0.014610461268670195,"Вход/выход: 1/0 связей, 30 000/0 KZT; признаков специальной роли недостаточно",2,False,1,0,30000.0,0.0,1,0,0.0004010169668275689,0.0,False,30000.0,0.0,0.0,8.600998793622317e-60,0,0.0,False,other,0.017743086667058917
100000005124479100,peripheral,0.4,0,0.060681635170204376,"Вход/выход: 2/2 связей, 137 753/22 000 KZT; признаков специальной роли недостаточно",1,False,2,2,137753.0,22000.0,2,2,0.0003032300539809193,0.15970614070110994,False,159753.0,4.6304541406945686e-05,7.283356615120834e-108,1.1400933051248223e-13,1,0.5,False,other,0.07369236960591752
100000005127767100,peripheral,0.4,38,0.015538441384911157,"Вход/выход: 1/0 связей, 7 000/0 KZT; признаков специальной роли недостаточно",3,False,1,0,7000.0,0.0,1,0,0.00042253166627963235,0.0,False,7000.0,0.0,0.0,3.306706180051753e-115,0,0.0,False,other,0.018870034771228485
100000005133757100,terminal,0.7,4,0.08920841863709976,"Вход 65 000 KZT от 2 плательщиков, выход 0; глубина 1; признаки конечного получателя",1,False,2,0,65000.0,0.0,2,0,0.00029941072919293055,0.0,False,65000.0,0.0,0.0,1.710663803993696e-14,1,0.5,False,terminal,0.07222371578842471
100000005140601100,peripheral,0.4,4,0.14973462039982122,"Вход 52 685, выход 195 300 KZT; возможны пропущенные входящие или начальный остаток; для проверки запросить выписку",2,False,3,2,52685.0,195300.0,4,5,0.002705731454703331,3.706937458479643,False,247985.0,1.8699910952804988e-05,1.2496081294352116e-16,1.574844858785498e-15,0,0.0,True,missing_incoming,0.18183918344249556
100000005142492100,peripheral,0.4,6,0.09091500795273573,"Вход 10 000, выход 57 000 KZT; возможны пропущенные входящие или начальный остаток; для проверки запросить выписку",3,False,1,1,10000.0,57000.0,1,1,0.0019077900971988632,5.7,False,67000.0,0.0,5.712426320261913e-20,2.7818170943428587e-121,0,0.0,True,missing_incoming,0.11040807239267689
100000005142589100,terminal,0.7,0,0.01525889678875622,"Вход 50 000 KZT от 1 плательщика, выход 0; глубина 2; признаки конечного получателя",2,False,1,0,50000.0,0.0,2,0,0.0003103697710860754,0.0,False,50000.0,0.0,0.0,1.1416299575934355e-16,0,0.0,False,terminal,0.012353702058089352
100000005146665100,peripheral,0.3,58,0.0,"Глубина 4, выход 0, вход 5 500 KZT; обход обрезан, данных для гипотезы о конечном получателе недостаточно",4,False,1,0,5500.0,0.0,1,0,0.00028645375249411193,0.0,True,5500.0,0.0,0.0,2.5947660124771504e-29,0,0.0,False,truncated,-0.2894832610937703
100000005168487100,peripheral,0.4,9,0.08646154321440469,"Вход 15 000, выход 103 510 KZT; возможны пропущенные входящие или начальный остаток; для проверки запросить выписку",2,False,1,1,15000.0,103510.0,1,14,0.00181254731435578,6.900666666666667,False,118510.0,0.0,2.325962545930139e-16,1.0381323173024496e-113,0,0.0,True,missing_incoming,0.10499974137780739
100000005171642100,transit,0.8810562571756602,26,0.30377207698023345,"Вход 696 800, выход 683 600 KZT; передаёт 98.1%; 2/1 связей; признаки транзита",3,False,2,1,696800.0,683600.0,5,4,0.002767182224758279,0.9810562571756601,False,1380400.0,0.0,6.454290213659943e-19,3.5902274769761227e-42,0,0.0,False,transit,0.18445188655509656
100000005172860100,peripheral,0.4,0,0.008996250343363616,"Вход/выход: 1/0 связей, 15 209/0 KZT; признаков специальной роли недостаточно",3,False,1,0,15209.2,0.0,1,0,0.00029179582395841264,0.0,False,15209.2,0.0,0.0,3.4541723852256795e-16,0,0.0,False,other,0.01092513416144783
100000005175148100,peripheral,0.4,14,0.03963371484765111,"Вход/выход: 2/1 связей, 79 000/15 000 KZT; признаков специальной роли недостаточно",2,False,2,1,79000.0,15000.0,4,1,0.0007181459635567831,0.189873417721519,False,94000.0,0.0,3.311766824172101e-18,5.815183206485839e-19,0,0.0,False,other,0.04813156987639576
100000005182219100,terminal,0.7,5,0.0314897145933904,"Вход 55 000 KZT от 2 плательщиков, выход 0; глубина 3; признаки конечного получателя",3,False,2,0,55000.0,0.0,2,0,0.000354129497884144,0.0,False,55000.0,0.0,0.0,1.8145025743061334e-13,0,0.0,False,terminal,0.02549427769035474
100000005183943100,terminal,0.7,44,0.1680215203529808,"Вход 680 900 KZT от 1 плательщика, выход 0; глубина 1; признаки конечного получателя",1,False,1,0,680900.0,0.0,9,0,0.0006108393603081351,0.0,False,680900.0,0.0,0.0,1.2934606515344523e-34,1,1.0,False,terminal,0.1360313154039699
100000005186109100,peripheral,0.4,14,0.024780654954799752,"Вход/выход: 1/0 связей, 5 000/0 KZT; признаков специальной роли недостаточно",3,False,1,0,5000.0,0.0,1,0,0.0006059178330672808,0.0,False,5000.0,0.0,0.0,3.16255988575774e-134,0,0.0,False,other,0.030093869073957988
100000005186131100,transit,0.9,0,0.01778222533872612,"Вход 10 000, выход 10 000 KZT; передаёт 100.0%; 1/1 связей; признаки транзита",3,False,1,1,10000.0,10000.0,1,1,0.00028613249388782113,1.0,False,20000.0,1.8699910952804988e-05,8.417082485105925e-124,2.645877429710289e-15,0,0.0,False,transit,0.010797453944686636
100000005187208100,peripheral,0.4,5,0.010007325779491271,"Вход/выход: 1/0 связей, 14 160/0 KZT; признаков специальной роли недостаточно",3,False,1,0,14160.0,0.0,1,0,0.0003119707842377321,0.0,False,14160.0,0.0,0.0,9.160380737800214e-17,0,0.0,False,other,0.012152994032553746
100000005189258100,peripheral,0.3,5,0.0,"Глубина 4, выход 0, вход 50 000 KZT; обход обрезан, данных для гипотезы о конечном получателе недостаточно",4,False,1,0,50000.0,0.0,1,0,0.00031597643294580327,0.0,True,50000.0,0.0,0.0,8.407574060098661e-17,0,0.0,False,truncated,-0.28730264201804606
100000005198498100,peripheral,0.4,1,0.009002172913211325,"Вход/выход: 1/0 связей, 28 800/0 KZT; признаков специальной роли недостаточно",3,False,1,0,28800.0,0.0,1,0,0.00029006433425775714,0.0,False,28800.0,0.0,0.0,4.3741172353505736e-42,0,0.0,False,other,0.010932326588036372
100000005198906100,peripheral,0.4,5,0.011075783742198066,"Вход/выход: 1/1 связей, 227 970/60 000 KZT; признаков специальной роли недостаточно",3,False,1,1,227970.0,60000.0,1,1,0.0002929576136309596,0.26319252533228055,False,287970.0,1.8737385724253492e-05,1.4581983418183533e-89,1.37877223499191e-12,0,0.0,False,other,0.013450539803614906
100000005203590100,terminal,0.7,6,0.0150846696583015,"Вход 90 000 KZT от 1 плательщика, выход 0; глубина 2; признаки конечного получателя",2,False,1,0,90000.0,0.0,1,0,0.0003026270634147168,0.0,False,90000.0,0.0,0.0,2.8772635639285234e-18,0,0.0,False,terminal,0.01221264664039628
100000005205745100,peripheral,0.4,6,0.009965966946803266,"Вход/выход: 1/0 связей, 6 000/0 KZT; признаков специальной роли недостаточно",2,False,1,0,6000.0,0.0,1,0,0.0003122614004459651,0.0,False,6000.0,0.0,0.0,1.4101120933586419e-23,0,0.0,False,other,0.012102767462746177
100000005209352100,peripheral,0.3,0,0.0,"Глубина 4, выход 0, вход 5 000 KZT; обход обрезан, данных для гипотезы о конечном получателе недостаточно",4,False,1,0,5000.0,0.0,1,0,0.00042028195414468963,0.0,True,5000.0,0.0,0.0,6.632368789536616e-128,0,0.0,False,truncated,-0.2812845359502135
100000005222360100,peripheral,0.4,13,0.040579363064775345,"Вход 5 000, выход 27 000 KZT; возможны пропущенные входящие или начальный остаток; для проверки запросить выписку",3,False,1,1,5000.0,27000.0,1,1,0.0006008605701429425,5.4,False,32000.0,0.002007577041884303,1.0662737290356982e-18,3.16255988575774e-134,0,0.0,True,missing_incoming,0.0492799742946029
100000005226217100,peripheral,0.3,7,0.0,"Глубина 4, выход 0, вход 17 500 KZT; обход обрезан, данных для гипотезы о конечном получателе недостаточно",4,False,1,0,17500.0,0.0,1,0,0.0003830224720707795,0.0,True,17500.0,0.0,0.0,2.08192623595262e-102,0,0.0,False,truncated,-0.28346409914230636
100000005228059100,peripheral,0.4,1,0.09137603494948375,"Вход/выход: 1/0 связей, 26 000/0 KZT; признаков специальной роли недостаточно",1,False,1,0,26000.0,0.0,1,0,0.00029102638966678907,0.0,False,26000.0,0.0,0.0,2.2774220827808387e-39,1,1.0,False,other,0.11096794807413089
100000005233755100,peripheral,0.4,15,0.00923611857337801,"Вход/выход: 1/1 связей, 25 000/5 000 KZT; признаков специальной роли недостаточно",3,False,1,1,25000.0,5000.0,1,1,0.00029160766980870415,0.2,False,30000.0,1.8699910952804988e-05,4.784557452868469e-137,6.335205059042702e-16,0,0.0,False,other,0.011216432479519811
100000005235389100,peripheral,0.2,79,0.0,0 входящих и 0 исходящих рёбер; недостаточно данных для гипотезы о роли; seed: входящие суммы занижены методом сбора,0,True,0,0,0.0,0.0,0,0,0.0002855692942172909,,False,0.0,0.0,0.0,0.0,0,0.0,True,no_edges,0.0
100000005237935150,peripheral,0.4,10,0.00944075342570218,"Вход/выход: 1/0 связей, 34 508/0 KZT; признаков специальной роли недостаточно",2,False,1,0,34508.0,0.0,1,0,0.0002979773495560411,0.0,False,34508.0,0.0,0.0,1.628560565127024e-20,0,0.0,False,other,0.011464943040077835
100000005241556100,terminal,0.7,16,0.03384566448693991,"Вход 100 000 KZT от 1 плательщика, выход 0; глубина 3; признаки конечного получателя",3,False,1,0,100000.0,0.0,1,0,0.0005490718879795894,0.0,False,100000.0,0.0,0.0,2.7818170943428595e-78,0,0.0,False,terminal,0.027401670043263517
100000005242320100,distributor,0.6,10,0.20780986280493222,"Отправляет 8 936 295 KZT на 21 получателя, 29 переводов; признаки распределения; возможен неполный вход или начальный остаток",2,False,2,21,365700.0,8936295.0,2,29,0.000500124131418561,24.43613617719442,False,9301995.0,6.42424653402977e-05,4.50719061947786e-16,6.081226110450017e-19,0,0.0,True,distributor,0.11216281077918458
100000005264874100,peripheral,0.4,37,0.016529722658352855,"Вход 30 000, выход 78 000 KZT; возможны пропущенные входящие или начальный остаток; для проверки запросить выписку",3,False,1,2,30000.0,78000.0,1,3,0.00042829267239375297,2.6,False,108000.0,8.904719501335708e-07,7.679091638755785e-83,1.209224907501066e-88,0,0.0,True,missing_incoming,0.020073856418107227
100000005264990100,peripheral,0.4,19,0.013997592498733292,"Вход/выход: 1/2 связей, 17 070/122 000 KZT; признаков специальной роли недостаточно; seed: входящие суммы занижены методом сбора",0,True,1,2,17070.0,122000.0,1,2,0.0003639962150845014,7.147041593438781,False,139070.0,6.41139804096171e-05,6.408494332995867e-20,3.028215126237066e-23,0,0.0,True,other,0.016998812855263376
100000005265073100,peripheral,0.4,19,0.009526840101590934,"Вход 5 000, выход 9 000 KZT; возможны пропущенные входящие или начальный остаток; для проверки запросить выписку",3,False,1,1,5000.0,9000.0,1,1,0.0002991258827616204,1.8,False,14000.0,2.1371326803205702e-05,8.162665475510408e-126,3.4339192102501456e-19,0,0.0,True,missing_incoming,0.011569487538919123
100000005268319100,peripheral,0.4,5,0.01002714854200705,"Вход 19 713, выход 91 000 KZT; возможны пропущенные входящие или начальный остаток; для проверки запросить выписку",3,False,1,5,19712.8,91000.0,2,10,0.0002936395632308343,4.6162899232985675,False,110712.8,3.5690258522387605e-05,2.897846036167921e-18,4.476988230510268e-16,0,0.0,True,missing_incoming,0.01217706698869321
100000005272139100,peripheral,0.3,3,0.0,"Глубина 4, выход 0, вход 165 000 KZT; обход обрезан, данных для гипотезы о конечном получателе недостаточно",4,False,1,0,165000.0,0.0,1,0,0.0007555290963517883,0.0,True,165000.0,0.0,0.0,6.253716259282014e-69,0,0.0,False,truncated,-0.25940171534183726
100000005287097100,peripheral,0.4,3,0.06859778155379803,"Вход 127 173, выход 697 300 KZT; возможны пропущенные входящие или начальный остаток; для проверки запросить выписку",1,False,2,9,127173.0,697300.0,5,42,0.00030270743388181913,5.483082100760382,False,824473.0,0.0004737310774710597,7.320432741695112e-19,2.9828639203873222e-15,1,0.5,True,missing_incoming,0.08330581498388205
100000005293969100,peripheral,0.3,0,0.0,"Глубина 4, выход 0, вход 5 467 KZT; обход обрезан, данных для гипотезы о конечном получателе недостаточно",4,False,1,0,5466.97,0.0,1,0,0.0005304901604905838,0.0,True,5466.97,0.0,0.0,1.4704026337716962e-132,0,0.0,False,truncated,-0.27452551703661116
100000005308954100,peripheral,0.4,3,0.013141245040530417,"Вход/выход: 1/1 связей, 69 020/30 000 KZT; признаков специальной роли недостаточно",3,False,1,1,69020.0,30000.0,1,1,0.00035945051532232814,0.43465662126919735,False,99020.0,1.9590382902938557e-05,8.288897912611635e-103,6.534406779330394e-18,0,0.0,False,other,0.015958856149680723
100000005314565100,terminal,0.7,0,0.02188898622745947,"Вход 218 500 KZT от 1 плательщика, выход 0; глубина 3; признаки конечного получателя",3,False,1,0,218500.0,0.0,3,0,0.0003750215171110066,0.0,False,218500.0,0.0,0.0,4.962369264470261e-15,0,0.0,False,terminal,0.017721465578488728
100000005316708100,peripheral,0.4,10,0.09391982876661309,"Вход 90 000, выход 257 500 KZT; возможны пропущенные входящие или начальный остаток; для проверки запросить выписку",1,False,1,2,90000.0,257500.0,1,4,0.0002976906193985509,2.861111111111111,False,347500.0,0.0,3.227110848911516e-18,4.4806677175579136e-17,1,1.0,True,missing_incoming,0.1140571560964155
100000005317181100,peripheral,0.4,0,0.011654861940015228,"Вход/выход: 1/1 связей, 141 250/14 500 KZT; признаков специальной роли недостаточно",3,False,1,1,141250.0,14500.0,1,1,0.000322417396545991,0.10265486725663717,False,155750.0,1.8737385724253492e-05,1.0601167134392484e-116,4.5479017369342984e-14,0,0.0,False,other,0.014153778015053617
100000005326681100,peripheral,0.4,14,0.009293406874199465,"Вход/выход: 1/0 связей, 31 228/0 KZT; признаков специальной роли недостаточно",2,False,1,0,31228.0,0.0,1,0,0.0002955041990377069,0.0,False,31228.0,0.0,0.0,4.794315869292155e-18,0,0.0,False,other,0.011286003950795894
100000005328215100,peripheral,0.4,9,0.009412233707363014,"Вход/выход: 1/0 связей, 27 000/0 KZT; признаков специальной роли недостаточно",2,False,1,0,27000.0,0.0,1,0,0.00029843364932399574,0.0,False,27000.0,0.0,0.0,1.693288234773068e-17,0,0.0,False,other,0.01143030841596114
100000005339662100,peripheral,0.4,14,0.12796628305488433,"Вход 202 939, выход 295 160 KZT; возможны пропущенные входящие или начальный остаток; для проверки запросить выписку",1,False,4,4,202939.0,295160.0,9,15,0.0016567441326948073,1.4544271924075707,False,498099.0,5.6099732858414964e-05,3.3992886176442565e-19,7.296851040932919e-16,1,0.25,True,missing_incoming,0.1554035022544406
100000005342513100,peripheral,0.4,1,0.050577251640053826,"Вход/выход: 1/1 связей, 235 000/30 000 KZT; признаков специальной роли недостаточно",3,False,1,1,235000.0,30000.0,2,1,0.0010816512996714893,0.1276595744680851,False,265000.0,0.0,5.499214082765975e-38,4.060183453388239e-36,0,0.0,False,other,0.06142150769431534
100000005357034100,peripheral,0.4,0,0.008672253369019688,"Вход/выход: 1/0 связей, 9 754/0 KZT; признаков специальной роли недостаточно",3,False,1,0,9754.0,0.0,1,0,0.0002861186391759261,0.0,False,9754.0,0.0,0.0,2.5807888449394156e-15,0,0.0,False,other,0.010531669075716666
100000005357705100,peripheral,0.4,4,0.012727727938354033,"Вход 52 595, выход 387 080 KZT; возможны пропущенные входящие или начальный остаток; для проверки запросить выписку",3,False,1,4,52595.0,387080.0,1,5,0.0002962702202200618,7.35963494628767,False,439675.0,7.479964381121995e-05,3.0588831654594593e-65,3.3130538396321303e-15,0,0.0,True,missing_incoming,0.01545667694757984
100000005360814100,peripheral,0.3,4,0.0,"Глубина 4, выход 0, вход 144 000 KZT; обход обрезан, данных для гипотезы о конечном получателе недостаточно",4,False,1,0,144000.0,0.0,3,0,0.0004336887325641272,0.0,True,144000.0,0.0,0.0,2.2606866380438242e-20,0,0.0,False,truncated,-0.27930376908487
100000005362848100,peripheral,0.4,8,0.00932201934703101,"Вход/выход: 1/0 связей, 29 000/0 KZT; признаков специальной роли недостаточно",3,False,1,0,29000.0,0.0,1,0,0.00029637417941000597,0.0,False,29000.0,0.0,0.0,7.743544922593147e-20,0,0.0,False,other,0.01132075121687281
100000005363908100,transit,0.9,49,0.18772453239696787,"Вход 19 500, выход 19 500 KZT; передаёт 100.0%; 1/1 связей; признаки транзита",1,False,1,1,19500.0,19500.0,1,1,0.00033851712062440693,1.0,False,39000.0,0.0,2.6199756196148773e-67,6.09186737645962e-67,1,1.0,False,transit,0.11398725155224587
100000005367180100,peripheral,0.3,4,0.0,"Глубина 4, выход 0, вход 7 700 KZT; обход обрезан, данных для гипотезы о конечном получателе недостаточно",4,False,1,0,7700.0,0.0,1,0,0.0007828047220453434,0.0,True,7700.0,0.0,0.0,3.659567431918421e-126,0,0.0,False,truncated,-0.25904147522806953
100000005367284100,peripheral,0.4,0,0.009479256503949006,"Вход 13 700, выход 48 300 KZT; возможны пропущенные входящие или начальный остаток; для проверки запросить выписку",3,False,1,2,13700.0,48300.0,1,5,0.00028914323405377366,3.5255474452554743,False,62000.0,3.7399821905609976e-05,4.723159458075484e-100,4.41106221564601e-15,0,0.0,True,missing_incoming,0.011511701553838582
100000005367445100,transit,0.9,7,0.17450670189041068,"Вход 5 000, выход 5 000 KZT; передаёт 100.0%; 1/1 связей; признаки транзита",3,False,1,1,5000.0,5000.0,1,1,0.0018429964605732618,1.0,False,10000.0,0.0,3.686712934326567e-21,3.16255988575774e-134,0,0.0,False,transit,0.10596132040894785
100000005370558100,peripheral,0.3,5,0.0,"Глубина 4, выход 0, вход 5 000 KZT; обход обрезан, данных для гипотезы о конечном получателе недостаточно",4,False,1,0,5000.0,0.0,1,0,0.00029929939547880074,0.0,True,5000.0,0.0,0.0,3.7912630899146925e-21,0,0.0,False,truncated,-0.2887000666189109
100000005370580100,peripheral,0.4,12,0.01179134830412245,"Вход/выход: 1/0 связей, 24 075/0 KZT; признаков специальной роли недостаточно; seed: входящие суммы занижены методом сбора",0,True,1,0,24075.0,0.0,1,0,0.0003459684664848734,0.0,False,24075.0,0.0,0.0,3.2720787589357204e-24,0,0.0,True,other,0.014319528386838191
100000005375968100,peripheral,0.4,0,0.0111155155855433,"Вход/выход: 1/2 связей, 170 082/86 000 KZT; признаков специальной роли недостаточно",3,False,1,2,170082.0,86000.0,1,4,0.0002951483068536033,0.5056384567443939,False,256082.0,3.7474771448506984e-05,4.680993798673251e-89,4.500161249999853e-14,0,0.0,False,other,0.013498790541695858
100000005382566100,consolidator,0.8500000000000001,19,0.5657003178662785,Вход 393 066 KZT от 7 плательщиков; из них seed-плательщиков 6; передаёт 12.7%; признаки консолидации; seed: входящие суммы занижены методом сбора,0,True,7,1,393066.0,50000.0,11,1,0.002113262052157115,0.12720510041570626,False,443066.0,4.6304541406945686e-05,4.784557452868471e-93,3.9946927825201854e-18,6,0.8571428571428571,True,consolidator,0.27479679341835656
100000005386383100,peripheral,0.4,19,0.030000553628529113,"Вход/выход: 2/1 связей, 37 500/29 000 KZT; признаков специальной роли недостаточно; seed: входящие суммы занижены методом сбора",0,True,2,1,37500.0,29000.0,2,1,0.0005243332756978218,0.7733333333333333,False,66500.0,4.2742653606411403e-05,3.5052128442366317e-20,5.401541164529256e-99,0,0.0,True,other,0.036432964935349345
100000005392290100,peripheral,0.4,69,0.0005593424759919424,"Вход/выход: 0/1 связей, 0/81 465 KZT; признаков специальной роли недостаточно; seed: входящие суммы занижены методом сбора",0,True,0,1,0.0,81465.0,0,1,0.0002855692942172909,,False,81465.0,0.0,1.018329451831852e-83,0.0,0,0.0,True,other,0.0006792709583628123
100000005394708100,peripheral,0.4,19,0.09455545225270523,"Вход 26 000, выход 65 000 KZT; возможны пропущенные входящие или начальный остаток; для проверки запросить выписку",1,False,1,1,26000.0,65000.0,1,1,0.00034517722457498757,2.5,False,91000.0,0.0,1.1687573885253997e-80,5.068112288670031e-82,1,1.0,True,missing_incoming,0.1148290634574469
100000005395727100,peripheral,0.4,14,0.01301660753876465,"Вход/выход: 1/0 связей, 17 000/0 KZT; признаков специальной роли недостаточно; seed: входящие суммы занижены методом сбора",0,True,1,0,17000.0,0.0,1,0,0.0003712067299561801,0.0,False,17000.0,0.0,0.0,2.898106318504544e-99,0,0.0,True,other,0.015807495151890883
100000005402643100,peripheral,0.4,6,0.010679958277045778,"Вход/выход: 1/1 связей, 127 800/90 000 KZT; признаков специальной роли недостаточно",2,False,1,1,127800.0,90000.0,1,1,0.0002975952292869964,0.704225352112676,False,217800.0,0.0,8.162665475510406e-82,3.160648213895059e-18,0,0.0,False,other,0.012969845498070563
100000005409156100,terminal,0.7,5,0.03888642545437179,"Вход 260 080 KZT от 2 плательщиков, выход 0; глубина 3; признаки конечного получателя",3,False,2,0,260080.0,0.0,2,0,0.00042393100512820185,0.0,False,260080.0,0.0,0.0,1.144506503245197e-12,0,0.0,False,terminal,0.03148270289903236
100000005409680100,terminal,0.7,17,0.05264327698699111,"Вход 55 060 KZT от 2 плательщиков, выход 0; глубина 0; признаки конечного получателя; seed: входящие суммы занижены методом сбора",0,True,2,0,55060.0,0.0,2,0,0.000633528818793162,0.0,False,55060.0,0.0,0.0,1.0156170475502354e-18,0,0.0,True,terminal,0.04262033935100561
100000005413948100,peripheral,0.4,7,0.09661597561120423,"Вход/выход: 2/1 связей, 28 215/5 000 KZT; признаков специальной роли недостаточно",2,False,2,1,28215.0,5000.0,2,1,0.0018520392070328206,0.177210703526493,False,33215.0,2.1414155113432564e-05,4.784557452868469e-137,2.4368921371014698e-18,0,0.0,False,other,0.11733138312121716
100000005417257100,peripheral,0.4,19,0.0007278009262277777,"Вход/выход: 0/2 связей, 0/106 000 KZT; признаков специальной роли недостаточно; seed: входящие суммы занижены методом сбора",0,True,0,2,0.0,106000.0,0,2,0.0002855692942172909,,False,106000.0,0.0,4.173435600696809e-83,0.0,0,0.0,True,other,0.0008838485433800788
100000005432267100,terminal,0.7,2,0.09539328761900921,"Вход 350 001 KZT от 2 плательщиков, выход 0; глубина 1; признаки конечного получателя",1,False,2,0,350001.0,0.0,2,0,0.0003423334858506325,0.0,False,350001.0,0.0,0.0,1.2533839567788394e-13,1,0.5,False,terminal,0.07723102593204721
100000005454368100,peripheral,0.4,12,0.022971300856920535,"Вход/выход: 2/0 связей, 48 600/0 KZT; признаков специальной роли недостаточно; seed: входящие суммы занижены методом сбора",0,True,2,0,48600.0,0.0,2,0,0.000394192963208194,0.0,False,48600.0,0.0,0.0,5.798141837556811e-20,0,0.0,True,other,0.027896571810050924
100000005456919100,peripheral,0.4,43,0.11639230536946485,"Вход/выход: 2/1 связей, 479 950/5 000 KZT; признаков специальной роли недостаточно",1,False,2,1,479950.0,5000.0,10,1,0.0013700274780428614,0.010417751849150954,False,484950.0,0.0,3.883959966862474e-51,2.699070574101051e-47,1,0.5,False,other,0.14134795086706847
100000005473151100,coordinator,0.6028449895580151,8,0.185304843125957,Вход/выход: 3/4 связей; seed-плательщиков 1; в топ-5% по посреднической роли в сети; признаки координации,1,False,3,4,1220000.0,225000.0,4,6,0.0004682674337196517,0.18442622950819673,False,1445000.0,0.00022752539808022098,2.8676237972402063e-71,1.3729736730819443e-16,1,0.3333333333333333,False,coordinator,0.0900144035413843
100000005474472100,terminal,0.7,22,0.0335339054187494,"Вход 100 000 KZT от 1 плательщика, выход 0; глубина 2; признаки конечного получателя",2,False,1,0,100000.0,0.0,1,0,0.0005449540086863332,0.0,False,100000.0,0.0,0.0,2.7818170943428595e-78,0,0.0,False,terminal,0.02714926787450574
100000005475379100,peripheral,0.4,9,0.01725231460452767,"Вход/выход: 1/3 связей, 108 370/81 000 KZT; признаков специальной роли недостаточно",3,False,1,3,108370.0,81000.0,1,3,0.0004216387717503735,0.7474393282273692,False,189370.0,6.41139804096171e-05,3.6237678284010314e-92,6.7441293088152235e-15,0,0.0,False,other,0.020951379125305463
100000005480435100,peripheral,0.2,80,0.0,0 входящих и 0 исходящих рёбер; недостаточно данных для гипотезы о роли; seed: входящие суммы занижены методом сбора,0,True,0,0,0.0,0.0,0,0,0.0002855692942172909,,False,0.0,0.0,0.0,0.0,0,0.0,True,no_edges,0.0
100000005481280100,peripheral,0.4,14,0.010092768166316393,"Вход 32 700, выход 50 000 KZT; возможны пропущенные входящие или начальный остаток; для проверки запросить выписку",2,False,1,3,32700.0,50000.0,1,3,0.0002959725024799912,1.529051987767584,False,82700.0,5.342831700801425e-05,5.5896515146920845e-101,5.02030642134794e-18,0,0.0,True,missing_incoming,0.012256756100472123
100000005485830100,peripheral,0.4,46,0.0018942392314372678,"Вход/выход: 0/5 связей, 0/275 885 KZT; признаков специальной роли недостаточно; seed: входящие суммы занижены методом сбора",0,True,0,5,0.0,275885.0,0,9,0.0002855692942172909,,False,275885.0,0.0,2.257307095721023e-70,0.0,0,0.0,True,other,0.0023003825980227642
100000005493505100,terminal,0.7,2,0.10553398505026067,"Вход 62 020 KZT от 3 плательщиков, выход 0; глубина 0; признаки конечного получателя; seed: входящие суммы занижены методом сбора",0,True,3,0,62020.0,0.0,3,0,0.0006174200765778782,0.0,False,62020.0,0.0,0.0,3.536645750200726e-24,1,0.3333333333333333,True,terminal,0.08544100051023715
100000005495211100,peripheral,0.3,0,0.0,"Глубина 4, выход 0, вход 14 500 KZT; обход обрезан, данных для гипотезы о конечном получателе недостаточно",4,False,1,0,14500.0,0.0,1,0,0.0005599644833584307,0.0,True,14500.0,0.0,0.0,2.416310091278952e-114,0,0.0,False,truncated,-0.27264359247046355
100000005495722100,peripheral,0.2,81,0.0,0 входящих и 0 исходящих рёбер; недостаточно данных для гипотезы о роли; seed: входящие суммы занижены методом сбора,0,True,0,0,0.0,0.0,0,0,0.0002855692942172909,,False,0.0,0.0,0.0,0.0,0,0.0,True,no_edges,0.0
100000005496254100,peripheral,0.4,0,0.09112956883718161,"Вход/выход: 1/0 связей, 12 700/0 KZT; признаков специальной роли недостаточно",1,False,1,0,12700.0,0.0,1,0,0.0002879524799916799,0.0,False,12700.0,0.0,0.0,4.436796158209143e-15,1,1.0,False,other,0.11066863722345656
100000005497148100,peripheral,0.3,5,0.0,"Глубина 4, выход 0, вход 24 000 KZT; обход обрезан, данных для гипотезы о конечном получателе недостаточно",4,False,1,0,24000.0,0.0,2,0,0.0004900139425044355,0.0,True,24000.0,0.0,0.0,1.8206505517346393e-104,0,0.0,False,truncated,-0.27685194295013116
100000005498992100,distributor,0.55,6,0.03495815291740751,"Отправляет 2 262 868 KZT на 16 получателей, 19 переводов; признаки распределения; seed: входящие суммы занижены методом сбора",0,True,0,16,0.0,2262868.0,0,19,0.0002855692942172909,,False,2262868.0,0.0,2.3184003897329847e-15,0.0,0,0.0,True,distributor,0.01886823194020181
100000005505655100,peripheral,0.4,24,0.06257916528963706,"Вход/выход: 2/1 связей, 33 070/20 000 KZT; признаков специальной роли недостаточно",1,False,2,1,33070.0,20000.0,2,1,0.00032150802112552193,0.6047777441790142,False,53070.0,0.0002623234001395489,9.02404690388503e-25,3.5181729620561426e-16,1,0.5,False,other,0.07599674869041943
100000005507142100,peripheral,0.4,37,0.04061690247832826,"Вход 51 000, выход 100 000 KZT; возможны пропущенные входящие или начальный остаток; для проверки запросить выписку",2,False,3,3,51000.0,100000.0,3,4,0.000558950097758131,1.9607843137254901,False,151000.0,6.233303650934996e-06,4.1466536093272995e-90,9.552136167400876e-81,0,0.0,True,missing_incoming,0.04932556252456031
100000005514161100,consolidator,0.7,10,0.21152203781438345,Вход 401 500 KZT от 4 плательщиков; передаёт 12.5%; признаки консолидации,1,False,4,1,401500.0,50000.0,7,1,0.0008061423847001054,0.12453300124533001,False,451500.0,4.2742653606411403e-05,4.784557452868471e-93,4.6681252515806915e-17,1,0.25,False,consolidator,0.1027497703164607
100000005519347100,peripheral,0.4,3,0.07320169576490045,"Вход/выход: 2/1 связей, 73 100/99 000 KZT; признаков специальной роли недостаточно; seed: входящие суммы занижены методом сбора",0,True,2,1,73100.0,99000.0,2,1,0.0005567200012967696,1.3543091655266757,False,172100.0,8.904719501335708e-07,2.4380899847519764e-23,2.5719217389909554e-70,1,0.5,True,other,0.08889685330588634
100000005519998100,transit,0.867032967032967,34,0.09413187158008157,"Вход 182 000, выход 188 000 KZT; передаёт 103.3%; 3/3 связей; признаки транзита",2,False,3,3,182000.0,188000.0,5,8,0.0006524582538824906,1.032967032967033,False,370000.0,3.4798002059327916e-05,1.958904821721463e-16,6.485620895601639e-22,0,0.0,False,transit,0.05715733147862017
100000005523088100,terminal,0.7,19,0.25223956492455935,"Вход 700 000 KZT от 1 плательщика, выход 0; глубина 0; признаки конечного получателя; seed: входящие суммы занижены методом сбора",0,True,1,0,700000.0,0.0,2,0,0.0017206377268585411,0.0,False,700000.0,0.0,0.0,3.8234772928390784e-20,1,1.0,True,terminal,0.20421479190004335
100000005527892100,coordinator,0.6048224493095755,16,0.15543641813248277,Вход/выход: 3/8 связей; seed-плательщиков 1; в топ-5% по посреднической роли в сети; признаки координации; возможен неполный вход или начальный остаток,1,False,3,8,220001.0,552419.0,3,8,0.00031243167214621076,2.510984040981632,False,772420.0,0.0002953368892727574,1.0639138495917435e-19,1.89240756179825e-13,1,0.3333333333333333,True,coordinator,0.07550540088849278
100000005530114100,peripheral,0.4,15,0.02897208313000734,"Вход/выход: 2/1 связей, 136 970/25 000 KZT; признаков специальной роли недостаточно",3,False,2,1,136970.0,25000.0,2,1,0.0004948738015345289,0.1825217200846901,False,161970.0,1.7809439002671416e-05,6.40526911180707e-15,2.7553713515392694e-15,0,0.0,False,other,0.03518398033081016
100000005532138100,peripheral,0.4,6,0.009164626692351272,"Вход/выход: 1/0 связей, 25 046/0 KZT; признаков специальной роли недостаточно",3,False,1,0,25046.0,0.0,1,0,0.00029379367547638114,0.0,False,25046.0,0.0,0.0,1.8272512002836777e-17,0,0.0,False,other,0.011129612041908538
100000005539201100,peripheral,0.4,3,0.09197688044962592,"Вход/выход: 1/1 связей, 45 504/25 000 KZT; признаков специальной роли недостаточно",1,False,1,1,45504.0,25000.0,1,1,0.0002904617957249677,0.5494022503516175,False,70504.0,4.096170970614426e-05,2.719706033570032e-106,1.2248342188707865e-15,1,1.0,False,other,0.11169762070981934
100000005539910100,peripheral,0.4,2,0.02056758147044715,"Вход/выход: 1/2 связей, 102 000/22 000 KZT; признаков специальной роли недостаточно",2,False,1,2,102000.0,22000.0,1,2,0.000498726301748055,0.21568627450980393,False,124000.0,4.8085485307212824e-05,2.8037401614276333e-115,1.4394773282438687e-77,0,0.0,False,other,0.024977471542563696
100000005543136100,peripheral,0.4,2,6.866046473846957e-05,"Вход/выход: 0/1 связей, 0/10 000 KZT; признаков специальной роли недостаточно; seed: входящие суммы занижены методом сбора",0,True,0,1,0.0,10000.0,0,1,0.0002855692942172909,,False,10000.0,0.0,1.0701005130990074e-26,0.0,0,0.0,True,other,8.33819380547244e-05
100000005546031100,peripheral,0.4,49,0.07525115293873286,"Вход/выход: 3/1 связей, 66 800/8 000 KZT; признаков специальной роли недостаточно",1,False,3,1,66800.0,8000.0,6,1,0.0007125289535173747,0.11976047904191617,False,74800.0,8.904719501335708e-07,4.5826956009609893e-128,4.440477021247466e-65,1,0.3333333333333333,False,other,0.091385734087064
100000005547096100,peripheral,0.4,49,0.040797165785534203,"Вход 8 000, выход 226 300 KZT; возможны пропущенные входящие или начальный остаток; для проверки запросить выписку",2,False,1,2,8000.0,226300.0,1,3,0.0008920567423173903,28.2875,False,234300.0,0.0,3.674780981328692e-65,1.893206610408231e-125,0,0.0,True,missing_incoming,0.04954447604302014
100000005550592100,peripheral,0.2,82,0.0,0 входящих и 0 исходящих рёбер; недостаточно данных для гипотезы о роли; seed: входящие суммы занижены методом сбора,0,True,0,0,0.0,0.0,0,0,0.0002855692942172909,,False,0.0,0.0,0.0,0.0,0,0.0,True,no_edges,0.0
100000005553088100,peripheral,0.3,4,0.0,"Глубина 4, выход 0, вход 17 500 KZT; обход обрезан, данных для гипотезы о конечном получателе недостаточно",4,False,1,0,17500.0,0.0,1,0,0.0002942853726110019,0.0,True,17500.0,0.0,0.0,7.399532124673994e-24,0,0.0,False,truncated,-0.28890316977985575
100000005560900100,peripheral,0.2,83,0.0,0 входящих и 0 исходящих рёбер; недостаточно данных для гипотезы о роли; seed: входящие суммы занижены методом сбора,0,True,0,0,0.0,0.0,0,0,0.0002855692942172909,,False,0.0,0.0,0.0,0.0,0,0.0,True,no_edges,0.0
100000005561741100,peripheral,0.4,8,0.010983945152103328,"Вход/выход: 1/0 связей, 25 000/0 KZT; признаков специальной роли недостаточно",2,False,1,0,25000.0,0.0,1,0,0.00032984571931941946,0.0,False,25000.0,0.0,0.0,9.700510730867546e-71,0,0.0,False,other,0.013339010124060871
100000005567828100,peripheral,0.3,8,0.0,"Глубина 4, выход 0, вход 94 000 KZT; обход обрезан, данных для гипотезы о конечном получателе недостаточно",4,False,1,0,94000.0,0.0,1,0,0.0003207562214579207,0.0,True,94000.0,0.0,0.0,2.149956894327291e-19,0,0.0,False,truncated,-0.28664278811748145
100000005568407100,peripheral,0.2,84,0.0,0 входящих и 0 исходящих рёбер; недостаточно данных для гипотезы о роли; seed: входящие суммы занижены методом сбора,0,True,0,0,0.0,0.0,0,0,0.0002855692942172909,,False,0.0,0.0,0.0,0.0,0,0.0,True,no_edges,0.0
100000005572303100,peripheral,0.4,3,0.010923887486462166,"Вход/выход: 1/1 связей, 75 000/20 000 KZT; признаков специальной роли недостаточно",2,False,1,1,75000.0,20000.0,1,1,0.0003132762393993454,0.26666666666666666,False,95000.0,3.7399821905609976e-05,1.480748810291788e-110,1.4366703749119044e-20,0,0.0,False,other,0.013266075509136877
100000005578559100,distributor,0.6,8,0.07230277955412442,"Отправляет 893 164 KZT на 21 получателя, 23 переводов; признаки распределения; возможен неполный вход или начальный остаток",2,False,2,21,131000.0,893163.67,2,23,0.0003910151132301349,6.818043282442749,False,1024163.67,0.0003321460373998219,1.0203632904489271e-17,2.4215820983915667e-19,0,0.0,True,distributor,0.03902453364088298
100000005584222100,peripheral,0.4,0,0.09048806880816293,"Вход/выход: 2/2 связей, 192 717/108 587 KZT; признаков специальной роли недостаточно",1,False,2,2,192717.0,108587.0,6,3,0.0008759174247919279,0.5634531463233653,False,301304.0,3.7399821905609976e-05,7.556907596943067e-85,4.75999893269176e-14,1,0.5,False,other,0.10988959333137858
100000005588444100,peripheral,0.4,6,0.09104213592583386,"Вход/выход: 1/0 связей, 12 300/0 KZT; признаков специальной роли недостаточно",1,False,1,0,12300.0,0.0,1,0,0.00028627460375392564,0.0,False,12300.0,0.0,0.0,1.9035592117201498e-17,1,1.0,False,other,0.11056245784314343
100000005589319100,peripheral,0.3,2,0.0,"Глубина 4, выход 0, вход 26 000 KZT; обход обрезан, данных для гипотезы о конечном получателе недостаточно",4,False,1,0,26000.0,0.0,1,0,0.00030995557415139477,0.0,True,26000.0,0.0,0.0,3.074075845410717e-17,0,0.0,False,truncated,-0.2878718024682041
100000005602999100,peripheral,0.4,33,0.010018458629165878,"Вход 5 000, выход 16 000 KZT; возможны пропущенные входящие или начальный остаток; для проверки запросить выписку",2,False,1,2,5000.0,16000.0,1,3,0.0003048459777394544,3.2,False,21000.0,4.096170970614426e-05,2.4803468209364032e-17,9.140952808900039e-70,0,0.0,True,missing_incoming,0.01216651387378227
100000005608515100,terminal,0.7,50,0.014100127678663402,"Вход 64 000 KZT от 1 плательщика, выход 0; глубина 2; признаки конечного получателя",2,False,1,0,64000.0,0.0,4,0,0.0002931596353300166,0.0,False,64000.0,0.0,0.0,4.739061682146428e-17,0,0.0,False,terminal,0.011415555051894753
100000005610717100,peripheral,0.4,0,0.04258214525677771,"Вход/выход: 4/1 связей, 484 500/265 200 KZT; признаков специальной роли недостаточно",3,False,4,1,484500.0,265200.0,6,7,0.00034454483671221423,0.5473684210526316,False,749700.0,1.8699910952804988e-05,3.650870693664224e-61,1.309892334436477e-12,0,0.0,False,other,0.05171217252260413
100000005612411100,coordinator,0.6034808989833853,2,0.1538181303065174,Вход/выход: 3/8 связей; seed-плательщиков 1; в топ-5% по посреднической роли в сети; признаки координации; возможен неполный вход или начальный остаток,1,False,3,8,115500.0,506997.0,4,8,0.00032720608268876,4.389584415584416,False,622497.0,0.00024933214603739984,1.976290605298462e-63,5.191792273305901e-16,1,0.3333333333333333,True,coordinator,0.07471929508059687
100000005614315100,terminal,0.7,3,0.03947181412581263,"Вход 455 000 KZT от 1 плательщика, выход 0; глубина 2; признаки конечного получателя",2,False,1,0,455000.0,0.0,1,0,0.0005750924282981934,0.0,False,455000.0,0.0,0.0,5.480480386056726e-50,0,0.0,False,terminal,0.031956637373803144
100000005616568100,peripheral,0.3,5,0.0,"Глубина 4, выход 0, вход 530 000 KZT; обход обрезан, данных для гипотезы о конечном получателе недостаточно",4,False,1,0,530000.0,0.0,1,0,0.0004319554143337925,0.0,True,530000.0,0.0,0.0,5.149895479109758e-46,0,0.0,False,truncated,-0.27619146865202737
100000005619339100,transit,0.8114799999999999,3,0.02085747762119434,"Вход 5 000, выход 5 443 KZT; передаёт 108.9%; 1/1 связей; признаки транзита",2,False,1,1,5000.0,5442.6,1,1,0.0003208258534858518,1.0885200000000002,False,10442.6,0.0,8.919103898897416e-24,5.3203271863378515e-25,0,0.0,False,transit,0.01266476212775917
100000005620225100,peripheral,0.4,0,0.05920800466043468,"Вход/выход: 2/0 связей, 49 846/0 KZT; признаков специальной роли недостаточно",1,False,2,0,49845.66,0.0,2,0,0.000296236243145001,0.0,False,49845.66,0.0,0.0,1.5479186939439387e-14,1,0.5,False,other,0.07190277834187349
100000005621418100,peripheral,0.3,25,0.0,"Глубина 4, выход 0, вход 30 000 KZT; обход обрезан, данных для гипотезы о конечном получателе недостаточно",4,False,1,0,30000.0,0.0,1,0,0.00030782638639647333,0.0,True,30000.0,0.0,0.0,6.870095243371833e-24,0,0.0,False,truncated,-0.2879689565798438
100000005628518100,terminal,0.7,17,0.032391474045509835,"Вход 77 000 KZT от 1 плательщика, выход 0; глубина 3; признаки конечного получателя",3,False,1,0,77000.0,0.0,3,0,0.0005329929869212512,0.0,False,77000.0,0.0,0.0,3.659567431918417e-83,0,0.0,False,terminal,0.026224348006300396
100000005634552100,peripheral,0.4,0,0.09959945439003967,"Вход 25 850, выход 1 196 000 KZT; возможны пропущенные входящие или начальный остаток; для проверки запросить выписку",1,False,1,3,25850.0,1196000.0,1,4,0.00028834863590095484,46.2669245647969,False,1221850.0,1.8699910952804988e-05,3.437535918533768e-14,6.958061831445549e-16,1,1.0,True,missing_incoming,0.12095454884944241
100000005636951100,peripheral,0.3,26,0.0,"Глубина 4, выход 0, вход 40 000 KZT; обход обрезан, данных для гипотезы о конечном получателе недостаточно",4,False,1,0,40000.0,0.0,1,0,0.0006355890351888364,0.0,True,40000.0,0.0,0.0,2.333557313214127e-93,0,0.0,False,truncated,-0.26779562117266514
100000005660203100,peripheral,0.4,3,0.046438023809102336,"Вход/выход: 1/2 связей, 572 899/41 000 KZT; признаков специальной роли недостаточно",2,False,1,2,572899.0,41000.0,12,5,0.0009492504038791962,0.07156584319400104,False,613899.0,1.8699910952804988e-05,9.76922003028082e-17,1.1386048203450714e-45,0,0.0,False,other,0.05639478904466116
100000005661528100,peripheral,0.4,4,0.009027925327200682,"Вход/выход: 1/0 связей, 25 000/0 KZT; признаков специальной роли недостаточно",3,False,1,0,25000.0,0.0,1,0,0.0002910914967995321,0.0,False,25000.0,0.0,0.0,3.0156951567728392e-15,0,0.0,False,other,0.010963600570759896
100000005661829100,transit,0.8319396665784599,17,0.018880674148595494,"Вход 37 790, выход 40 362 KZT; передаёт 106.8%; 1/2 связей; признаки транзита",3,False,1,2,37790.0,40362.0,1,4,0.0002920319635832895,1.0680603334215402,False,78152.0,0.0,2.970744104709207e-19,1.642005962837901e-16,0,0.0,False,transit,0.01146443741887143
100000005664632100,terminal,0.7,66,0.020936278874488717,"Вход 198 620 KZT от 1 плательщика, выход 0; глубина 2; признаки конечного получателя",2,False,1,0,198620.0,0.0,18,0,0.00036514203992280307,0.0,False,198620.0,0.0,0.0,1.217755490449282e-49,0,0.0,False,terminal,0.01695014751073535
100000005664922100,peripheral,0.4,22,0.04735041175105159,"Вход 22 000, выход 537 000 KZT; возможны пропущенные входящие или начальный остаток; для проверки запросить выписку",2,False,2,3,22000.0,537000.0,2,4,0.0008059658576323338,24.40909090909091,False,559000.0,1.1576135351736421e-05,6.263076249157958e-05,1.668298894102757e-110,0,0.0,True,missing_incoming,0.05750280186029341
100000005665181100,distributor,0.55,5,0.1017439519641864,"Отправляет 181 915 KZT на 11 получателей, 11 переводов; признаки распределения; возможен неполный вход или начальный остаток",2,False,4,11,45498.0,181915.0,5,11,0.0003985397345805535,3.998307617917271,False,227413.0,0.0004612644701691897,2.4718437283575864e-14,9.518050378840162e-18,0,0.0,True,distributor,0.054915043386548214
100000005667841100,terminal,0.7,7,0.029666402582313983,"Вход 186 000 KZT от 2 плательщиков, выход 0; глубина 3; признаки конечного получателя",3,False,2,0,186000.0,0.0,2,0,0.00031222556371948533,0.0,False,186000.0,0.0,0.0,2.810699156154996e-17,0,0.0,False,terminal,0.02401811243046705
100000005668605100,terminal,0.7,19,0.12259116038524004,"Вход 94 500 KZT от 3 плательщиков, выход 0; глубина 0; признаки конечного получателя; seed: входящие суммы занижены методом сбора",0,True,3,0,94500.0,0.0,3,0,0.0008383018688148931,0.0,False,94500.0,0.0,0.0,5.728082500727326e-18,1,0.3333333333333333,True,terminal,0.0992506005722939
100000005669845100,peripheral,0.4,29,0.09267283532229238,"Вход/выход: 1/0 связей, 20 000/0 KZT; признаков специальной роли недостаточно",1,False,1,0,20000.0,0.0,1,0,0.0003175358448925586,0.0,False,20000.0,0.0,0.0,5.560576990139824e-69,1,1.0,False,other,0.11254279509514571
100000005674387100,peripheral,0.4,1,0.00896383936750477,"Вход/выход: 1/0 связей, 26 200/0 KZT; признаков специальной роли недостаточно",3,False,1,0,26200.0,0.0,1,0,0.00028965853203188175,0.0,False,26200.0,0.0,0.0,3.979231651603647e-42,0,0.0,False,other,0.010885773956246054
100000005685783100,peripheral,0.3,1,0.0,"Глубина 4, выход 0, вход 26 150 KZT; обход обрезан, данных для гипотезы о конечном получателе недостаточно",4,False,1,0,26150.0,0.0,1,0,0.0005320610913052177,0.0,True,26150.0,0.0,0.0,2.4866312046236674e-103,0,0.0,False,truncated,-0.27425676895669443
100000005704413100,distributor,0.65,8,0.15159070801719443,"Отправляет 1 363 593 KZT на 32 получателей, 35 переводов; признаки распределения; возможен неполный вход или начальный остаток",3,False,3,32,97834.67,1363593.0,4,35,0.0005996888032985918,13.9377278014021,False,1461427.67,0.0019928762243989315,8.738486869602228e-18,1.4614294193534162e-19,0,0.0,True,distributor,0.08181921526590627
100000005709551100,peripheral,0.4,12,0.009205057878574114,"Вход/выход: 1/0 связей, 24 560/0 KZT; признаков специальной роли недостаточно",3,False,1,0,24560.0,0.0,1,0,0.0002946608436289569,0.0,False,24560.0,0.0,0.0,9.700061616202642e-17,0,0.0,False,other,0.011178712068801062
100000005711521100,peripheral,0.3,12,0.0,"Глубина 4, выход 0, вход 238 000 KZT; обход обрезан, данных для гипотезы о конечном получателе недостаточно",4,False,1,0,238000.0,0.0,1,0,0.0005338432844113278,0.0,True,238000.0,0.0,0.0,4.336483766671188e-62,0,0.0,False,truncated,-0.27238108447591003
100000005723580100,peripheral,0.3,7,0.0,"Глубина 4, выход 0, вход 35 000 KZT; обход обрезан, данных для гипотезы о конечном получателе недостаточно",4,False,1,0,35000.0,0.0,1,0,0.00034433622437463404,0.0,True,35000.0,0.0,0.0,2.476042129517522e-77,0,0.0,False,truncated,-0.2856894238407154
100000005730108100,peripheral,0.4,0,0.012321764323271363,"Вход/выход: 1/0 связей, 8 000/0 KZT; признаков специальной роли недостаточно",2,False,1,0,8000.0,0.0,1,0,0.0003586642630336029,0.0,False,8000.0,0.0,0.0,1.8522613016127302e-106,0,0.0,False,other,0.014963670773878114
100000005744674100,peripheral,0.4,19,0.0003437554827596218,"Вход/выход: 0/1 связей, 0/50 066 KZT; признаков специальной роли недостаточно; seed: входящие суммы занижены методом сбора",0,True,0,1,0.0,50066.0,0,2,0.0002855692942172909,,False,50066.0,0.0,6.05144780205349e-20,0.0,0,0.0,True,other,0.0004174600110647832
100000005745873100,peripheral,0.3,41,0.0,"Глубина 4, выход 0, вход 223 000 KZT; обход обрезан, данных для гипотезы о конечном получателе недостаточно",4,False,1,0,223000.0,0.0,1,0,0.0003163211975392906,0.0,True,223000.0,0.0,0.0,2.499233294401205e-39,0,0.0,False,truncated,-0.2858390024154179
100000005754335100,peripheral,0.4,42,0.014888899653937394,"Вход/выход: 1/0 связей, 44 037/0 KZT; признаков специальной роли недостаточно",3,False,1,0,44037.0,0.0,1,0,0.00040462407841393883,0.0,False,44037.0,0.0,0.0,1.5825555264467833e-17,0,0.0,False,other,0.018081224957861936
100000005756189100,peripheral,0.4,5,0.009615059534415793,"Вход/выход: 1/1 связей, 65 000/49 050 KZT; признаков специальной роли недостаточно",3,False,1,1,65000.0,49050.0,1,1,0.0002876758905321063,0.7546153846153846,False,114050.0,1.8737385724253492e-05,2.057207498573983e-93,3.9312275858434955e-13,0,0.0,False,other,0.011676622078585353
100000005756535100,peripheral,0.4,1,0.021637326035920834,"Вход/выход: 1/0 связей, 20 000/0 KZT; признаков специальной роли недостаточно",3,False,1,0,20000.0,0.0,1,0,0.0005415991635083553,0.0,False,20000.0,0.0,0.0,2.4469121932608153e-108,0,0.0,False,other,0.02627657977657378
100000005767403100,peripheral,0.3,34,0.0,"Глубина 4, выход 0, вход 1 100 000 KZT; обход обрезан, данных для гипотезы о конечном получателе недостаточно",4,False,1,0,1100000.0,0.0,2,0,0.0010818599457011425,0.0,True,1100000.0,0.0,0.0,3.5462247112107323e-22,0,0.0,False,truncated,-0.23160331168402074
100000005778283100,consolidator,0.65,6,0.23132352497442407,Вход 615 760 KZT от 3 плательщиков; передаёт 0.0%; признаки консолидации,1,False,3,0,615760.0,0.0,3,0,0.0004375840554275676,0.0,False,615760.0,0.0,0.0,5.162268935381633e-16,2,0.6666666666666666,False,consolidator,0.11236861797243845
100000005782781100,distributor,0.55,6,0.16488122871899732,"Отправляет 1 263 597 KZT на 10 получателей, 10 переводов; признаки распределения; возможен неполный вход или начальный остаток",2,False,6,10,171888.0,1263597.0,10,10,0.0004875096527600848,7.351281066741134,False,1435485.0,0.0002235084594835263,2.7878829897562437e-15,7.095804690013776e-16,0,0.0,True,distributor,0.08899260991865407
100000005782886100,peripheral,0.3,7,0.0,"Глубина 4, выход 0, вход 14 000 KZT; обход обрезан, данных для гипотезы о конечном получателе недостаточно",4,False,1,0,14000.0,0.0,1,0,0.00036353183650008177,0.0,True,14000.0,0.0,0.0,1.665540988762096e-102,0,0.0,False,truncated,-0.2846879459805117
100000005783452100,peripheral,0.3,10,0.0,"Глубина 4, выход 0, вход 286 500 KZT; обход обрезан, данных для гипотезы о конечном получателе недостаточно",4,False,2,0,286500.0,0.0,2,0,0.0003144185669015849,0.0,True,286500.0,0.0,0.0,6.685369038160676e-18,0,0.0,False,truncated,-0.2750094806888624
100000005799271100,peripheral,0.4,9,0.021560343317881522,"Вход/выход: 1/0 связей, 45 000/0 KZT; признаков специальной роли недостаточно",2,False,1,0,45000.0,0.0,2,0,0.0005366730310712545,0.0,False,45000.0,0.0,0.0,9.758910283587152e-93,0,0.0,False,other,0.026183091212939838
100000005807278100,peripheral,0.4,46,0.0913524479618032,"Вход/выход: 1/0 связей, 8 385/0 KZT; признаков специальной роли недостаточно",1,False,1,0,8385.0,0.0,1,0,0.0002929553322377627,0.0,False,8385.0,0.0,0.0,2.3318238751347112e-70,1,1.0,False,other,0.11093930380623714
100000005809252100,peripheral,0.4,5,0.02296019071959589,"Вход/выход: 1/0 связей, 25 000/0 KZT; признаков специальной роли недостаточно",2,False,1,0,25000.0,0.0,1,0,0.000567128634229815,0.0,False,25000.0,0.0,0.0,3.595414325170328e-104,0,0.0,False,other,0.027883079550921723
100000005815602100,peripheral,0.4,3,0.023451622127112437,"Вход 20 000, выход 165 000 KZT; возможны пропущенные входящие или начальный остаток; для проверки запросить выписку",3,False,1,1,20000.0,165000.0,1,1,0.0005521710322392155,8.25,False,185000.0,1.8699910952804988e-05,3.122159807155758e-70,2.4469121932608153e-108,0,0.0,True,missing_incoming,0.028479878645360883
100000005820746100,peripheral,0.4,22,0.05817325570427621,"Вход/выход: 1/1 связей, 1 989 000/60 000 KZT; признаков специальной роли недостаточно",3,False,1,1,1989000.0,60000.0,2,1,0.000989461905456685,0.030165912518853696,False,2049000.0,0.0,1.0001227383213707e-06,6.824326903802971e-21,0,0.0,False,other,0.07064616911714368
100000005830339100,peripheral,0.4,2,0.05242607097232892,"Вход/выход: 5/1 связей, 476 341/339 251 KZT; признаков специальной роли недостаточно",3,False,5,1,476341.0,339251.0,12,1,0.0003636000613544044,0.7122019729563485,False,815592.0,0.0,1.1704966356366898e-14,1.2964206468709522e-13,0,0.0,False,other,0.0636667319237949
100000005834479100,peripheral,0.4,4,0.008964043501378981,"Вход 7 500, выход 14 470 KZT; возможны пропущенные входящие или начальный остаток; для проверки запросить выписку",2,False,1,2,7500.0,14470.0,1,2,0.00028675165047446034,1.9293333333333333,False,21970.0,2.226179875333927e-05,2.0952095947439773e-17,1.0331101882743885e-16,0,0.0,True,missing_incoming,0.010886021858413909
100000005844459100,terminal,0.7,0,0.09397356447524673,"Вход 243 400 KZT от 2 плательщиков, выход 0; глубина 1; признаки конечного получателя",1,False,2,0,243400.0,0.0,2,0,0.00033808255774742736,0.0,False,243400.0,0.0,0.0,8.247560137981937e-14,1,0.5,False,terminal,0.07608160884339245
100000005847078100,peripheral,0.4,1,0.00881787702039133,"Вход/выход: 1/0 связей, 16 300/0 KZT; признаков специальной роли недостаточно",3,False,1,0,16300.0,0.0,1,0,0.0002881133620179714,0.0,False,16300.0,0.0,0.0,2.475628851951887e-42,0,0.0,False,other,0.010708515858275215
100000005849100100,peripheral,0.4,2,0.019160493981123367,"Вход/выход: 1/0 связей, 33 300/0 KZT; признаков специальной роли недостаточно",2,False,1,0,33300.0,0.0,1,0,0.0004907169210974125,0.0,False,33300.0,0.0,0.0,4.976170954360056e-98,0,0.0,False,other,0.023268690771573116
100000005849862100,peripheral,0.3,6,0.0,"Глубина 4, выход 0, вход 13 000 KZT; обход обрезан, данных для гипотезы о конечном получателе недостаточно",4,False,1,0,13000.0,0.0,2,0,0.0005484355639203493,0.0,True,13000.0,0.0,0.0,2.207459379886528e-116,0,0.0,False,truncated,-0.27336275579996605
100000005852946100,peripheral,0.4,2,0.09132511304665247,"Вход/выход: 1/0 связей, 23 746/0 KZT; признаков специальной роли недостаточно",1,False,1,0,23746.0,0.0,1,0,0.00029032410857340684,0.0,False,23746.0,0.0,0.0,1.1665484455519139e-14,1,1.0,False,other,0.1109061080186684
100000005857058100,terminal,0.7,0,0.047326502360289624,"Вход 80 222 KZT от 3 плательщиков, выход 0; глубина 3; признаки конечного получателя",3,False,3,0,80222.0,0.0,3,0,0.0003899337552291797,0.0,False,80222.0,0.0,0.0,1.2842462534366115e-14,0,0.0,False,terminal,0.03831584404196871
100000005873152100,transit,0.9,9,0.03618439465136453,"Вход 10 000, выход 10 000 KZT; передаёт 100.0%; 1/1 связей; признаки транзита",3,False,1,1,10000.0,10000.0,1,1,0.0004674555308962058,1.0,False,20000.0,2.4933214603739984e-05,3.4085455780144e-21,7.041525668104405e-91,0,0.0,False,transit,0.02197134089362872
100000005877725100,terminal,0.7,1,0.13821638724840069,"Вход 70 000 KZT от 1 плательщика, выход 0; глубина 1; признаки конечного получателя",1,False,1,0,70000.0,0.0,1,0,0.0003002614742736321,0.0,False,70000.0,0.0,0.0,6.131520992102257e-39,1,1.0,False,terminal,0.11190088584060881
100000005878334100,peripheral,0.3,4,0.0,"Глубина 4, выход 0, вход 76 400 KZT; обход обрезан, данных для гипотезы о конечном получателе недостаточно",4,False,1,0,76400.0,0.0,2,0,0.0003989642564463486,0.0,True,76400.0,0.0,0.0,3.3153558220848363e-74,0,0.0,False,truncated,-0.28199584040682796
100000005882013100,peripheral,0.4,12,0.03030723457423673,"Вход/выход: 2/1 связей, 135 000/10 000 KZT; признаков специальной роли недостаточно",2,False,2,1,135000.0,10000.0,3,1,0.0005264244942722106,0.07407407407407407,False,145000.0,0.0,2.921653217092224e-16,3.4446137775615936e-18,0,0.0,False,other,0.03680540126701357
100000005888829100,peripheral,0.3,7,0.0,"Глубина 4, выход 0, вход 197 000 KZT; обход обрезан, данных для гипотезы о конечном получателе недостаточно",4,False,1,0,197000.0,0.0,1,0,0.00031148616447209,0.0,True,197000.0,0.0,0.0,2.8185843561993453e-18,0,0.0,False,truncated,-0.2863521549989868
100000005893892100,terminal,0.7,5,0.014177057779874661,"Вход 102 780 KZT от 1 плательщика, выход 0; глубина 3; признаки конечного получателя",3,False,1,0,102780.0,0.0,1,0,0.0002889003091286252,0.0,False,102780.0,0.0,0.0,6.21617801958453e-13,0,0.0,False,terminal,0.011477838162057923
100000005895525100,terminal,0.7,46,0.14562169104833142,"Вход 120 000 KZT от 1 плательщика, выход 0; глубина 1; признаки конечного получателя",1,False,1,0,120000.0,0.0,3,0,0.00039127287948343466,0.0,False,120000.0,0.0,0.0,3.337136136149855e-69,1,1.0,False,terminal,0.1178962679485337
100000005897462100,terminal,0.7,9,0.13852645774306035,"Вход 98 400 KZT от 1 плательщика, выход 0; глубина 1; признаки конечного получателя",1,False,1,0,98400.0,0.0,1,0,0.00030049363949730384,0.0,False,98400.0,0.0,0.0,2.920612143487528e-14,1,1.0,False,terminal,0.11215192092925641
100000005901606100,peripheral,0.4,1,0.09154469486465847,"Вход/выход: 1/0 связей, 35 660/0 KZT; признаков специальной роли недостаточно",1,False,1,0,35660.0,0.0,1,0,0.0002930539105145642,0.0,False,35660.0,0.0,0.0,3.12357197969095e-39,1,1.0,False,other,0.11117277032013491
100000005904580100,terminal,0.7,11,0.044427799373583376,"Вход 72 000 KZT от 2 плательщиков, выход 0; глубина 2; признаки конечного получателя",2,False,2,0,72000.0,0.0,2,0,0.0005227099859368697,0.0,False,72000.0,0.0,0.0,6.191939743974891e-18,0,0.0,False,terminal,0.03596903525569723
100000005910114100,distributor,0.55,0,0.09634509468348246,"Отправляет 1 469 993 KZT на 19 получателей, 56 переводов; признаки распределения; возможен неполный вход или начальный остаток",3,False,3,19,326144.0,1469993.0,3,56,0.0003616504127742257,4.507190075549451,False,1796137.0,0.0001157613535173642,8.887187803141825e-15,7.040240208684415e-14,0,0.0,True,distributor,0.052001076746919374
100000005910895100,peripheral,0.3,33,0.0,"Глубина 4, выход 0, вход 5 100 KZT; обход обрезан, данных для гипотезы о конечном получателе недостаточно",4,False,1,0,5100.0,0.0,1,0,0.0005976000607837528,0.0,True,5100.0,0.0,0.0,7.410476659949869e-134,0,0.0,False,truncated,-0.27041512840915594
100000005911352100,peripheral,0.4,38,0.031595943696222956,"Вход 15 000, выход 24 000 KZT; возможны пропущенные входящие или начальный остаток; для проверки запросить выписку",2,False,2,3,15000.0,24000.0,2,3,0.000551734499856716,1.6,False,39000.0,9.349955476402494e-05,2.8300608199917e-117,6.397187505128463e-85,0,0.0,True,missing_incoming,0.038370422194112075
100000005931985100,terminal,0.7,10,0.015717978772359233,"Вход 76 000 KZT от 1 плательщика, выход 0; глубина 2; признаки конечного получателя",2,False,1,0,76000.0,0.0,1,0,0.00031289664456344305,0.0,False,76000.0,0.0,0.0,3.586722005032277e-20,0,0.0,False,terminal,0.012725377817102763
100000005932987100,peripheral,0.4,34,0.015120812236852086,"Вход/выход: 1/0 связей, 25 000/0 KZT; признаков специальной роли недостаточно",2,False,1,0,25000.0,0.0,3,0,0.00041180862454995846,0.0,False,25000.0,0.0,0.0,2.6429550137108295e-26,0,0.0,False,other,0.01836286186050104
100000005933757100,distributor,0.65,13,0.31331064617879095,"Отправляет 3 002 628 KZT на 34 получателей, 46 переводов; признаки распределения; возможен неполный вход или начальный остаток",2,False,4,34,1246000.0,3002628.0,6,46,0.000997985572013045,2.409813804173355,False,4248628.0,0.005036509349955477,2.6822464535169884e-16,1.3051845774831431e-16,0,0.0,True,distributor,0.16910555759060786
100000005939154100,peripheral,0.4,3,0.00913881635031824,"Вход/выход: 1/0 связей, 22 000/0 KZT; признаков специальной роли недостаточно",2,False,1,0,22000.0,0.0,2,0,0.0002936966648040269,0.0,False,22000.0,0.0,0.0,4.214233099741587e-21,0,0.0,False,other,0.011098267710803775
100000005940652100,peripheral,0.4,40,0.09110686881328664,"Вход/выход: 1/0 связей, 8 395/0 KZT; признаков специальной роли недостаточно",1,False,1,0,8395.0,0.0,1,0,0.00028808836221548404,0.0,False,8395.0,0.0,0.0,3.8380288242138947e-22,1,1.0,False,other,0.11064107009303498
100000005941908100,peripheral,0.4,13,0.02917736474620125,"Вход/выход: 1/0 связей, 10 000/0 KZT; признаков специальной роли недостаточно",3,False,1,0,10000.0,0.0,1,0,0.0006923487710335455,0.0,False,10000.0,0.0,0.0,2.7818170943428587e-121,0,0.0,False,other,0.035433276327719775
100000005942793100,terminal,0.7,0,0.05556457049450318,"Вход 55 000 KZT от 4 плательщиков, выход 0; глубина 2; признаки конечного получателя",2,False,4,0,55000.0,0.0,4,0,0.0003322322681540015,0.0,False,55000.0,0.0,0.0,2.324737488462158e-16,0,0.0,False,terminal,0.044985437569811805
100000005958064100,peripheral,0.4,13,0.09241428125327081,"Вход 5 746, выход 163 987 KZT; возможны пропущенные входящие или начальный остаток; для проверки запросить выписку",1,False,1,2,5746.0,163986.84,1,3,0.000286187092952855,28.539303863557258,False,169732.84,3.7399821905609976e-05,4.160494570723582e-18,1.5466546724752855e-16,1,1.0,True,missing_incoming,0.11222880451193204
100000005961971100,peripheral,0.4,1,0.09174885018434147,"Вход/выход: 1/0 связей, 47 353/0 KZT; признаков специальной роли недостаточно",1,False,1,0,47353.0,0.0,1,0,0.00029550813424883264,0.0,False,47353.0,0.0,0.0,4.1477987648431174e-39,1,1.0,False,other,0.1114206985315764
100000005974542100,terminal,0.7,21,0.028790381281592396,"Вход 94 500 KZT от 1 плательщика, выход 0; глубина 3; признаки конечного получателя",3,False,1,0,94500.0,0.0,3,0,0.0004830472191227783,0.0,False,94500.0,0.0,0.0,1.0319729815628126e-17,0,0.0,False,terminal,0.02330887988925025
100000005979037100,peripheral,0.3,4,0.0,"Глубина 4, выход 0, вход 60 300 KZT; обход обрезан, данных для гипотезы о конечном получателе недостаточно",4,False,1,0,60300.0,0.0,1,0,0.0003248463424153593,0.0,True,60300.0,0.0,0.0,1.3280388100837033e-64,0,0.0,False,truncated,-0.28667308450530443
100000005995391100,peripheral,0.4,1,0.008831146324674369,"Вход/выход: 1/0 связей, 17 200/0 KZT; признаков специальной роли недостаточно",3,False,1,0,17200.0,0.0,1,0,0.000288253832019236,0.0,False,17200.0,0.0,0.0,2.6123200155565922e-42,0,0.0,False,other,0.010724630230818016
100000005996909100,peripheral,0.4,14,0.010148686624289643,"Вход/выход: 1/0 связей, 5 500/0 KZT; признаков специальной роли недостаточно",3,False,1,0,5500.0,0.0,1,0,0.00031594960600230085,0.0,False,5500.0,0.0,0.0,4.3187900384134004e-20,0,0.0,False,other,0.012324664021232652
100000006008169100,terminal,0.7,11,0.13798355845704494,"Вход 70 000 KZT от 1 плательщика, выход 0; глубина 1; признаки конечного получателя",1,False,1,0,70000.0,0.0,1,0,0.000297186147982845,0.0,False,70000.0,0.0,0.0,4.886004997142206e-19,1,1.0,False,terminal,0.11171238613720476
100000006020215100,transit,0.7733333333333333,12,0.02016579991549773,"Вход 30 000, выход 33 800 KZT; передаёт 112.7%; 1/2 связей; признаки транзита",3,False,1,2,30000.0,33800.0,1,2,0.00029667460701655716,1.1266666666666667,False,63800.0,6.41139804096171e-05,4.004071023760277e-101,1.1848609466045574e-16,0,0.0,False,transit,0.012244772051738649
100000006030946100,terminal,0.7,1,0.13830252427650772,"Вход 73 289 KZT от 1 плательщика, выход 0; глубина 1; признаки конечного получателя",1,False,1,0,73289.0,0.0,1,0,0.0003009517968479936,0.0,False,73289.0,0.0,0.0,6.419614885574034e-39,1,1.0,False,terminal,0.11197062293865302
100000006048193100,peripheral,0.4,0,0.009410101068037687,"Вход/выход: 1/0 связей, 41 559/0 KZT; признаков специальной роли недостаточно",3,False,1,0,41559.0,0.0,1,0,0.00029641085375483743,0.0,False,41559.0,0.0,0.0,1.3380973329929382e-14,0,0.0,False,other,0.011427718517963875
100000006069103100,transit,0.7200229002963053,3,0.20152462906696295,"Вход 228 818, выход 270 000 KZT; передаёт 118.0%; 3/3 связей; признаки транзита",1,False,3,3,228818.0,270000.0,3,4,0.0011516310982681742,1.1799770997036947,False,498818.0,5.621215717276048e-05,1.5643638834184867e-66,7.861592812370491e-16,1,0.3333333333333333,False,transit,0.122366737549535
100000006100920100,terminal,0.7,0,0.016995693616967185,"Вход 100 000 KZT от 1 плательщика, выход 0; глубина 3; признаки конечного получателя",3,False,1,0,100000.0,0.0,1,0,0.00032650852666292734,0.0,False,100000.0,0.0,0.0,2.2711072148605314e-15,0,0.0,False,terminal,0.013759824063381568
100000006111439100,transit,0.7332523091881381,5,0.06146939219930708,"Вход 20 570, выход 24 000 KZT; передаёт 116.7%; 3/4 связей; признаки транзита",3,False,3,4,20570.0,24000.0,3,4,0.00036550170106991627,1.166747690811862,False,44570.0,8.370436331255566e-05,6.729211971557947e-19,2.6039617003045034e-15,0,0.0,False,transit,0.03732451471270385
100000006111442100,terminal,0.7,7,0.014279298908207111,"Вход 64 000 KZT от 1 плательщика, выход 0; глубина 3; признаки конечного получателя",3,False,1,0,64000.0,0.0,1,0,0.00029552622405626476,0.0,False,64000.0,0.0,0.0,2.0538379672341935e-17,0,0.0,False,terminal,0.011560613244358283
100000006122699100,peripheral,0.4,3,0.023483165221691946,"Вход/выход: 2/0 связей, 45 865/0 KZT; признаков специальной роли недостаточно",2,False,2,0,45865.0,0.0,2,0,0.0004047064849586192,0.0,False,45865.0,0.0,0.0,7.631827450456829e-20,0,0.0,False,other,0.028518184887072192
100000006126743100,terminal,0.7,5,0.013567732607200495,"Вход 55 000 KZT от 1 плательщика, выход 0; глубина 3; признаки конечного получателя",3,False,1,0,55000.0,0.0,1,0,0.00028735179879136544,0.0,False,55000.0,0.0,0.0,3.3264233418675726e-13,0,0.0,False,terminal,0.01098452454024634
100000006161893100,peripheral,0.4,3,0.02110424337701871,"Вход/выход: 1/0 связей, 14 000/0 KZT; признаков специальной роли недостаточно",2,False,1,0,14000.0,0.0,1,0,0.0005318535188146678,0.0,False,14000.0,0.0,0.0,5.343602024432587e-115,0,0.0,False,other,0.025629198996208618
100000006165886100,peripheral,0.4,0,0.019874018004041084,"Вход/выход: 2/1 связей, 184 481/75 000 KZT; признаков специальной роли недостаточно",3,False,2,1,184481.0,75000.0,2,1,0.00029856163893927847,0.4065459315593476,False,259481.0,3.561887800534283e-05,8.9866986231801e-15,1.0893052834390398e-13,0,0.0,False,other,0.024135201304324415
100000006169033100,peripheral,0.4,42,0.02372496718363166,"Вход 49 000, выход 1 140 271 KZT; возможны пропущенные входящие или начальный остаток; для проверки запросить выписку",3,False,1,3,49000.0,1140271.0,1,10,0.0004180416339687668,23.270836734693876,False,1189271.0,3.7399821905609976e-05,1.4944386915546746e-17,1.7609106159795714e-17,0,0.0,True,missing_incoming,0.02881183154805484
100000006171671100,peripheral,0.3,0,0.0,"Глубина 4, выход 0, вход 10 000 KZT; обход обрезан, данных для гипотезы о конечном получателе недостаточно",4,False,1,0,10000.0,0.0,1,0,0.0005290656990407927,0.0,True,10000.0,0.0,0.0,2.7818170943428587e-121,0,0.0,False,truncated,-0.2745750309968531
100000006177176100,peripheral,0.4,3,0.09103162550919092,"Вход/выход: 1/0 связей, 8 911/0 KZT; признаков специальной роли недостаточно",1,False,1,0,8911.0,0.0,1,0,0.0002865273875922669,0.0,False,8911.0,0.0,0.0,2.3985798444878643e-16,1,1.0,False,other,0.11054969389065943
100000006209210100,terminal,0.7,6,0.02092178326415884,"Вход 229 111 KZT от 1 плательщика, выход 0; глубина 3; признаки конечного получателя",3,False,1,0,229111.0,0.0,1,0,0.0003608027133122132,0.0,False,229111.0,0.0,0.0,1.671497842961725e-16,0,0.0,False,terminal,0.016938411770357487
100000006225798100,consolidator,0.65,15,0.08730319780659124,Вход 722 000 KZT от 3 плательщиков; передаёт 3.6%; признаки консолидации,3,False,3,2,722000.0,26300.0,4,2,0.00035996892038230857,0.03642659279778394,False,748300.0,3.7399821905609976e-05,4.929438231392067e-109,1.7280103118213603e-12,0,0.0,False,consolidator,0.04240874196943748
100000006232642100,peripheral,0.3,42,0.0,"Глубина 4, выход 0, вход 456 000 KZT; обход обрезан, данных для гипотезы о конечном получателе недостаточно",4,False,1,0,456000.0,0.0,4,0,0.00042785609111614025,0.0,True,456000.0,0.0,0.0,1.7831853516082715e-18,0,0.0,False,truncated,-0.2770597597823475
100000006232815100,peripheral,0.4,29,0.025443560015115572,"Вход/выход: 1/5 связей, 160 000/296 500 KZT; признаков специальной роли недостаточно; seed: входящие суммы занижены методом сбора",0,True,1,5,160000.0,296500.0,2,5,0.0005566536352336268,1.853125,False,456500.0,6.245795241417831e-06,2.5150104377638863e-69,2.726524520820711e-63,0,0.0,True,other,0.030898907444816076
100000006240939100,peripheral,0.4,26,0.016692575077413892,"Вход 160 000, выход 778 015 KZT; возможны пропущенные входящие или начальный остаток; для проверки запросить выписку",2,False,1,5,160000.0,778015.0,1,5,0.0003187471159015583,4.86259375,False,938015.0,0.0,8.029352305348696e-19,3.6556005918189436e-19,0,0.0,True,missing_incoming,0.02027162598418768
100000006248077100,terminal,0.7,3,0.01400828052306977,"Вход 50 000 KZT от 1 плательщика, выход 0; глубина 2; признаки конечного получателя",2,False,1,0,50000.0,0.0,1,0,0.00029385096746579835,0.0,False,50000.0,0.0,0.0,6.473299448154286e-17,0,0.0,False,terminal,0.011341194997508462
100000006249740100,peripheral,0.4,55,0.000638590384393084,"Вход/выход: 0/3 связей, 0/93 007 KZT; признаков специальной роли недостаточно; seed: входящие суммы занижены методом сбора",0,True,0,3,0.0,93007.0,0,5,0.0002855692942172909,,False,93007.0,0.0,1.5641433287577613e-87,0.0,0,0.0,True,other,0.0007755103912655753
100000006257675100,peripheral,0.3,20,0.0,"Глубина 4, выход 0, вход 70 000 KZT; обход обрезан, данных для гипотезы о конечном получателе недостаточно",4,False,1,0,70000.0,0.0,2,0,0.0003826480172080926,0.0,True,70000.0,0.0,0.0,9.091634857572482e-66,0,0.0,False,truncated,-0.2830492958834722
100000006274203100,peripheral,0.4,17,0.05884456068158356,"Вход/выход: 2/3 связей, 3 417 512/72 000 KZT; признаков специальной роли недостаточно",3,False,2,3,3417512.0,72000.0,41,3,0.0006321051467844573,0.02106795821053445,False,3489512.0,3.0336719744029464e-05,1.1760170698187765e-16,3.7389083254200435e-12,0,0.0,False,other,0.07146140842912445
100000006288612100,peripheral,0.3,11,0.0,"Глубина 4, выход 0, вход 30 805 KZT; обход обрезан, данных для гипотезы о конечном получателе недостаточно",4,False,1,0,30805.0,0.0,3,0,0.0002976242451746879,0.0,True,30805.0,0.0,0.0,3.0929209162172542e-18,0,0.0,False,truncated,-0.28858757654659556
100000006308406100,peripheral,0.3,20,0.0,"Глубина 4, выход 0, вход 183 000 KZT; обход обрезан, данных для гипотезы о конечном получателе недостаточно",4,False,1,0,183000.0,0.0,2,0,0.0005393608128932442,0.0,True,183000.0,0.0,0.0,2.3768131127653774e-65,0,0.0,False,truncated,-0.27250149257155354
100000006326645100,peripheral,0.4,1,0.09136318467023236,"Вход/выход: 1/0 связей, 25 264/0 KZT; признаков специальной роли недостаточно",1,False,1,0,25264.0,0.0,1,0,0.00029087191188791094,0.0,False,25264.0,0.0,0.0,2.212953519206735e-39,1,1.0,False,other,0.11095234256967344
100000006351075100,peripheral,0.3,41,0.0,"Глубина 4, выход 0, вход 40 000 KZT; обход обрезан, данных для гипотезы о конечном получателе недостаточно",4,False,1,0,40000.0,0.0,2,0,0.0002910853306876047,0.0,True,40000.0,0.0,0.0,4.482929676055973e-40,0,0.0,False,truncated,-0.2889117044691332
100000006369769100,peripheral,0.4,1,0.09162046960915725,"Вход/выход: 1/0 связей, 40 000/0 KZT; признаков специальной роли недостаточно",1,False,1,0,40000.0,0.0,1,0,0.00029396482567805725,0.0,False,40000.0,0.0,0.0,3.5037262812012904e-39,1,1.0,False,other,0.11126479190891932
100000006381453100,peripheral,0.3,7,0.0,"Глубина 4, выход 0, вход 45 000 KZT; обход обрезан, данных для гипотезы о конечном получателе недостаточно",4,False,1,0,45000.0,0.0,1,0,0.0005761677704875264,0.0,True,45000.0,0.0,0.0,3.4077416623196514e-93,0,0.0,False,truncated,-0.27139610983369705
100000006385877100,peripheral,0.4,6,0.10048853716214637,"Вход/выход: 1/1 связей, 53 707/36 603 KZT; признаков специальной роли недостаточно",2,False,1,1,53706.62,36602.93,5,5,0.0020942975539589258,0.6815347903107661,False,90309.55,0.0,1.6917196730479788e-19,9.152669928131938e-90,0,0.0,False,other,0.12203425963951209
100000006412162100,peripheral,0.3,18,0.0,"Глубина 4, выход 0, вход 15 000 KZT; обход обрезан, данных для гипотезы о конечном получателе недостаточно",4,False,1,0,15000.0,0.0,2,0,0.00029359653846417166,0.0,True,15000.0,0.0,0.0,3.105555947115558e-21,0,0.0,False,truncated,-0.2889662368109939
100000006416061100,peripheral,0.3,4,0.0,"Глубина 4, выход 0, вход 30 000 KZT; обход обрезан, данных для гипотезы о конечном получателе недостаточно",4,False,1,0,30000.0,0.0,1,0,0.0004348563786213132,0.0,True,30000.0,0.0,0.0,5.550676764030956e-98,0,0.0,False,truncated,-0.2801827532330527
100000006424479100,peripheral,0.4,12,0.047314907402190846,"Вход/выход: 1/2 связей, 500 000/220 000 KZT; признаков специальной роли недостаточно",2,False,1,2,500000.0,220000.0,2,3,0.0009438231531441734,0.44,False,720000.0,7.212822796081923e-05,3.594793644618181e-70,1.669598968784121e-20,0,0.0,False,other,0.057459685032747065
100000006443391100,peripheral,0.4,6,0.1619080378218788,"Вход/выход: 3/2 связей, 86 776/60 042 KZT; признаков специальной роли недостаточно",1,False,3,2,86775.93,60041.71000000001,7,6,0.0024195077535015433,0.6919166409394865,False,146817.64,1.7809439002671417e-06,1.50802910994388e-91,1.5274940838517195e-17,1,0.3333333333333333,False,other,0.19662270029264572
100000006444163100,peripheral,0.4,0,0.010301786213495192,"Вход/выход: 1/0 связей, 6 026/0 KZT; признаков специальной роли недостаточно",3,False,1,0,6026.0,0.0,1,0,0.00031891138227469064,0.0,False,6026.0,0.0,0.0,3.6686817071013123e-19,0,0.0,False,other,0.012510589655612876
100000006445501100,terminal,0.7,9,0.13836527232362578,"Вход 91 000 KZT от 1 плательщика, выход 0; глубина 1; признаки конечного получателя",1,False,1,0,91000.0,0.0,1,0,0.0002993712801977907,0.0,False,91000.0,0.0,0.0,2.7009726123715963e-14,1,1.0,False,terminal,0.11202142416560637
100000006446271100,terminal,0.7,2,0.09046090468742714,"Вход 80 000 KZT от 2 плательщиков, выход 0; глубина 1; признаки конечного получателя",1,False,2,0,80000.0,0.0,2,0,0.0003139136962099016,0.0,False,80000.0,0.0,0.0,2.6095341362213597e-14,1,0.5,False,terminal,0.0732377366388088
100000006471232100,peripheral,0.4,1,0.009193840641744121,"Вход/выход: 1/0 связей, 41 800/0 KZT; признаков специальной роли недостаточно",3,False,1,0,41800.0,0.0,1,0,0.00029209334538713425,0.0,False,41800.0,0.0,0.0,6.348545154085208e-42,0,0.0,False,other,0.011165089746987975
100000006476758100,peripheral,0.4,9,0.02028440980324897,"Вход/выход: 1/0 связей, 5 200/0 KZT; признаков специальной роли недостаточно",3,False,1,0,5200.0,0.0,1,0,0.000516807436257057,0.0,False,5200.0,0.0,0.0,9.899232132459365e-20,0,0.0,False,other,0.02463358510801787
100000006490557100,peripheral,0.4,50,0.008641815327947406,"Вход/выход: 1/0 связей, 5 000/0 KZT; признаков специальной роли недостаточно",2,False,1,0,5000.0,0.0,1,0,0.0002861622896167226,0.0,False,5000.0,0.0,0.0,3.702391939176897e-18,0,0.0,False,other,0.010494704821762612
100000006490615100,peripheral,0.3,12,0.0,"Глубина 4, выход 0, вход 41 600 KZT; обход обрезан, данных для гипотезы о конечном получателе недостаточно",4,False,1,0,41600.0,0.0,6,0,0.00039474588702010044,0.0,True,41600.0,0.0,0.0,1.439675426554421e-87,0,0.0,False,truncated,-0.28254457118358944
100000006491272100,peripheral,0.4,1,0.00896383936750477,"Вход/выход: 1/0 связей, 26 200/0 KZT; признаков специальной роли недостаточно",3,False,1,0,26200.0,0.0,1,0,0.00028965853203188175,0.0,False,26200.0,0.0,0.0,3.979231651603647e-42,0,0.0,False,other,0.010885773956246054
100000006491963100,peripheral,0.3,18,0.0,"Глубина 4, выход 0, вход 16 000 KZT; обход обрезан, данных для гипотезы о конечном получателе недостаточно",4,False,1,0,16000.0,0.0,3,0,0.0002941316880806304,0.0,True,16000.0,0.0,0.0,3.3125930102565957e-21,0,0.0,False,truncated,-0.288925097042838
100000006492770100,peripheral,0.4,0,0.011474314035495734,"Вход/выход: 1/1 связей, 269 000/20 000 KZT; признаков специальной роли недостаточно",3,False,1,1,269000.0,20000.0,1,1,0.0003007193653545543,0.07434944237918216,False,289000.0,1.8699910952804988e-05,1.480748810291788e-110,7.117410285920677e-14,0,0.0,False,other,0.013934518878840403
100000006512787100,peripheral,0.3,0,0.0,"Глубина 4, выход 0, вход 20 000 KZT; обход обрезан, данных для гипотезы о конечном получателе недостаточно",4,False,1,0,20000.0,0.0,2,0,0.0005300461906110881,0.0,True,20000.0,0.0,0.0,2.4469121932608153e-108,0,0.0,False,truncated,-0.27443155060006097
100000006518161100,transit,0.897140693369236,3,0.1766109768277245,"Вход 594 200, выход 595 899 KZT; передаёт 100.3%; 3/2 связей; признаки транзита",1,False,3,2,594200.0,595899.0,13,13,0.0008108053328700469,1.002859306630764,False,1190099.0,5.6099732858414964e-05,1.9768945655183707e-46,1.403743964368586e-14,1,0.3333333333333333,False,transit,0.10723904641285373
100000006522972100,peripheral,0.4,5,0.009538308515896543,"Вход/выход: 1/0 связей, 9 515/0 KZT; признаков специальной роли недостаточно",3,False,1,0,9515.0,0.0,1,0,0.00030331012596478374,0.0,False,9515.0,0.0,0.0,6.155439457639055e-17,0,0.0,False,other,0.011583414893108447
100000006523053100,peripheral,0.4,2,0.02138569292986003,"Вход/выход: 1/0 связей, 5 000/0 KZT; признаков специальной роли недостаточно",2,False,1,0,5000.0,0.0,1,0,0.0005386541417252824,0.0,False,5000.0,0.0,0.0,3.16255988575774e-134,0,0.0,False,other,0.02597099407828292
100000006527156100,peripheral,0.3,47,0.0,"Глубина 4, выход 0, вход 48 500 KZT; обход обрезан, данных для гипотезы о конечном получателе недостаточно",4,False,1,0,48500.0,0.0,1,0,0.0002960785446390128,0.0,True,48500.0,0.0,0.0,5.378231118640584e-22,0,0.0,False,truncated,-0.2885347747044182
100000006530134100,terminal,0.7,5,0.028246026029391493,"Вход 144 663 KZT от 2 плательщиков, выход 0; глубина 3; признаки конечного получателя",3,False,2,0,144663.0,0.0,2,0,0.0002990877788977742,0.0,False,144663.0,0.0,0.0,7.337966268393451e-13,0,0.0,False,terminal,0.022868166337507684
100000006532229100,terminal,0.7,7,0.01508835338287027,"Вход 105 000 KZT от 1 плательщика, выход 0; глубина 3; признаки конечного получателя",3,False,1,0,105000.0,0.0,1,0,0.0003006351862930432,0.0,False,105000.0,0.0,0.0,5.114594235623517e-19,0,0.0,False,terminal,0.012215629007759837
100000006534886100,peripheral,0.4,3,0.05272422542592425,"Вход 71 700, выход 167 500 KZT; возможны пропущенные входящие или начальный остаток; для проверки запросить выписку",2,False,1,1,71700.0,167500.0,5,8,0.0011276985721232178,2.336122733612273,False,239200.0,0.0,1.3217144098635383e-16,2.2653859143684694e-23,0,0.0,True,missing_incoming,0.06402881360027526
100000006557763100,peripheral,0.4,2,0.011755614877346037,"Вход/выход: 1/0 связей, 10 000/0 KZT; признаков специальной роли недостаточно",2,False,1,0,10000.0,0.0,1,0,0.0003471751881752853,0.0,False,10000.0,0.0,0.0,1.4943456319399567e-98,0,0.0,False,other,0.014276133364836768
100000006562026100,terminal,0.7,55,0.1802894708422031,"Вход 75 000 KZT от 2 плательщиков, выход 0; глубина 1; признаки конечного получателя",1,False,2,0,75000.0,0.0,6,0,0.0006853595679127574,0.0,False,75000.0,0.0,0.0,7.389659926511964e-86,2,1.0,False,terminal,0.14596352788992886
100000006564102100,terminal,0.7,2,0.026058935730565832,"Вход 233 235 KZT от 1 плательщика, выход 0; глубина 2; признаки конечного получателя",2,False,1,0,233235.0,0.0,1,0,0.00042809593979465266,0.0,False,233235.0,0.0,0.0,1.1912786925807296e-14,0,0.0,False,terminal,0.021097483810462937
100000006567935100,terminal,0.7,30,0.01681785797231786,"Вход 200 000 KZT от 1 плательщика, выход 0; глубина 2; признаки конечного получателя",2,False,1,0,200000.0,0.0,1,0,0.00031055602097400365,0.0,False,200000.0,0.0,0.0,1.5513749825635704e-15,0,0.0,False,terminal,0.013615847169132906
100000006573438100,peripheral,0.4,42,0.009294150820473983,"Вход/выход: 1/0 связей, 5 000/0 KZT; признаков специальной роли недостаточно",3,False,1,0,5000.0,0.0,1,0,0.000299086879906217,0.0,False,5000.0,0.0,0.0,1.7968475673260934e-18,0,0.0,False,other,0.01128690740640771
100000006579678100,peripheral,0.4,3,0.09977555590923161,"Вход 192 930, выход 1 668 800 KZT; возможны пропущенные входящие или начальный остаток; для проверки запросить выписку",1,False,2,6,192930.0,1668800.0,2,15,0.0006256438748763364,8.649769346395066,False,1861730.0,0.0014550311665182548,7.02797605501683e-21,1.1576120294169193e-15,1,0.5,True,missing_incoming,0.12116840825194626
100000006595426100,terminal,0.7,0,0.017430527206844994,"Вход 84 800 KZT от 1 плательщика, выход 0; глубина 2; признаки конечного получателя",2,False,1,0,84800.0,0.0,3,0,0.00033431978040964773,0.0,False,84800.0,0.0,0.0,9.063677690526568e-17,0,0.0,False,terminal,0.014111868165164743
100000006612238100,peripheral,0.4,1,0.012590545093638893,"Вход/выход: 1/1 связей, 160 000/25 000 KZT; признаков специальной роли недостаточно",2,False,1,1,160000.0,25000.0,1,1,0.00033991126391326877,0.15625,False,185000.0,0.0,1.665815562661536e-41,2.1512644861419787e-35,0,0.0,False,other,0.015290080762951925
100000006638021100,peripheral,0.3,48,0.0,"Глубина 4, выход 0, вход 388 500 KZT; обход обрезан, данных для гипотезы о конечном получателе недостаточно",4,False,2,0,388500.0,0.0,2,0,0.000544485696289975,0.0,True,388500.0,0.0,0.0,8.987986453931779e-54,0,0.0,False,truncated,-0.2600572013855225
100000006641671100,transit,0.7636363636363636,4,0.05054371777745095,"Вход 22 000, выход 25 000 KZT; передаёт 113.6%; 2/1 связей; признаки транзита",3,False,2,1,22000.0,25000.0,2,3,0.0004399911079982389,1.1363636363636365,False,47000.0,0.0,3.526272364354922e-18,8.189427761738551e-16,0,0.0,False,transit,0.0306903919222498
100000006656003100,peripheral,0.4,1,0.09133307165645974,"Вход/выход: 1/1 связей, 20 000/9 000 KZT; признаков специальной роли недостаточно",1,False,1,1,20000.0,9000.0,1,1,0.0002897670599476741,0.45,False,29000.0,0.0,3.298010415023004e-38,1.7518631406006452e-39,1,1.0,False,other,0.11091577303204225
100000006658598100,peripheral,0.4,3,0.09103271956340865,"Вход/выход: 1/0 связей, 9 000/0 KZT; признаков специальной роли недостаточно",1,False,1,0,9000.0,0.0,1,0,0.00028653695669903076,0.0,False,9000.0,0.0,0.0,2.422536034158992e-16,1,1.0,False,other,0.11055102252077224
100000006664478100,transit,0.8090909090909092,26,0.05217464228560626,"Вход 55 000, выход 60 000 KZT; передаёт 109.1%; 1/2 связей; признаки транзита",3,False,1,2,55000.0,60000.0,3,2,0.0006168426303113121,1.0909090909090908,False,115000.0,0.0,3.530380273560974e-95,1.905128262446165e-89,0,0.0,False,transit,0.03168069723717104
100000006679055100,peripheral,0.4,2,0.009520281251166718,"Вход/выход: 1/0 связей, 25 000/0 KZT; признаков специальной роли недостаточно",2,False,1,0,25000.0,0.0,1,0,0.0003008464444710437,0.0,False,25000.0,0.0,0.0,1.2769081533439767e-15,0,0.0,False,other,0.011561522406992545
100000006684930100,peripheral,0.4,12,0.009310689091350174,"Вход/выход: 1/0 связей, 10 000/0 KZT; признаков специальной роли недостаточно",2,False,1,0,10000.0,0.0,1,0,0.0002987343713958286,0.0,False,10000.0,0.0,0.0,3.3391979375682423e-22,0,0.0,False,other,0.011306991643864934
100000006687202100,terminal,0.7,0,0.1376084263359791,"Вход 50 000 KZT от 1 плательщика, выход 0; глубина 1; признаки конечного получателя",1,False,1,0,50000.0,0.0,1,0,0.0002949519153763026,0.0,False,50000.0,0.0,0.0,1.7467701410272213e-14,1,1.0,False,terminal,0.11140867673276858
100000006689603100,peripheral,0.3,4,0.0,"Глубина 4, выход 0, вход 400 000 KZT; обход обрезан, данных для гипотезы о конечном получателе недостаточно",4,False,1,0,400000.0,0.0,2,0,0.00031238935878786454,0.0,True,400000.0,0.0,0.0,1.0092450223016923e-14,0,0.0,False,truncated,-0.2846041410720886
100000006693788100,peripheral,0.3,0,0.0,"Глубина 4, выход 0, вход 10 764 KZT; обход обрезан, данных для гипотезы о конечном получателе недостаточно",4,False,1,0,10764.0,0.0,1,0,0.0005320949120369108,0.0,True,10764.0,0.0,0.0,6.594732779380286e-120,0,0.0,False,truncated,-0.2743829873914676
100000006701983100,peripheral,0.4,1,0.008975634304645246,"Вход/выход: 1/0 связей, 27 000/0 KZT; признаков специальной роли недостаточно",3,False,1,0,27000.0,0.0,1,0,0.000289783394255228,0.0,False,27000.0,0.0,0.0,4.1007349081411625e-42,0,0.0,False,other,0.010900097842950766
100000006704530100,transit,0.8500554938956715,25,0.04155188582542601,"Вход 450 500, выход 428 000 KZT; передаёт 95.0%; 1/3 связей; признаки транзита",3,False,1,3,450500.0,428000.0,1,5,0.0003985422277542582,0.9500554938956715,False,878500.0,5.877114870881568e-05,2.717189697320396e-55,1.9249278716100416e-30,0,0.0,False,transit,0.025230507710294003
100000006706519100,peripheral,0.3,0,0.0,"Глубина 4, выход 0, вход 36 000 KZT; обход обрезан, данных для гипотезы о конечном получателе недостаточно",4,False,1,0,36000.0,0.0,3,0,0.00039071092103657676,0.0,True,36000.0,0.0,0.0,1.467173084401414e-87,0,0.0,False,truncated,-0.28283858513162585
100000006707582100,distributor,0.55,9,0.17536846419961233,"Отправляет 961 138 KZT на 14 получателей, 15 переводов; признаки распределения; возможен неполный вход или начальный остаток",1,False,2,14,39520.0,961138.0,2,15,0.000538055648514295,24.320293522267207,False,1000658.0,0.0,2.3965047058298333e-15,1.3347816644087373e-17,1,0.5,True,distributor,0.09465296594281988
100000006710485100,peripheral,0.4,1,0.00887242860466605,"Вход/выход: 1/0 связей, 20 000/0 KZT; признаков специальной роли недостаточно",3,False,1,0,20000.0,0.0,1,0,0.000288690849800948,0.0,False,20000.0,0.0,0.0,3.037581413437898e-42,0,0.0,False,other,0.010774763834284518
100000006714366100,peripheral,0.4,12,0.009027968650859627,"Вход/выход: 1/1 связей, 10 500/5 000 KZT; признаков специальной роли недостаточно",3,False,1,1,10500.0,5000.0,1,1,0.0002894561536970341,0.47619047619047616,False,15500.0,1.8699910952804988e-05,4.784557452868469e-137,4.1470133131159506e-17,0,0.0,False,other,0.010963653183433876
100000006734214100,consolidator,0.75,5,0.15995332005710994,Вход 610 000 KZT от 5 плательщиков; передаёт 5.9%; признаки консолидации,3,False,5,3,610000.0,36000.0,10,4,0.0006063901366273082,0.05901639344262295,False,646000.0,5.888892656193955e-05,1.1759738574036564e-108,1.7430975762713034e-12,0,0.0,False,consolidator,0.07769954878954832
100000006734554100,peripheral,0.4,29,0.09255218234566329,"Вход 16 500, выход 25 000 KZT; возможны пропущенные входящие или начальный остаток; для проверки запросить выписку",1,False,1,1,16500.0,25000.0,1,1,0.0003119416985243868,1.5151515151515151,False,41500.0,1.7809439002671417e-06,2.719706033570032e-106,4.587476016865355e-69,1,1.0,True,missing_incoming,0.1123962729435447
100000006735545100,peripheral,0.3,4,0.0,"Глубина 4, выход 0, вход 5 000 KZT; обход обрезан, данных для гипотезы о конечном получателе недостаточно",4,False,1,0,5000.0,0.0,1,0,0.0002932717116494771,0.0,True,5000.0,0.0,0.0,6.870655013332478e-19,0,0.0,False,truncated,-0.2890695287528785
100000006745291100,terminal,0.7,9,0.13818086749106726,"Вход 82 534 KZT от 1 плательщика, выход 0; глубина 1; признаки конечного получателя",1,False,1,0,82534.0,0.0,1,0,0.0002980872404910774,0.0,False,82534.0,0.0,0.0,2.4496931163678828e-14,1,1.0,False,terminal,0.1118721288141116
100000006746688100,peripheral,0.4,1,0.009182045704603644,"Вход/выход: 1/0 связей, 41 000/0 KZT; признаков специальной роли недостаточно",3,False,1,0,41000.0,0.0,1,0,0.000291968483163788,0.0,False,41000.0,0.0,0.0,6.227041897547692e-42,0,0.0,False,other,0.011150765860283263
100000006755850100,terminal,0.7,5,0.044964359253488295,"Вход 443 476 KZT от 1 плательщика, выход 0; глубина 2; признаки конечного получателя",2,False,1,0,443475.8,0.0,3,0,0.0006492085817124323,0.0,False,443475.8,0.0,0.0,1.8185924434771707e-50,0,0.0,False,terminal,0.036403437623341126
100000006756956100,peripheral,0.3,0,0.0,"Глубина 4, выход 0, вход 121 200 KZT; обход обрезан, данных для гипотезы о конечном получателе недостаточно",4,False,1,0,121200.0,0.0,9,0,0.00031094703412755853,0.0,True,121200.0,0.0,0.0,2.81864670775932e-16,0,0.0,False,truncated,-0.2870172356593848
100000006787636100,peripheral,0.4,3,0.012375848503911449,"Вход/выход: 1/0 связей, 20 000/0 KZT; признаков специальной роли недостаточно",2,False,1,0,20000.0,0.0,1,0,0.0003581033949231403,0.0,False,20000.0,0.0,0.0,2.578638082511099e-66,0,0.0,False,other,0.015029351130354722
100000006788200100,peripheral,0.4,6,0.060550981713497404,"Вход/выход: 4/3 связей, 272 156/64 500 KZT; признаков специальной роли недостаточно",1,False,4,3,272155.8,64500.0,4,4,0.00033716343435244255,0.23699660268125833,False,336655.8,9.349955476402494e-05,8.98147167946835e-21,1.7839946266797024e-14,1,0.25,False,other,0.07353370277377078
100000006789108100,peripheral,0.4,9,0.09146663020316055,"Вход/выход: 1/0 связей, 37 500/0 KZT; признаков специальной роли недостаточно",1,False,1,0,37500.0,0.0,1,0,0.0002912569258026617,0.0,False,37500.0,0.0,0.0,1.1130381644388446e-14,1,1.0,False,other,0.11107796783381216
100000006831291100,peripheral,0.4,55,0.00010299069710770435,"Вход/выход: 0/1 связей, 0/15 000 KZT; признаков специальной роли недостаточно; seed: входящие суммы занижены методом сбора",0,True,0,1,0.0,15000.0,0,3,0.0002855692942172909,,False,15000.0,0.0,3.353889294060121e-88,0.0,0,0.0,True,other,0.0001250729070820866
100000006844004100,peripheral,0.4,0,0.021835388654073282,"Вход/выход: 1/0 связей, 20 600/0 KZT; признаков специальной роли недостаточно",3,False,1,0,20600.0,0.0,1,0,0.0005454417164852393,0.0,False,20600.0,0.0,0.0,8.722059548422152e-108,0,0.0,False,other,0.026517108951851713
100000006844768100,peripheral,0.4,0,0.06687331019725136,"Вход/выход: 1/2 связей, 282 000/188 000 KZT; признаков специальной роли недостаточно",2,False,1,2,282000.0,188000.0,5,5,0.0013707774167539038,0.6666666666666666,False,470000.0,3.7399821905609976e-05,8.13957254450846e-14,8.084938866004978e-59,0,0.0,False,other,0.08121160014894871
100000006852430100,peripheral,0.4,9,0.021481641066939245,"Вход/выход: 1/0 связей, 37 000/0 KZT; признаков специальной роли недостаточно",2,False,1,0,37000.0,0.0,1,0,0.0005362020040442948,0.0,False,37000.0,0.0,0.0,7.533602584961368e-97,0,0.0,False,other,0.026087514431777162
100000006866783100,distributor,0.8,0,0.49851846999252714,"Отправляет 3 948 037 KZT на 67 получателей, 90 переводов; признаки распределения; seed: входящие суммы занижены методом сбора",0,True,13,67,838812.0,3948037.0,31,90,0.0008703719471294018,4.706700667133994,False,4786849.0,0.006031166518254675,1.3348870134819414e-12,2.9399167243293665e-15,0,0.0,True,distributor,0.26906919654813094
100000006866831100,peripheral,0.3,4,0.0,"Глубина 4, выход 0, вход 16 500 KZT; обход обрезан, данных для гипотезы о конечном получателе недостаточно",4,False,1,0,16500.0,0.0,1,0,0.00036767719063950316,0.0,True,16500.0,0.0,0.0,3.052872220217026e-98,0,0.0,False,truncated,-0.284413014278179
100000006882208100,peripheral,0.4,3,0.026606196125952032,"Вход/выход: 1/0 связей, 18 000/0 KZT; признаков специальной роли недостаточно",3,False,1,0,18000.0,0.0,1,0,0.0006403184460375346,0.0,False,18000.0,0.0,0.0,4.60165842712898e-19,0,0.0,False,other,0.032310824077527646
100000006888238100,peripheral,0.4,60,0.025269493373835904,"Вход 18 000, выход 30 000 KZT; возможны пропущенные входящие или начальный остаток; для проверки запросить выписку",2,False,1,1,18000.0,30000.0,1,1,0.0006097535591566922,1.6666666666666667,False,48000.0,0.0,8.288897912611635e-103,2.593619024746019e-100,0,0.0,True,missing_incoming,0.03068751921789598
100000006889963100,consolidator,0.7,5,0.2392542398344063,Вход 1 431 000 KZT от 4 плательщиков; передаёт 31.0%; признаки консолидации,1,False,4,1,1431000.0,443475.8,6,3,0.0004272604441628671,0.30990621942697416,False,1874475.8,2.4983180965671323e-05,2.4402724655057018e-51,4.150568214948416e-12,2,0.5,False,consolidator,0.11622107296355194
100000006894637100,terminal,0.7,0,0.013765150956457065,"Вход 52 831 KZT от 1 плательщика, выход 0; глубина 3; признаки конечного получателя",3,False,1,0,52831.0,0.0,1,0,0.0002902544663373193,0.0,False,52831.0,0.0,0.0,5.347594874900716e-14,0,0.0,False,terminal,0.011144355719477632
100000006901046100,peripheral,0.4,3,0.14613350790371185,"Вход/выход: 1/1 связей, 75 800/5 500 KZT; признаков специальной роли недостаточно",2,False,1,1,75800.0,5500.0,3,1,0.002999877684722503,0.07255936675461741,False,81300.0,0.0,3.265678985850148e-17,1.8625348762464403e-83,0,0.0,False,other,0.177465957303954
100000006903193100,peripheral,0.3,0,0.0,"Глубина 4, выход 0, вход 9 000 KZT; обход обрезан, данных для гипотезы о конечном получателе недостаточно",4,False,1,0,9000.0,0.0,1,0,0.0003016045268852538,0.0,True,9000.0,0.0,0.0,1.917255909569607e-18,0,0.0,False,truncated,-0.2885254226292493
100000006912294100,peripheral,0.4,6,0.01960250532288613,"Вход 6 335, выход 30 000 KZT; возможны пропущенные входящие или начальный остаток; для проверки запросить выписку",2,False,1,2,6335.09,30000.0,1,2,0.0004989220673206184,4.7355286191672095,False,36335.09,8.904719501335708e-07,1.155456012392677e-19,1.0796245925550587e-90,0,0.0,True,missing_incoming,0.023805473656144806
100000006918814100,peripheral,0.3,2,0.0,"Глубина 4, выход 0, вход 20 000 KZT; обход обрезан, данных для гипотезы о конечном получателе недостаточно",4,False,1,0,20000.0,0.0,2,0,0.0003043279710896785,0.0,True,20000.0,0.0,0.0,2.3646737272390128e-17,0,0.0,False,truncated,-0.28826677112938776
100000006919124100,peripheral,0.4,0,0.008820271479377433,"Вход/выход: 1/0 связей, 25 000/0 KZT; признаков специальной роли недостаточно",3,False,1,0,25000.0,0.0,1,0,0.0002869772933936165,0.0,False,25000.0,0.0,0.0,6.614693574275722e-15,0,0.0,False,other,0.010711423712622173
100000006952718100,terminal,0.7,3,0.13770132126666648,"Вход 71 489 KZT от 1 плательщика, выход 0; глубина 1; признаки конечного получателя",1,False,1,0,71489.0,0.0,1,0,0.00029325565234585775,0.0,False,71489.0,0.0,0.0,1.92427420606658e-15,1,1.0,False,terminal,0.1114838850726837
100000006965162100,peripheral,0.4,27,0.009843411336485067,"Вход/выход: 1/0 связей, 10 000/0 KZT; признаков специальной роли недостаточно",3,False,1,0,10000.0,0.0,1,0,0.0003092890887695541,0.0,False,10000.0,0.0,0.0,1.1526560481522053e-60,0,0.0,False,other,0.011953934734235887
100000006967370100,peripheral,0.4,15,0.009451403393821172,"Вход/выход: 1/1 связей, 33 225/13 526 KZT; признаков специальной роли недостаточно",3,False,1,1,33225.0,13526.27,1,1,0.0002935942953782791,0.40711121143717083,False,46751.270000000004,1.8699910952804988e-05,4.977323629111841e-118,8.41948752346775e-16,0,0.0,False,other,0.01147787646523546
100000006972210100,consolidator,0.65,6,0.2862454289363188,Вход 488 775 KZT от 3 плательщиков; передаёт 0.0%; признаки консолидации,1,False,3,0,488775.0,0.0,4,0,0.000346296000353762,0.0,False,488775.0,0.0,0.0,2.7991529924034277e-14,3,1.0,False,consolidator,0.13904769631215963
100000006977207100,distributor,0.55,4,0.09726138561798445,"Отправляет 4 157 018 KZT на 15 получателей, 15 переводов; признаки распределения; возможен неполный вход или начальный остаток",2,False,1,15,414000.0,4157018.0,1,15,0.00034788547570970175,10.041106280193237,False,4571018.0,1.5138023152270704e-05,2.342999114851562e-13,6.126214519334705e-14,0,0.0,True,distributor,0.05249563347929978
100000006989106100,terminal,0.7,6,0.02942970658764314,"Вход 64 000 KZT от 1 плательщика, выход 0; глубина 2; признаки конечного получателя",2,False,1,0,64000.0,0.0,2,0,0.0004956408524122075,0.0,False,64000.0,0.0,0.0,2.661898760301024e-86,0,0.0,False,terminal,0.023826481814113357
100000006989232100,peripheral,0.4,0,0.008829280753413158,"Вход/выход: 1/0 связей, 22 194/0 KZT; признаков специальной роли недостаточно",3,False,1,0,22194.0,0.0,1,0,0.00028753750814532387,0.0,False,22194.0,0.0,0.0,2.2464939269282523e-14,0,0.0,False,other,0.01072236466288265
100000006994985100,peripheral,0.4,6,0.020018394503449607,"Вход/выход: 1/1 связей, 48 500/10 200 KZT; признаков специальной роли недостаточно",2,False,1,1,48500.0,10200.0,2,2,0.0005013304862324077,0.21030927835051547,False,58700.0,1.8699910952804988e-05,2.0117274443807614e-123,1.1398406087982355e-22,0,0.0,False,other,0.024310533533374916
100000007005380100,peripheral,0.4,5,0.00952669667836944,"Вход/выход: 1/0 связей, 9 400/0 KZT; признаков специальной роли недостаточно",3,False,1,0,9400.0,0.0,1,0,0.000303095707083968,0.0,False,9400.0,0.0,0.0,6.081043710121611e-17,0,0.0,False,other,0.01156931336436007
100000007018630100,peripheral,0.4,62,0.0013732092947693914,"Вход/выход: 0/1 связей, 0/200 000 KZT; признаков специальной роли недостаточно; seed: входящие суммы занижены методом сбора",0,True,0,1,0.0,200000.0,0,5,0.0002855692942172909,,False,200000.0,0.0,1.4807488102917885e-66,0.0,0,0.0,True,other,0.001667638761094488
100000007020162100,terminal,0.7,13,0.015604902461553306,"Вход 86 395 KZT от 1 плательщика, выход 0; глубина 3; признаки конечного получателя",3,False,1,0,86395.0,0.0,1,0,0.0003099889827531998,0.0,False,86395.0,0.0,0.0,6.067692519756282e-18,0,0.0,False,terminal,0.01263383050061828
100000007022818100,peripheral,0.4,1,0.008831146324674369,"Вход/выход: 1/0 связей, 17 200/0 KZT; признаков специальной роли недостаточно",3,False,1,0,17200.0,0.0,1,0,0.000288253832019236,0.0,False,17200.0,0.0,0.0,2.6123200155565922e-42,0,0.0,False,other,0.010724630230818016
100000007034089100,peripheral,0.3,7,0.0,"Глубина 4, выход 0, вход 198 000 KZT; обход обрезан, данных для гипотезы о конечном получателе недостаточно",4,False,2,0,198000.0,0.0,2,0,0.00032111599242809935,0.0,True,198000.0,0.0,0.0,2.3816945282377335e-18,0,0.0,False,truncated,-0.2753368974167213
100000007042175100,peripheral,0.3,0,0.0,"Глубина 4, выход 0, вход 60 000 KZT; обход обрезан, данных для гипотезы о конечном получателе недостаточно",4,False,1,0,60000.0,0.0,1,0,0.0005340058628254453,0.0,True,60000.0,0.0,0.0,8.032159760405108e-88,0,0.0,False,truncated,-0.2738553178574092
100000007055802100,consolidator,0.8,0,0.32122083570534454,Вход 2 024 999 KZT от 6 плательщиков; передаёт 29.9%; признаки консолидации,1,False,6,1,2024999.0,605000.0,34,7,0.001181924366122314,0.29876557963732325,False,2629999.0,0.0,4.799197364584776e-13,3.864708866938612e-12,1,0.16666666666666666,False,consolidator,0.15603748635661713
100000007071852100,peripheral,0.3,4,0.0,"Глубина 4, выход 0, вход 195 000 KZT; обход обрезан, данных для гипотезы о конечном получателе недостаточно",4,False,1,0,195000.0,0.0,1,0,0.0004435147927696225,0.0,True,195000.0,0.0,0.0,4.8185404993520686e-17,0,0.0,False,truncated,-0.27827624057778355
100000007129492100,peripheral,0.4,9,0.10075248231185881,"Вход/выход: 2/1 связей, 50 990/37 000 KZT; признаков специальной роли недостаточно",1,False,2,1,50990.0,37000.0,2,1,0.0002945171129254455,0.725632476956266,False,87990.0,2.4933214603739984e-05,8.434074678646114e-99,1.9995622294104567e-14,2,1.0,False,other,0.12235479720369836
100000007131370100,transit,0.9,14,0.0800015520533841,"Вход 30 000, выход 30 000 KZT; передаёт 100.0%; 1/1 связей; признаки транзита",3,False,1,1,30000.0,30000.0,1,1,0.0008999890359090031,1.0,False,60000.0,0.0,5.952158514574313e-20,3.455737047644127e-98,0,0.0,False,transit,0.0485773325523355
100000007138613100,consolidator,0.65,0,0.09399948913858194,Вход 1 002 000 KZT от 3 плательщиков; передаёт 17.9%; признаки консолидации,3,False,3,2,1002000.0,179000.0,3,2,0.0003541752272666083,0.17864271457085829,False,1181000.0,3.7399821905609976e-05,2.7638091221821786e-72,2.963304508742346e-12,0,0.0,False,consolidator,0.04566155857163913
100000007140834100,peripheral,0.4,6,0.03018370637473614,"Вход/выход: 1/0 связей, 10 200/0 KZT; признаков специальной роли недостаточно",3,False,1,0,10200.0,0.0,2,0,0.0007122600056993952,0.0,False,10200.0,0.0,0.0,6.518324203982029e-121,0,0.0,False,other,0.036655387416714084
100000007153161100,peripheral,0.3,0,0.0,"Глубина 4, выход 0, вход 44 997 KZT; обход обрезан, данных для гипотезы о конечном получателе недостаточно",4,False,1,0,44997.0,0.0,1,0,0.0005309451743246838,0.0,True,44997.0,0.0,0.0,3.3979864668384587e-93,0,0.0,False,truncated,-0.2741680182706633
100000007170072100,transit,0.895,4,0.02271684169146638,"Вход 100 000, выход 99 500 KZT; передаёт 99.5%; 1/2 связей; признаки транзита",3,False,1,2,100000.0,99500.0,1,9,0.0003076581045462558,0.995,False,199500.0,3.7474771448506984e-05,1.341655554818774e-83,1.2062780627091357e-14,0,0.0,False,transit,0.013793777058834477
100000007173936100,peripheral,0.4,30,0.008709272683090281,"Вход/выход: 1/0 связей, 10 000/0 KZT; признаков специальной роли недостаточно",2,False,1,0,10000.0,0.0,1,0,0.00028681863055512655,0.0,False,10000.0,0.0,0.0,7.756874912817852e-17,0,0.0,False,other,0.01057662569178998
100000007175718100,peripheral,0.4,46,0.09194859195028654,"Вход/выход: 1/0 связей, 20 000/0 KZT; признаков специальной роли недостаточно",1,False,1,0,20000.0,0.0,1,0,0.00030318655842831487,0.0,False,20000.0,0.0,0.0,5.5618935602497587e-70,1,1.0,False,other,0.11166326688031118
100000007181706100,terminal,0.7,2,0.0918425220952674,"Вход 176 272 KZT от 2 плательщиков, выход 0; глубина 1; признаки конечного получателя",1,False,2,0,176272.0,0.0,2,0,0.00031906641503554804,0.0,False,176272.0,0.0,0.0,8.376214844843999e-14,1,0.5,False,terminal,0.07435630307588603
100000007197866100,peripheral,0.4,4,0.009171058715029335,"Вход/выход: 1/1 связей, 20 000/15 000 KZT; признаков специальной роли недостаточно",3,False,1,1,20000.0,15000.0,1,1,0.0002896384741784168,0.75,False,35000.0,1.8699910952804988e-05,4.711692959410604e-116,1.259836045111562e-15,0,0.0,False,other,0.011137423152983182
100000007229557100,consolidator,0.65,16,0.09311095271375491,Вход 878 000 KZT от 3 плательщиков; передаёт 0.0%; признаки консолидации,3,False,3,0,878000.0,0.0,3,0,0.0003942093306983496,0.0,False,878000.0,0.0,0.0,1.8714866343562528e-16,0,0.0,False,consolidator,0.04522993965139734
100000007242833100,peripheral,0.4,11,0.021298840771630648,"Вход/выход: 1/1 связей, 107 500/45 000 KZT; признаков специальной роли недостаточно",2,False,1,1,107500.0,45000.0,3,2,0.0005138001156911178,0.4186046511627907,False,152500.0,1.9590382902938557e-05,4.639938126450946e-95,3.724198899309454e-74,0,0.0,False,other,0.02586551997022108
100000007267915100,peripheral,0.4,15,0.017718284254482655,"Вход/выход: 2/1 связей, 21 000/10 000 KZT; признаков специальной роли недостаточно",3,False,2,1,21000.0,10000.0,3,1,0.00029139460697907583,0.47619047619047616,False,31000.0,7.123775601068567e-06,1.6277348847547845e-18,8.718686672958982e-16,0,0.0,False,other,0.021517257213021918
100000007274584100,peripheral,0.4,2,0.09156703857808704,"Вход/выход: 1/0 связей, 38 000/0 KZT; признаков специальной роли недостаточно",1,False,1,0,38000.0,0.0,1,0,0.00029317827870025244,0.0,False,38000.0,0.0,0.0,1.866791919943263e-14,1,1.0,False,other,0.11119990474365082
100000007281639100,terminal,0.7,3,0.09260066048529439,"Вход 216 770 KZT от 2 плательщиков, выход 0; глубина 1; признаки конечного получателя",1,False,2,0,216770.0,0.0,4,0,0.0003235711404553908,0.0,False,216770.0,0.0,0.0,3.967520378087132e-15,1,0.5,False,terminal,0.07497009684609453
100000007283257100,terminal,0.7,65,0.14619635965144231,"Вход 192 000 KZT от 1 плательщика, выход 0; глубина 1; признаки конечного получателя",1,False,1,0,192000.0,0.0,7,0,0.00038906884568361,0.0,False,192000.0,0.0,0.0,1.1807063303125977e-56,1,1.0,False,terminal,0.11836152338627945
100000007289427100,peripheral,0.4,2,0.013106491658739578,"Вход/выход: 1/0 связей, 12 300/0 KZT; признаков специальной роли недостаточно",2,False,1,0,12300.0,0.0,1,0,0.0003736269529532968,0.0,False,12300.0,0.0,0.0,3.327288122577251e-82,0,0.0,False,other,0.015916651303868597
100000007303047100,terminal,0.7,1,0.014021868012212457,"Вход 52 250 KZT от 1 плательщика, выход 0; глубина 3; признаки конечного получателя",3,False,1,0,52250.0,0.0,1,0,0.00029372435817959507,0.0,False,52250.0,0.0,0.0,7.935681442606508e-42,0,0.0,False,terminal,0.011352195517068302
100000007311010100,peripheral,0.4,2,0.06029155552236451,"Вход/выход: 2/1 связей, 64 480/20 000 KZT; признаков специальной роли недостаточно",1,False,2,1,64480.0,20000.0,2,1,0.0003093598362490275,0.31017369727047145,False,84480.0,2.3198668039551944e-05,1.480748810291788e-110,2.002042031545457e-14,1,0.5,False,other,0.07321865307695892
100000007322059100,peripheral,0.4,32,0.037734218969936756,"Вход/выход: 2/1 связей, 29 000/22 500 KZT; признаков специальной роли недостаточно",2,False,2,1,29000.0,22500.0,2,2,0.0006801571631888191,0.7758620689655172,False,51500.0,3.9180765805877114e-05,2.637499464100839e-108,1.3711441185733e-70,0,0.0,False,other,0.04582480355586367
100000007330432100,peripheral,0.3,53,0.0,"Глубина 4, выход 0, вход 584 900 KZT; обход обрезан, данных для гипотезы о конечном получателе недостаточно",4,False,1,0,584900.0,0.0,1,0,0.00053817599306743,0.0,True,584900.0,0.0,0.0,1.9664455524269796e-24,0,0.0,False,truncated,-0.2692229950794003
100000007333038100,peripheral,0.4,10,0.009664723600936412,"Вход 17 500, выход 34 994 KZT; возможны пропущенные входящие или начальный остаток; для проверки запросить выписку",3,False,1,2,17500.0,34994.0,1,2,0.00029968918055683897,1.9996571428571428,False,52494.0,1.7809439002671417e-06,1.1814742905668774e-105,4.930287458062915e-20,0,0.0,True,missing_incoming,0.011736934605363921
100000007334196100,terminal,0.7,9,0.13965044288004172,"Вход 150 002 KZT от 1 плательщика, выход 0; глубина 1; признаки конечного получателя",1,False,1,0,150002.0,0.0,1,0,0.0003083201238991253,0.0,False,150002.0,0.0,0.0,4.452212019790815e-14,1,1.0,False,terminal,0.11306190660464417
100000007337374100,peripheral,0.4,1,0.009057722520608888,"Вход/выход: 1/0 связей, 20 000/0 KZT; признаков специальной роли недостаточно",2,False,1,0,20000.0,0.0,2,0,0.0002923620404292881,0.0,False,20000.0,0.0,0.0,2.6890806076774734e-36,0,0.0,False,other,0.010999786573060222
100000007347733100,peripheral,0.4,55,0.09411418867493382,"Вход/выход: 1/0 связей, 23 007/0 KZT; признаков специальной роли недостаточно",1,False,1,0,23007.0,0.0,1,0,0.0003456840263989008,0.0,False,23007.0,0.0,0.0,2.6893976522161993e-86,1,1.0,False,other,0.11429318866475958
100000007357489100,peripheral,0.3,7,0.0,"Глубина 4, выход 0, вход 164 500 KZT; обход обрезан, данных для гипотезы о конечном получателе недостаточно",4,False,2,0,164500.0,0.0,2,0,0.00031295949170801585,0.0,True,164500.0,0.0,0.0,2.080496334479757e-18,0,0.0,False,truncated,-0.2761161731982071
100000007381662100,peripheral,0.3,0,0.0,"Глубина 4, выход 0, вход 11 000 KZT; обход обрезан, данных для гипотезы о конечном получателе недостаточно",4,False,1,0,11000.0,0.0,1,0,0.0002968339281028911,0.0,True,11000.0,0.0,0.0,7.799802838843708e-18,0,0.0,False,truncated,-0.288801156337513
100000007382152100,peripheral,0.4,0,0.008663800190332851,"Вход/выход: 1/0 связей, 5 860/0 KZT; признаков специальной роли недостаточно",2,False,1,0,5860.0,0.0,1,0,0.0002864808806193007,0.0,False,5860.0,0.0,0.0,6.950687936627806e-18,0,0.0,False,other,0.010521403453071726
100000007382543100,peripheral,0.4,27,0.07751708327489568,"Вход 218 000, выход 427 000 KZT; возможны пропущенные входящие или начальный остаток; для проверки запросить выписку",2,False,3,5,218000.0,427000.0,3,8,0.0011904909010560457,1.9587155963302751,False,645000.0,0.00021282279608192343,2.6858034597825013e-60,8.472328938908368e-27,0,0.0,True,missing_incoming,0.09413750198793565
100000007390016100,peripheral,0.4,70,0.09307257265863698,"Вход/выход: 1/1 связей, 511 000/346 500 KZT; признаков специальной роли недостаточно",3,False,1,1,511000.0,346500.0,13,14,0.0018430013608097095,0.678082191780822,False,857500.0,0.0,7.052150774063348e-14,8.061711965948226e-48,0,0.0,False,other,0.11302824001522024
100000007392365100,peripheral,0.4,41,0.021680439146380792,"Вход 9 613, выход 1 765 600 KZT; возможны пропущенные входящие или начальный остаток; для проверки запросить выписку",3,False,1,6,9613.0,1765600.0,1,9,0.0002861106980605716,183.66794965151357,False,1775213.0,0.00011219946571682993,2.3370959086596e-39,2.5434819731805007e-15,0,0.0,True,missing_incoming,0.026328936758417864
100000007442518100,coordinator,0.6035068661522281,30,0.2837897869276296,Вход/выход: 5/9 связей; seed-плательщиков 1; в топ-5% по посреднической роли в сети; признаки координации; возможен неполный вход или начальный остаток,1,False,5,9,510000.0,4419999.0,8,12,0.0006487732246506227,8.666664705882352,False,4929999.0,0.0002502226179875334,2.2089503013335853e-14,6.166710198816263e-14,1,0.2,True,coordinator,0.13785483406962729
100000007472293100,peripheral,0.4,48,0.011554345252655189,"Вход 5 000, выход 345 900 KZT; возможны пропущенные входящие или начальный остаток; для проверки запросить выписку",3,False,1,3,5000.0,345900.0,1,3,0.00028633291495751956,69.18,False,350900.0,6.691923472947676e-05,8.828156413663562e-56,5.592561322293595e-20,0,0.0,True,missing_incoming,0.014031709569539223
100000007484343100,peripheral,0.4,0,0.01751871537956032,"Вход/выход: 2/0 связей, 26 757/0 KZT; признаков специальной роли недостаточно",3,False,2,0,26757.0,0.0,2,0,0.0002891334225528798,0.0,False,26757.0,0.0,0.0,7.656721344313404e-15,0,0.0,False,other,0.021274898824831436
100000007487729100,peripheral,0.4,0,0.009180524592285987,"Вход/выход: 1/0 связей, 25 000/0 KZT; признаков специальной роли недостаточно",3,False,1,0,25000.0,0.0,1,0,0.0002941149149674853,0.0,False,25000.0,0.0,0.0,5.061212556550378e-16,0,0.0,False,other,0.01114891860664861
100000007507343100,terminal,0.7,54,0.16714973936123875,"Вход 370 000 KZT от 1 плательщика, выход 0; глубина 1; признаки конечного получателя",1,False,1,0,370000.0,0.0,1,0,0.0006416178761806934,0.0,False,370000.0,0.0,0.0,2.6931677575230646e-33,1,1.0,False,terminal,0.1353255158444747
100000007510567100,peripheral,0.3,8,0.0,"Глубина 4, выход 0, вход 52 000 KZT; обход обрезан, данных для гипотезы о конечном получателе недостаточно",4,False,1,0,52000.0,0.0,1,0,0.00030503440290359675,0.0,True,52000.0,0.0,0.0,1.189337856436374e-19,0,0.0,False,truncated,-0.2879566487458408
100000007510875100,peripheral,0.4,6,0.012179123701021857,"Вход/выход: 1/0 связей, 5 000/0 KZT; признаков специальной роли недостаточно",3,False,1,0,5000.0,0.0,1,0,0.00035624626017075875,0.0,False,5000.0,0.0,0.0,1.511738155489638e-22,0,0.0,False,other,0.01479044661098031
100000007511163100,peripheral,0.4,3,0.06471367609589407,"Вход 63 666, выход 82 052 KZT; возможны пропущенные входящие или начальный остаток; для проверки запросить выписку",1,False,2,3,63666.0,82052.0,2,3,0.0003395973251602175,1.2887883642760658,False,145718.0,0.0003363806865735032,1.4390121616094415e-19,3.9940473648181124e-16,1,0.5,True,missing_incoming,0.07858891943237979
100000007511780100,peripheral,0.3,0,0.0,"Глубина 4, выход 0, вход 155 000 KZT; обход обрезан, данных для гипотезы о конечном получателе недостаточно",4,False,1,0,155000.0,0.0,2,0,0.0005577703986813199,0.0,True,155000.0,0.0,0.0,4.941050874013329e-20,0,0.0,False,truncated,-0.27160656093340035
100000007534354100,peripheral,0.4,9,0.01092777985062716,"Вход 50 000, выход 147 810 KZT; возможны пропущенные входящие или начальный остаток; для проверки запросить выписку",2,False,1,3,50000.0,147810.0,1,3,0.00030354781418186465,2.9562,False,197810.0,1.0707077556716282e-05,1.0577611909824082e-18,2.3596855296264983e-20,0,0.0,True,missing_incoming,0.013270802434142819
100000007536804100,peripheral,0.4,6,0.09227574228996839,"Вход/выход: 1/2 связей, 100 000/55 000 KZT; признаков специальной роли недостаточно",1,False,1,2,100000.0,55000.0,1,2,0.00029130351809237046,0.55,False,155000.0,0.0,4.1548885895354246e-82,1.547609115219634e-16,1,1.0,False,other,0.11206056144366491
100000007539296100,peripheral,0.3,5,0.0,"Глубина 4, выход 0, вход 46 000 KZT; обход обрезан, данных для гипотезы о конечном получателе недостаточно",4,False,1,0,46000.0,0.0,2,0,0.0005573238796527794,0.0,True,46000.0,0.0,0.0,8.768298656191767e-93,0,0.0,False,truncated,-0.2725427930904509
100000007544358100,transit,0.8147286821705427,3,0.13175148878103804,"Вход 322 500, выход 350 000 KZT; передаёт 108.5%; 2/1 связей; признаки транзита",1,False,2,1,322500.0,350000.0,2,3,0.0003405716742742659,1.0852713178294573,False,672500.0,1.9590382902938557e-05,7.314009743833002e-56,8.088759778927029e-15,1,0.5,False,transit,0.08000014650354595
100000007591246100,peripheral,0.4,28,0.010114228581305023,"Вход 12 190, выход 120 000 KZT; возможны пропущенные входящие или начальный остаток; для проверки запросить выписку",3,False,1,1,12190.0,120000.0,1,1,0.00029789309382384895,9.844134536505333,False,132190.0,8.904719501335708e-07,1.902213381925002e-21,7.389667427856615e-18,0,0.0,True,missing_incoming,0.012282817837747373
100000007593823100,distributor,0.55,0,0.15829696395751972,"Отправляет 162 900 KZT на 13 получателей, 21 переводов; признаки распределения; возможен неполный вход или начальный остаток",3,False,3,13,25000.0,162900.0,3,21,0.000290592094563477,6.516,False,187900.0,0.005449902476368587,2.816314418272351e-17,5.885378554231077e-15,0,0.0,True,distributor,0.08543883420948625
100000007594394100,peripheral,0.4,17,0.08350411895502441,"Вход 395 385, выход 3 376 312 KZT; возможны пропущенные входящие или начальный остаток; для проверки запросить выписку",2,False,6,1,395385.0,3376312.0,6,40,0.0004055854787031871,8.539302199122375,False,3771697.0,1.0707077556716282e-05,3.819622128620978e-12,7.772010898393172e-14,0,0.0,True,missing_incoming,0.1014082165121299
100000007597382100,peripheral,0.4,5,0.008711033691725207,"Вход/выход: 1/0 связей, 15 700/0 KZT; признаков специальной роли недостаточно",3,False,1,0,15700.0,0.0,1,0,0.00028607811825025404,0.0,False,15700.0,0.0,0.0,9.495426630421981e-14,0,0.0,False,other,0.01057876427785214
100000007617808100,terminal,0.7,3,0.023143862593779294,"Вход 450 000 KZT от 1 плательщика, выход 0; глубина 2; признаки конечного получателя",2,False,1,0,450000.0,0.0,1,0,0.0003601043534538582,0.0,False,450000.0,0.0,0.0,5.825969503338858e-16,0,0.0,False,terminal,0.018737421644242844
100000007618425100,peripheral,0.4,15,0.00932740632551959,"Вход/выход: 1/0 связей, 39 348/0 KZT; признаков специальной роли недостаточно",3,False,1,0,39348.0,0.0,1,0,0.0002950732143281281,0.0,False,39348.0,0.0,0.0,9.971105946528488e-16,0,0.0,False,other,0.011327293216090962
100000007629096100,peripheral,0.4,0,0.15732128321368816,"Вход/выход: 4/1 связей, 1 075 170/765 205 KZT; признаков специальной роли недостаточно",2,False,4,1,1075170.0,765205.0,5,5,0.0024724059471072494,0.7117060557865268,False,1840375.0,0.0,9.304366267522415e-17,2.135589860766977e-15,0,0.0,False,other,0.1910525007597828
100000007629121100,peripheral,0.4,2,0.014352198338644425,"Вход/выход: 1/0 связей, 29 000/0 KZT; признаков специальной роли недостаточно",2,False,1,0,29000.0,0.0,1,0,0.00039603609156140825,0.0,False,29000.0,0.0,0.0,2.0496329076053154e-91,0,0.0,False,other,0.01742944964588136
100000007631637100,peripheral,0.4,1,0.09118993287537949,"Вход/выход: 1/0 связей, 15 341/0 KZT; признаков специальной роли недостаточно",1,False,1,0,15341.0,0.0,1,0,0.0002887891904207813,0.0,False,15341.0,0.0,0.0,1.3437666219977248e-39,1,1.0,False,other,0.11074194390020162
100000007639767100,coordinator,0.7698006154219015,0,0.2725504451589095,Вход/выход: 4/10 связей; seed-плательщиков 1; в топ-5% по посреднической роли в сети; признаки координации; возможен неполный вход или начальный остаток,1,False,4,10,90913.0,822244.0,4,13,0.000301440039227222,9.044295095310902,False,913157.0,0.005952804986642921,2.0044870245320506e-15,4.299373670350891e-14,1,0.25,True,coordinator,0.1323951675631161
100000007641183100,peripheral,0.4,3,0.0912662816997795,"Вход/выход: 1/0 связей, 28 000/0 KZT; признаков специальной роли недостаточно",1,False,1,0,28000.0,0.0,1,0,0.00028857979971603717,0.0,False,28000.0,0.0,0.0,7.536778772939086e-16,1,1.0,False,other,0.11083466265721734
100000007641801100,terminal,0.7,6,0.13931120190087098,"Вход 200 000 KZT от 1 плательщика, выход 0; глубина 1; признаки конечного получателя",1,False,1,0,200000.0,0.0,1,0,0.0002970377419674501,0.0,False,200000.0,0.0,0.0,3.095218230439268e-16,1,1.0,False,terminal,0.1127872549020612
100000007647294100,terminal,0.7,35,0.03906323043222682,"Вход 385 000 KZT от 1 плательщика, выход 0; глубина 3; признаки конечного получателя",3,False,1,0,385000.0,0.0,1,0,0.0005792181286000679,0.0,False,385000.0,0.0,0.0,5.026005398934809e-43,0,0.0,False,terminal,0.03162584535874265
100000007648946100,peripheral,0.4,12,0.0914131306442363,"Вход 19 550, выход 25 000 KZT; возможны пропущенные входящие или начальный остаток; для проверки запросить выписку",1,False,1,1,19550.0,25000.0,1,1,0.0002892378990904645,1.278772378516624,False,44550.0,0.0,2.988056935146117e-19,6.8298712514164365e-15,1,1.0,True,missing_incoming,0.11101299744764934
100000007653003100,terminal,0.7,15,0.015087886618047717,"Вход 100 000 KZT от 1 плательщика, выход 0; глубина 3; признаки конечного получателя",3,False,1,0,100000.0,0.0,1,0,0.0003013091989193027,0.0,False,100000.0,0.0,0.0,5.861435870998592e-15,0,0.0,False,terminal,0.012215251111924452
100000007653094100,peripheral,0.3,12,0.0,"Глубина 4, выход 0, вход 16 000 KZT; обход обрезан, данных для гипотезы о конечном получателе недостаточно",4,False,1,0,16000.0,0.0,1,0,0.0005754742432917502,0.0,True,16000.0,0.0,0.0,6.359590927196841e-104,0,0.0,False,truncated,-0.27168042665742
100000007689942100,peripheral,0.4,17,0.03957625279236231,"Вход 5 000, выход 25 000 KZT; возможны пропущенные входящие или начальный остаток; для проверки запросить выписку",3,False,1,2,5000.0,25000.0,1,2,0.0008925911171850297,5.0,False,30000.0,1.9590382902938557e-05,4.1469325474534596e-20,6.632368789536616e-128,0,0.0,True,missing_incoming,0.04806178739599983
100000007731977100,peripheral,0.3,0,0.0,"Глубина 4, выход 0, вход 50 000 KZT; обход обрезан, данных для гипотезы о конечном получателе недостаточно",4,False,1,0,50000.0,0.0,1,0,0.0003367721755154738,0.0,True,50000.0,0.0,0.0,3.54536492674714e-17,0,0.0,False,truncated,-0.28602798335233204
100000007737775100,peripheral,0.4,33,0.009505064129138877,"Вход/выход: 1/0 связей, 6 000/0 KZT; признаков специальной роли недостаточно",3,False,1,0,6000.0,0.0,1,0,0.00030312962676534933,0.0,False,6000.0,0.0,0.0,8.231584361102725e-19,0,0.0,False,other,0.011543042585582515
100000007745062100,peripheral,0.3,11,0.0,"Глубина 4, выход 0, вход 100 000 KZT; обход обрезан, данных для гипотезы о конечном получателе недостаточно",4,False,1,0,100000.0,0.0,1,0,0.0006252799425245715,0.0,True,100000.0,0.0,0.0,2.7818170943428595e-78,0,0.0,False,truncated,-0.26792721726155244
100000007747786100,distributor,0.65,6,0.06547133136825059,"Отправляет 4 238 009 KZT на 31 получателя, 35 переводов; признаки распределения; seed: входящие суммы занижены методом сбора",0,True,0,31,0.0,4238009.4,0,35,0.0002855692942172909,,False,4238009.4,0.0,5.913269266771994e-15,0.0,0,0.0,True,distributor,0.03533734372661398
100000007749092100,peripheral,0.4,3,0.08577318826988592,"Вход 7 650, выход 70 375 KZT; возможны пропущенные входящие или начальный остаток; для проверки запросить выписку",2,False,1,1,7650.0,70375.0,1,5,0.0018044164784854861,9.199346405228757,False,78025.0,0.0,4.468421922255586e-18,2.765478479140191e-126,0,0.0,True,missing_incoming,0.10416379641934909
100000007749747100,peripheral,0.3,7,0.0,"Глубина 4, выход 0, вход 50 000 KZT; обход обрезан, данных для гипотезы о конечном получателе недостаточно",4,False,1,0,50000.0,0.0,1,0,0.000443621967101852,0.0,True,50000.0,0.0,0.0,9.466475236495517e-87,0,0.0,False,truncated,-0.2794787095132748
100000007754369100,terminal,0.7,0,0.014268619124058355,"Вход 82 424 KZT от 1 плательщика, выход 0; глубина 3; признаки конечного получателя",3,False,1,0,82424.0,0.0,1,0,0.00029287884025694984,0.0,False,82424.0,0.0,0.0,8.343021331582151e-14,0,0.0,False,terminal,0.011551966821668296
100000007777377100,peripheral,0.4,3,0.016334207149078076,"Вход/выход: 1/2 связей, 456 290/10 000 KZT; признаков специальной роли недостаточно",2,False,1,2,456290.0,10000.0,7,2,0.0003611461879485204,0.021915886826360427,False,466290.0,9.368692862126747e-05,2.564944300181018e-88,5.907403610396639e-16,0,0.0,False,other,0.01983642047669342
100000007793871100,peripheral,0.4,9,0.029028702529525167,"Вход/выход: 1/0 связей, 26 000/0 KZT; признаков специальной роли недостаточно",3,False,1,0,26000.0,0.0,3,0,0.0006872267875117613,0.0,False,26000.0,0.0,0.0,1.9417018048227487e-103,0,0.0,False,other,0.03525273948181902
100000007797290100,peripheral,0.4,0,0.01033444453395202,"Вход/выход: 1/1 связей, 100 000/20 000 KZT; признаков специальной роли недостаточно",2,False,1,1,100000.0,20000.0,1,1,0.0003011253761628506,0.2,False,120000.0,1.8699910952804988e-05,1.480748810291788e-110,1.1861242212675438e-16,0,0.0,False,other,0.0125502502385069
100000007811950100,peripheral,0.3,24,0.0,"Глубина 4, выход 0, вход 50 000 KZT; обход обрезан, данных для гипотезы о конечном получателе недостаточно",4,False,1,0,50000.0,0.0,1,0,0.0005462285400719733,0.0,True,50000.0,0.0,0.0,3.162559885757741e-91,0,0.0,False,truncated,-0.2731895204180833
100000007841978100,peripheral,0.3,5,0.0,"Глубина 4, выход 0, вход 449 000 KZT; обход обрезан, данных для гипотезы о конечном получателе недостаточно",4,False,1,0,449000.0,0.0,1,0,0.0005063238893873195,0.0,True,449000.0,0.0,0.0,7.082481418723539e-50,0,0.0,False,truncated,-0.2723085052314839
100000007861311100,peripheral,0.4,6,0.012570165190572693,"Вход/выход: 1/0 связей, 45 000/0 KZT; признаков специальной роли недостаточно",2,False,1,0,45000.0,0.0,1,0,0.0003585524623513075,0.0,False,45000.0,0.0,0.0,8.857869523288045e-75,0,0.0,False,other,0.015265331209893988
100000007863304100,peripheral,0.4,5,0.008790100583114484,"Вход/выход: 1/0 связей, 25 000/0 KZT; признаков специальной роли недостаточно",3,False,1,0,25000.0,0.0,1,0,0.000286379523569143,0.0,False,25000.0,0.0,0.0,1.5120106099398058e-13,0,0.0,False,other,0.010674783881930156
100000007864477100,peripheral,0.4,0,0.020536215297719176,"Вход 76 000, выход 203 500 KZT; возможны пропущенные входящие или начальный остаток; для проверки запросить выписку",3,False,2,6,76000.0,203500.0,2,10,0.0003047746949631922,2.6776315789473686,False,279500.0,6.233303650934996e-05,2.390314211401403e-15,2.2889960246801573e-14,0,0.0,True,missing_incoming,0.024939380156474483
100000007865484100,peripheral,0.3,41,0.0,"Глубина 4, выход 0, вход 584 600 KZT; обход обрезан, данных для гипотезы о конечном получателе недостаточно",4,False,1,0,584600.0,0.0,2,0,0.00036618616723092773,0.0,True,584600.0,0.0,0.0,6.551801721555804e-39,0,0.0,False,truncated,-0.27976747748304914
100000007867364100,peripheral,0.3,17,0.0,"Глубина 4, выход 0, вход 41 852 KZT; обход обрезан, данных для гипотезы о конечном получателе недостаточно",4,False,1,0,41852.0,0.0,1,0,0.0004487382371459403,0.0,True,41852.0,0.0,0.0,3.874579083232194e-93,0,0.0,False,truncated,-0.2792330513727299
100000007898453100,peripheral,0.4,2,0.013529422845016502,"Вход 24 750, выход 320 000 KZT; возможны пропущенные входящие или начальный остаток; для проверки запросить выписку",2,False,1,2,24750.0,320000.0,1,2,0.0003330161085564525,12.929292929292929,False,344750.0,2.4042742653606412e-05,3.406224618913122e-16,3.4950643198154207e-75,0,0.0,True,missing_incoming,0.016430263061520962
100000007908818100,coordinator,0.6012996568005851,2,0.23377685351869076,Вход/выход: 4/6 связей; seed-плательщиков 2; в топ-5% по посреднической роли в сети; признаки координации,1,False,4,6,727475.0,302000.0,4,13,0.0004753811920473764,0.4151345407058662,False,1029475.0,0.0001745325022261799,1.0932398020452396e-65,1.9601108797251994e-13,2,0.5,False,coordinator,0.11356035641746717
100000007930878100,peripheral,0.4,44,0.018608880668852256,"Вход/выход: 1/0 связей, 5 000/0 KZT; признаков специальной роли недостаточно",2,False,1,0,5000.0,0.0,1,0,0.00048363772579278913,0.0,False,5000.0,0.0,0.0,1.5229805814453174e-107,0,0.0,False,other,0.022598806185018885
100000007938486100,peripheral,0.4,1,0.0916117397998832,"Вход/выход: 1/0 связей, 39 500/0 KZT; признаков специальной роли недостаточно",1,False,1,0,39500.0,0.0,1,0,0.00029385988153479773,0.0,False,39500.0,0.0,0.0,3.459929702686274e-39,1,1.0,False,other,0.11125419034339117
100000007939160100,peripheral,0.4,44,0.11565404947185902,"Вход/выход: 1/2 связей, 795 000/14 300 KZT; признаков специальной роли недостаточно",1,False,1,2,795000.0,14300.0,2,2,0.0006653456234025181,0.017987421383647798,False,809300.0,8.904719501335708e-07,4.413190318039774e-109,1.5102088676309142e-34,1,1.0,False,other,0.14045140570447487
100000007953156100,peripheral,0.4,13,0.01863614632417871,"Вход/выход: 1/1 связей, 18 000/10 000 KZT; признаков специальной роли недостаточно",2,False,1,1,18000.0,10000.0,1,1,0.0004778416683076007,0.5555555555555556,False,28000.0,2.048085485307213e-05,8.417082485105925e-124,8.3812896928138e-97,0,0.0,False,other,0.022631917862781504
100000007960337100,peripheral,0.3,4,0.0,"Глубина 4, выход 0, вход 35 500 KZT; обход обрезан, данных для гипотезы о конечном получателе недостаточно",4,False,1,0,35500.0,0.0,1,0,0.00030276808937766193,0.0,True,35500.0,0.0,0.0,3.953380266361652e-52,0,0.0,False,truncated,-0.28823314084665064
100000007982728100,peripheral,0.4,6,0.012388984400665869,"Вход/выход: 0/8 связей, 0/1 804 384 KZT; признаков специальной роли недостаточно; seed: входящие суммы занижены методом сбора",0,True,0,8,0.0,1804384.0,0,12,0.0002855692942172909,,False,1804384.0,0.0,1.9024490483707582e-15,0.0,0,0.0,True,other,0.015045303491493585
100000007982908100,peripheral,0.4,1,0.009323735229436865,"Вход/выход: 1/0 связей, 31 080/0 KZT; признаков специальной роли недостаточно",2,False,1,0,31080.0,0.0,1,0,0.0002961252218307346,0.0,False,31080.0,0.0,0.0,4.178831264330794e-36,0,0.0,False,other,0.011322835001202252
100000007988344100,peripheral,0.3,0,0.0,"Глубина 4, выход 0, вход 20 000 KZT; обход обрезан, данных для гипотезы о конечном получателе недостаточно",4,False,1,0,20000.0,0.0,3,0,0.00038745764148945846,0.0,True,20000.0,0.0,0.0,2.5997187331224344e-98,0,0.0,False,truncated,-0.2831714034406394
100000007997939100,peripheral,0.3,7,0.0,"Глубина 4, выход 0, вход 13 000 KZT; обход обрезан, данных для гипотезы о конечном получателе недостаточно",4,False,1,0,13000.0,0.0,1,0,0.00035796308347988245,0.0,True,13000.0,0.0,0.0,1.5465737752790894e-102,0,0.0,False,truncated,-0.2850376165057133
100000007998965100,consolidator,0.75,9,0.13637410959479443,Вход 278 000 KZT от 5 плательщиков; передаёт 9.4%; признаки консолидации,2,False,5,1,278000.0,26000.0,7,3,0.0004719217907251261,0.09352517985611511,False,304000.0,2.1371326803205702e-05,1.5275269946166437e-105,6.989077468820428e-17,0,0.0,False,consolidator,0.06624561952392521
100000007999728100,peripheral,0.4,13,0.009068877941458699,"Вход/выход: 1/0 связей, 23 250/0 KZT; признаков специальной роли недостаточно",3,False,1,0,23250.0,0.0,1,0,0.00029214094487369326,0.0,False,23250.0,0.0,0.0,1.632893698528081e-18,0,0.0,False,other,0.011013333824944058
100000008002020100,peripheral,0.4,11,0.0922209054238012,"Вход/выход: 1/1 связей, 73 860/17 000 KZT; признаков специальной роли недостаточно",1,False,1,1,73860.0,17000.0,1,1,0.0002978267344904884,0.23016517736257786,False,90860.0,7.123775601068567e-06,8.581353544433803e-113,5.155433272698905e-19,1,1.0,False,other,0.1119939670185429
100000008003034100,peripheral,0.4,28,0.12798732411181243,"Вход 12 201, выход 135 000 KZT; возможны пропущенные входящие или начальный остаток; для проверки запросить выписку",1,False,1,4,12201.0,135000.0,1,4,0.00028688112198836955,11.064666830587656,False,147201.0,0.004552983081032948,3.346112794536952e-18,3.2841513503082066e-16,1,1.0,True,missing_incoming,0.15542905471919694
100000008008463100,terminal,0.7,6,0.014201771574461473,"Вход 54 180 KZT от 1 плательщика, выход 0; глубина 2; признаки конечного получателя",2,False,1,0,54180.0,0.0,1,0,0.0002958380712741413,0.0,False,54180.0,0.0,0.0,1.732112665484971e-18,0,0.0,False,terminal,0.011497846610851894
100000008011159100,peripheral,0.4,42,0.04038293782619774,"Вход/выход: 3/5 связей, 363 000/153 037 KZT; признаков специальной роли недостаточно",2,False,3,5,363000.0,153037.0,6,5,0.0004861091667224926,0.4215895316804408,False,516037.0,0.00012466607301869992,1.373130219350129e-15,1.391043066056016e-16,0,0.0,False,other,0.04904143356905075
100000008011573100,peripheral,0.4,15,0.008863408770758176,"Вход/выход: 1/0 связей, 15 000/0 KZT; признаков специальной роли недостаточно",3,False,1,0,15000.0,0.0,1,0,0.00028919231957213884,0.0,False,15000.0,0.0,0.0,3.801123035425621e-16,0,0.0,False,other,0.01076381006001231
100000008027922100,peripheral,0.3,21,0.0,"Глубина 4, выход 0, вход 70 000 KZT; обход обрезан, данных для гипотезы о конечном получателе недостаточно",4,False,1,0,70000.0,0.0,1,0,0.0005023680629098515,0.0,True,70000.0,0.0,0.0,3.1566023331224847e-84,0,0.0,False,truncated,-0.2757111499527765
100000008028628100,terminal,0.7,1,0.13788179111854476,"Вход 57 224 KZT от 1 плательщика, выход 0; глубина 1; признаки конечного получателя",1,False,1,0,57224.0,0.0,1,0,0.0002975799415250633,0.0,False,57224.0,0.0,0.0,5.012430817886566e-39,1,1.0,False,terminal,0.11162999463823331
100000008029279100,peripheral,0.4,4,0.008868852160552486,"Вход/выход: 1/0 связей, 17 000/0 KZT; признаков специальной роли недостаточно",3,False,1,0,17000.0,0.0,1,0,0.0002890280971842479,0.0,False,17000.0,0.0,0.0,1.0708606383448277e-15,0,0.0,False,other,0.010770420565670343
100000008038077100,terminal,0.7,5,0.01924078206438133,"Вход 499 850 KZT от 1 плательщика, выход 0; глубина 3; признаки конечного получателя",3,False,1,0,499850.0,0.0,2,0,0.0003017690198782214,0.0,False,499850.0,0.0,0.0,3.0231140135136476e-12,0,0.0,False,terminal,0.015577462268644867
100000008042075100,peripheral,0.4,22,0.008934272023232027,"Вход/выход: 1/0 связей, 5 000/0 KZT; признаков специальной роли недостаточно",3,False,1,0,5000.0,0.0,1,0,0.00029195667457243503,0.0,False,5000.0,0.0,0.0,2.6390937015852295e-08,0,0.0,False,other,0.01084986708497766
100000008043184100,terminal,0.7,15,0.013989639254874925,"Вход 50 564 KZT от 1 плательщика, выход 0; глубина 3; признаки конечного получателя",3,False,1,0,50564.0,0.0,1,0,0.00029352801963081616,0.0,False,50564.0,0.0,0.0,2.963776433811728e-15,0,0.0,False,terminal,0.011326102905566814
100000008050986100,peripheral,0.3,5,0.0,"Глубина 4, выход 0, вход 95 000 KZT; обход обрезан, данных для гипотезы о конечном получателе недостаточно",4,False,1,0,95000.0,0.0,2,0,0.00031180831574760716,0.0,True,95000.0,0.0,0.0,9.23094472670617e-47,0,0.0,False,truncated,-0.28718290475838226
100000008055972100,peripheral,0.4,1,0.008994801077498525,"Вход/выход: 1/0 связей, 28 300/0 KZT; признаков специальной роли недостаточно",3,False,1,0,28300.0,0.0,1,0,0.0002899862953681657,0.0,False,28300.0,0.0,0.0,4.2981777000146265e-42,0,0.0,False,other,0.010923374158845924
100000008060273100,peripheral,0.4,2,0.009322437059832558,"Вход/выход: 1/0 связей, 10 000/0 KZT; признаков специальной роли недостаточно",2,False,1,0,10000.0,0.0,2,0,0.0002989671315033319,0.0,False,10000.0,0.0,0.0,8.248377167676745e-66,0,0.0,False,other,0.011321258491373153
100000008066326100,peripheral,0.4,0,0.09123772189868239,"Вход/выход: 1/0 связей, 19 320/0 KZT; признаков специальной роли недостаточно",1,False,1,0,19320.0,0.0,1,0,0.00028919473903313297,0.0,False,19320.0,0.0,0.0,6.749519824929184e-15,1,1.0,False,other,0.11079997935620844
100000008070101100,terminal,0.7,7,0.014427605317168354,"Вход 100 000 KZT от 1 плательщика, выход 0; глубина 3; признаки конечного получателя",3,False,1,0,100000.0,0.0,1,0,0.00029258785293762344,0.0,False,100000.0,0.0,0.0,8.446048144675766e-18,0,0.0,False,terminal,0.011680683077385947
100000008071620100,peripheral,0.4,0,0.0916894161349926,"Вход/выход: 1/0 связей, 46 968/0 KZT; признаков специальной роли недостаточно",1,False,1,0,46968.0,0.0,1,0,0.0002943829532292201,0.0,False,46968.0,0.0,0.0,1.640845999675331e-14,1,1.0,False,other,0.11134852124236017
100000008071749100,peripheral,0.3,8,0.0,"Глубина 4, выход 0, вход 24 943 KZT; обход обрезан, данных для гипотезы о конечном получателе недостаточно",4,False,1,0,24943.0,0.0,1,0,0.0002949061827934933,0.0,True,24943.0,0.0,0.0,5.704933490979321e-20,0,0.0,False,truncated,-0.28880305653206745
100000008074304100,peripheral,0.3,5,0.0,"Глубина 4, выход 0, вход 5 500 KZT; обход обрезан, данных для гипотезы о конечном получателе недостаточно",4,False,1,0,5500.0,0.0,1,0,0.00033242119278309483,0.0,True,5500.0,0.0,0.0,4.172324181058549e-105,0,0.0,False,truncated,-0.28666572303718285
100000008077552100,terminal,0.7,4,0.018366705234342678,"Вход 214 000 KZT от 1 плательщика, выход 0; глубина 3; признаки конечного получателя",3,False,1,0,214000.0,0.0,1,0,0.00032910951980133827,0.0,False,214000.0,0.0,0.0,1.3480245682693712e-14,0,0.0,False,terminal,0.014869803983536505
100000008086440100,transit,0.7075781167859092,0,0.027668166941235764,"Вход 199 733, выход 161 300 KZT; передаёт 80.8%; 1/5 связей; признаки транзита",3,False,1,5,199733.0,161300.0,1,6,0.0003376739457034379,0.8075781167859092,False,361033.0,1.8699910952804988e-05,8.140754674606213e-16,6.430910142464413e-14,0,0.0,False,transit,0.016800245896743088
100000008088082100,peripheral,0.4,12,0.0100686354649802,"Вход 39 138, выход 50 000 KZT; возможны пропущенные входящие или начальный остаток; для проверки запросить выписку",3,False,1,1,39138.0,50000.0,1,1,0.00030005728529521367,1.2775307884920026,False,89138.0,1.8699910952804988e-05,4.784557452868471e-93,1.5457695909403054e-16,0,0.0,True,missing_incoming,0.012227449112592381
100000008094734100,consolidator,0.7,0,0.20015146586317858,Вход 236 249 KZT от 4 плательщиков; передаёт 0.0%; признаки консолидации,1,False,4,0,236249.0,0.0,4,0,0.0003441360031889836,0.0,False,236249.0,0.0,0.0,5.272754046235776e-14,2,0.5,False,consolidator,0.09722635692452691
100000008097580100,peripheral,0.4,4,0.037019835995608895,"Вход/выход: 2/0 связей, 32 000/0 KZT; признаков специальной роли недостаточно",3,False,2,0,32000.0,0.0,4,0,0.0006747919200885517,0.0,False,32000.0,0.0,0.0,4.661684026420889e-16,0,0.0,False,other,0.04495724990414216
100000008104567100,peripheral,0.4,8,0.055271490824769405,"Вход/выход: 3/3 связей, 53 550/40 000 KZT; признаков специальной роли недостаточно",2,False,3,3,53550.0,40000.0,3,4,0.0005380423675699459,0.7469654528478058,False,93550.0,0.002043633125556545,6.392085543844182e-21,1.4444925941098255e-18,0,0.0,False,other,0.06712223754525545
100000008106997100,peripheral,0.4,0,0.018688207041234303,"Вход/выход: 2/1 связей, 35 600/20 600 KZT; признаков специальной роли недостаточно",2,False,2,1,35600.0,20600.0,2,1,0.0003053704876347346,0.5786516853932584,False,56200.0,1.8699910952804988e-05,5.436498585951064e-110,5.007804340620405e-17,0,0.0,False,other,0.022695140905345353
100000008111003100,consolidator,0.8,0,0.2556255673637952,Вход 222 716 KZT от 6 плательщиков; передаёт 15.7%; признаки консолидации,2,False,6,1,222716.0,35000.0,9,1,0.00046962170073524596,0.15715081089818422,False,257716.0,0.005025823686553874,7.314009743832997e-100,2.7009155598804477e-16,0,0.0,False,consolidator,0.1241736728949898
100000008116374100,peripheral,0.4,3,0.09130665107113961,"Вход/выход: 1/0 связей, 31 284/0 KZT; признаков специальной роли недостаточно",1,False,1,0,31284.0,0.0,1,0,0.00028893288900381874,0.0,False,31284.0,0.0,0.0,8.420735254736657e-16,1,1.0,False,other,0.11088368761553764
100000008117324100,peripheral,0.2,85,0.0,0 входящих и 0 исходящих рёбер; недостаточно данных для гипотезы о роли; seed: входящие суммы занижены методом сбора,0,True,0,0,0.0,0.0,0,0,0.0002855692942172909,,False,0.0,0.0,0.0,0.0,0,0.0,True,no_edges,0.0
100000008121806100,peripheral,0.4,4,0.012046870574952698,"Вход 67 000, выход 248 509 KZT; возможны пропущенные входящие или начальный остаток; для проверки запросить выписку",3,False,1,4,67000.0,248509.0,1,6,0.0003003687971376974,3.709089552238806,False,315509.0,7.03472840605521e-05,5.9990024092026005e-19,8.082063020151209e-15,0,0.0,True,missing_incoming,0.014629837124757829
100000008129393100,peripheral,0.4,55,0.09230953382089963,"Вход/выход: 1/0 связей, 10 000/0 KZT; признаков специальной роли недостаточно",1,False,1,0,10000.0,0.0,1,0,0.00031169818202604903,0.0,False,10000.0,0.0,0.0,1.1689475604017036e-86,1,1.0,False,other,0.11210159820841176
100000008130868100,peripheral,0.3,10,0.0,"Глубина 4, выход 0, вход 22 782 KZT; обход обрезан, данных для гипотезы о конечном получателе недостаточно",4,False,1,0,22782.0,0.0,1,0,0.0004516044976627326,0.0,True,22782.0,0.0,0.0,1.331396879105035e-103,0,0.0,False,truncated,-0.27921637554718953
100000008136608100,peripheral,0.3,8,0.0,"Глубина 4, выход 0, вход 170 000 KZT; обход обрезан, данных для гипотезы о конечном получателе недостаточно",4,False,1,0,170000.0,0.0,1,0,0.0005643778935793362,0.0,True,170000.0,0.0,0.0,2.257523037140322e-68,0,0.0,False,truncated,-0.27107648682945307
100000008137435100,peripheral,0.4,21,0.07096422268737854,"Вход 93 906, выход 1 419 700 KZT; возможны пропущенные входящие или начальный остаток; для проверки запросить выписку",1,False,2,6,93906.0,1419700.0,2,7,0.0003142779777322604,15.118309799160864,False,1513606.0,0.0001006233303650935,5.666600181751504e-14,1.6474291569818502e-14,1,0.5,True,missing_incoming,0.08617964417746464
100000008141170100,peripheral,0.4,3,0.025628517163749094,"Вход/выход: 1/0 связей, 11 000/0 KZT; признаков специальной роли недостаточно",2,False,1,0,11000.0,0.0,1,0,0.0006219001408928704,0.0,False,11000.0,0.0,0.0,1.6757685415713952e-119,0,0.0,False,other,0.031123521210086703
100000008144528100,consolidator,0.75,3,0.22271077741662654,Вход 1 068 203 KZT от 5 плательщиков; передаёт 0.0%; признаки консолидации,2,False,5,0,1068202.6,0.0,13,0,0.0010555382765908019,0.0,False,1068202.6,0.0,0.0,5.416039139035274e-21,0,0.0,False,consolidator,0.10818485611716581
100000008151098100,peripheral,0.3,25,0.0,"Глубина 4, выход 0, вход 30 000 KZT; обход обрезан, данных для гипотезы о конечном получателе недостаточно",4,False,1,0,30000.0,0.0,1,0,0.0003093477246134631,0.0,True,30000.0,0.0,0.0,2.0718801985670405e-55,0,0.0,False,truncated,-0.2878757073517736
100000008165763100,coordinator,0.6085185297389001,2,0.46431903645390904,Вход/выход: 15/17 связей; seed-плательщиков 1; в топ-5% по посреднической роли в сети; признаки координации,1,False,15,17,1165815.0,1267858.0,26,17,0.0009102399259160802,1.087529324978663,False,2433673.0,0.0004220837043633126,1.951631555356234e-13,2.7929062933215824e-14,1,0.06666666666666667,False,coordinator,0.2255494266326292
100000008168850100,peripheral,0.3,5,0.0,"Глубина 4, выход 0, вход 187 910 KZT; обход обрезан, данных для гипотезы о конечном получателе недостаточно",4,False,1,0,187910.0,0.0,2,0,0.0005330795799856522,0.0,True,187910.0,0.0,0.0,1.67561388772492e-66,0,0.0,False,truncated,-0.27284555526503773
100000008169544100,peripheral,0.4,3,0.09304914653954686,"Вход/выход: 1/4 связей, 137 104/42 800 KZT; признаков специальной роли недостаточно",1,False,1,4,137104.0,42800.0,2,7,0.0003003104494280091,0.31217178200490137,False,179904.0,1.8699910952804988e-05,1.8730014022436525e-19,3.690437560303716e-15,1,1.0,False,other,0.11299979110771174
100000008172352100,coordinator,0.601870934515128,32,0.15462500753237512,Вход/выход: 3/7 связей; seed-плательщиков 1; в топ-5% по посреднической роли в сети; признаки координации; возможен неполный вход или начальный остаток,1,False,3,7,90265.0,289510.0,3,8,0.00037526567278554397,3.207333961114496,False,379775.0,0.00019412288512911843,4.295196268469006e-71,3.307034317548437e-16,1,0.3333333333333333,True,coordinator,0.0751112469097638
100000008172721100,peripheral,0.3,4,0.0,"Глубина 4, выход 0, вход 168 335 KZT; обход обрезан, данных для гипотезы о конечном получателе недостаточно",4,False,1,0,168335.0,0.0,1,0,0.00039521609203523213,0.0,True,168335.0,0.0,0.0,3.707386618498179e-64,0,0.0,False,truncated,-0.2814590093455017
100000008173359100,peripheral,0.4,3,0.09099719353319224,"Вход/выход: 1/0 связей, 6 110/0 KZT; признаков специальной роли недостаточно",1,False,1,0,6110.0,0.0,1,0,0.00028622622952433876,0.0,False,6110.0,0.0,0.0,1.6446327965234936e-16,1,1.0,False,other,0.11050787936317612
100000008174521100,terminal,0.7,3,0.025443760420698583,"Вход 82 110 KZT от 1 плательщика, выход 0; глубина 2; признаки конечного получателя",2,False,1,0,82110.0,0.0,1,0,0.00044052875483409733,0.0,False,82110.0,0.0,0.0,9.802475377643881e-21,0,0.0,False,terminal,0.02059943387954049
100000008175078100,peripheral,0.3,36,0.0,"Глубина 4, выход 0, вход 1 846 711 KZT; обход обрезан, данных для гипотезы о конечном получателе недостаточно",4,False,1,0,1846711.0,0.0,15,0,0.00046907194584128284,0.0,True,1846711.0,0.0,0.0,1.9090234568973606e-23,0,0.0,False,truncated,-0.2629374485759745
100000008183752100,peripheral,0.3,16,0.0,"Глубина 4, выход 0, вход 140 000 KZT; обход обрезан, данных для гипотезы о конечном получателе недостаточно",4,False,1,0,140000.0,0.0,1,0,0.0005301890395310136,0.0,True,140000.0,0.0,0.0,5.343602024432584e-72,0,0.0,False,truncated,-0.27342221153134033
100000008188026100,peripheral,0.4,14,0.06252612232536765,"Вход 86 468, выход 337 983 KZT; возможны пропущенные входящие или начальный остаток; для проверки запросить выписку",1,False,2,4,86468.0,337983.17,5,4,0.00029930359678538283,3.9087659018365173,False,424451.17,7.479964381121995e-05,3.424931823761808e-67,1.7904358665080227e-15,1,0.5,True,missing_incoming,0.07593233279725882
100000008190411100,peripheral,0.3,28,0.0,"Глубина 4, выход 0, вход 198 450 KZT; обход обрезан, данных для гипотезы о конечном получателе недостаточно",4,False,1,0,198450.0,0.0,12,0,0.0004241348636842565,0.0,True,198450.0,0.0,0.0,7.196091213893034e-24,0,0.0,False,truncated,-0.2794353513021956
100000008190442100,peripheral,0.4,1,0.00876922290468685,"Вход/выход: 1/0 связей, 13 000/0 KZT; признаков специальной роли недостаточно",3,False,1,0,13000.0,0.0,1,0,0.000287598305346668,0.0,False,13000.0,0.0,0.0,1.9744279187346338e-42,0,0.0,False,other,0.010649429825618268
100000008192264100,transit,0.7458325655672257,5,0.022799490369049845,"Вход 162 810, выход 187 910 KZT; передаёт 115.4%; 1/1 связей; признаки транзита",3,False,1,1,162810.0,187910.0,1,2,0.00029084583184829237,1.1541674344327744,False,350720.0,1.8699910952804988e-05,9.527015139571576e-68,9.846817896171993e-13,0,0.0,False,transit,0.01384396173891798
100000008193258100,peripheral,0.4,15,0.010042420217900208,"Вход/выход: 1/1 связей, 75 000/30 000 KZT; признаков специальной роли недостаточно",3,False,1,1,75000.0,30000.0,2,1,0.00029737422274379974,0.4,False,105000.0,1.8737385724253492e-05,8.288897912611635e-103,4.396076903248944e-15,0,0.0,False,other,0.012195613060849368
100000008193577100,peripheral,0.4,43,0.11085234651199692,"Вход 154 300, выход 480 180 KZT; возможны пропущенные входящие или начальный остаток; для проверки запросить выписку",1,False,2,5,154300.0,480180.0,6,16,0.0012389478209868787,3.1119896305897603,False,634480.0,6.233303650934996e-06,3.213295996936879e-48,6.525604832494547e-48,1,0.5,True,missing_incoming,0.1346201707968544
100000008200810100,terminal,0.7,10,0.019471308687059787,"Вход 475 000 KZT от 1 плательщика, выход 0; глубина 3; признаки конечного получателя",3,False,1,0,475000.0,0.0,1,0,0.00030819442208498927,0.0,False,475000.0,0.0,0.0,6.909985599577307e-17,0,0.0,False,terminal,0.015764098121318418
100000008205000100,peripheral,0.2,86,0.0,0 входящих и 0 исходящих рёбер; недостаточно данных для гипотезы о роли; seed: входящие суммы занижены методом сбора,0,True,0,0,0.0,0.0,0,0,0.0002855692942172909,,False,0.0,0.0,0.0,0.0,0,0.0,True,no_edges,0.0
100000008205937100,peripheral,0.4,12,0.011143523879340467,"Вход/выход: 1/0 связей, 35 000/0 KZT; признаков специальной роли недостаточно",2,False,1,0,35000.0,0.0,3,0,0.00033164706434217267,0.0,False,35000.0,0.0,0.0,1.1687192781488848e-21,0,0.0,False,other,0.013532804086860598
100000008213966100,peripheral,0.4,27,0.11351788590912469,"Вход 187 004, выход 436 900 KZT; возможны пропущенные входящие или начальный остаток; для проверки запросить выписку",2,False,3,1,187004.0,436900.0,7,8,0.0019335519524195824,2.336313661739856,False,623904.0,4.096170970614426e-05,1.2646535002665413e-51,1.8037608273306714e-69,0,0.0,True,missing_incoming,0.13785722783892837
100000008219168100,terminal,0.7,6,0.13716199514445518,"Вход 53 200 KZT от 1 плательщика, выход 0; глубина 1; признаки конечного получателя",1,False,1,0,53200.0,0.0,2,0,0.0002886199013188332,0.0,False,53200.0,0.0,0.0,8.233280492968452e-17,1,1.0,False,terminal,0.1110472431372816
100000008221543100,terminal,0.7,15,0.09957769352774605,"Вход 542 000 KZT от 2 плательщиков, выход 0; глубина 1; признаки конечного получателя",1,False,2,0,542000.0,0.0,2,0,0.00037148464522539736,0.0,False,542000.0,0.0,0.0,3.758377581072153e-14,1,0.5,False,terminal,0.08061874816401973
100000008221765100,peripheral,0.3,5,0.0,"Глубина 4, выход 0, вход 156 354 KZT; обход обрезан, данных для гипотезы о конечном получателе недостаточно",4,False,1,0,156354.0,0.0,1,0,0.0005404417175185718,0.0,True,156354.0,0.0,0.0,6.180383308215433e-70,0,0.0,False,truncated,-0.27265741888581635
100000008223661100,peripheral,0.4,7,0.023901279441958374,"Вход 202 000, выход 262 580 KZT; возможны пропущенные входящие или начальный остаток; для проверки запросить выписку",3,False,2,5,202000.0,262580.0,2,5,0.00031466917502238233,1.29990099009901,False,464580.0,0.0002641079130656683,1.5560511829272288e-15,3.2609932992411563e-17,0,0.0,True,missing_incoming,0.029025946874219385
100000008223756100,terminal,0.7,4,0.034502178285582955,"Вход 331 682 KZT от 2 плательщиков, выход 0; глубина 3; признаки конечного получателя",3,False,2,0,331682.0,0.0,2,0,0.00035628112116330586,0.0,False,331682.0,0.0,0.0,4.224317857764134e-14,0,0.0,False,terminal,0.02793318788349407
100000008229700100,peripheral,0.4,11,0.09133675073238277,"Вход/выход: 1/1 связей, 23 500/7 200 KZT; признаков специальной роли недостаточно",1,False,1,1,23500.0,7200.0,1,1,0.0002894692379814412,0.30638297872340425,False,30700.0,8.904719501335708e-07,4.444177805424816e-130,1.6403016776120262e-19,1,1.0,False,other,0.11092024093772686
100000008232832100,peripheral,0.4,40,0.1047149282001135,"Вход/выход: 1/1 связей, 337 000/138 000 KZT; признаков специальной роли недостаточно",1,False,1,1,337000.0,138000.0,2,1,0.0004942271899045275,0.4094955489614243,False,475000.0,0.0,2.6913254470473878e-18,8.877745665917331e-19,1,1.0,False,other,0.12716683013790792
100000008237827100,peripheral,0.4,2,0.09160100048270332,"Вход/выход: 1/0 связей, 40 001/0 KZT; признаков специальной роли недостаточно",1,False,1,0,40001.0,0.0,1,0,0.00029357895180421055,0.0,False,40001.0,0.0,0.0,1.965093252359223e-14,1,1.0,False,other,0.11124114841186254
100000008238112100,terminal,0.7,5,0.01528935040357998,"Вход 190 000 KZT от 1 плательщика, выход 0; глубина 3; признаки конечного получателя",3,False,1,0,190000.0,0.0,1,0,0.0002917270372913667,0.0,False,190000.0,0.0,0.0,1.1491280635542525e-12,0,0.0,False,terminal,0.012378357502669184
100000008238989100,terminal,0.7,21,0.017778724111171724,"Вход 200 000 KZT от 1 плательщика, выход 0; глубина 2; признаки конечного получателя",2,False,1,0,200000.0,0.0,2,0,0.000323247651083571,0.0,False,200000.0,0.0,0.0,2.965949891851714e-15,0,0.0,False,terminal,0.014393770642988114
100000008244300100,consolidator,0.75,5,0.17396828452652552,Вход 65 430 KZT от 5 плательщиков; передаёт 0.0%; признаки консолидации,1,False,5,0,65430.0,0.0,6,0,0.000479365914728666,0.0,False,65430.0,0.0,0.0,1.047639838744545e-16,1,0.2,False,consolidator,0.08450751260790695
100000008251939100,peripheral,0.3,8,0.0,"Глубина 4, выход 0, вход 44 360 KZT; обход обрезан, данных для гипотезы о конечном получателе недостаточно",4,False,1,0,44360.0,0.0,1,0,0.00030217452924276257,0.0,True,44360.0,0.0,0.0,1.0145966790676449e-19,0,0.0,False,truncated,-0.28819564625061855
100000008254069100,peripheral,0.4,19,0.01296369058241953,"Вход 10 200, выход 107 500 KZT; возможны пропущенные входящие или начальный остаток; для проверки запросить выписку",2,False,1,5,10200.0,107500.0,2,6,0.0003424861412375226,10.53921568627451,False,117700.0,8.922564630596902e-05,2.6244047226649066e-16,2.2120196642797544e-93,0,0.0,True,missing_incoming,0.015743232283982545
100000008254576100,peripheral,0.4,35,0.009500229218682012,"Вход 8 000, выход 60 000 KZT; возможны пропущенные входящие или начальный остаток; для проверки запросить выписку",3,False,1,1,8000.0,60000.0,1,1,0.00029167108817849144,7.5,False,68000.0,1.8699910952804988e-05,1.4581983418183533e-89,1.0443647582202203e-44,0,0.0,True,missing_incoming,0.011537171023166645
100000008255655100,peripheral,0.3,15,0.0,"Глубина 4, выход 0, вход 5 400 KZT; обход обрезан, данных для гипотезы о конечном получателе недостаточно",4,False,1,0,5400.0,0.0,1,0,0.0005311928331096004,0.0,True,5400.0,0.0,0.0,8.654863921219246e-133,0,0.0,False,truncated,-0.2744830056805699
100000008258083100,peripheral,0.4,30,0.09200259534860981,"Вход/выход: 2/2 связей, 3 149 500/2 045 650 KZT; признаков специальной роли недостаточно",2,False,2,2,3149500.0,2045650.0,13,6,0.001050044393896861,0.6495157961581204,False,5195150.0,7.494954289701397e-05,1.0224395260234856e-19,2.3410275776435783e-14,0,0.0,False,other,0.11172884913395434
100000008258458100,peripheral,0.4,64,0.01998809269584203,"Вход 19 000, выход 1 557 988 KZT; возможны пропущенные входящие или начальный остаток; для проверки запросить выписку",3,False,1,2,19000.0,1557988.0,1,4,0.0002912603933485006,81.99936842105264,False,1576988.0,3.7399821905609976e-05,2.372701861827433e-32,6.99031726217876e-17,0,0.0,True,missing_incoming,0.024273734722669145
100000008259451100,terminal,0.7,13,0.014609736124989486,"Вход 55 000 KZT от 1 плательщика, выход 0; глубина 3; признаки конечного получателя",3,False,1,0,55000.0,0.0,1,0,0.0003011151344797481,0.0,False,55000.0,0.0,0.0,3.862759286840622e-18,0,0.0,False,terminal,0.011828137363666941
100000008279405100,terminal,0.7,4,0.018899727310441625,"Вход 234 738 KZT от 1 плательщика, выход 0; глубина 3; признаки конечного получателя",3,False,1,0,234738.0,0.0,2,0,0.00033332885250302973,0.0,False,234738.0,0.0,0.0,1.478656967786989e-14,0,0.0,False,terminal,0.015301342122215228
100000008283183100,peripheral,0.4,1,0.009273797825613562,"Вход/выход: 1/0 связей, 29 000/0 KZT; признаков специальной роли недостаточно",2,False,1,0,29000.0,0.0,1,0,0.0002954187762246869,0.0,False,29000.0,0.0,0.0,3.8991668811323365e-36,0,0.0,False,other,0.011262190530937322
100000008289539100,peripheral,0.4,14,0.008919388803707953,"Вход/выход: 1/0 связей, 14 912/0 KZT; признаков специальной роли недостаточно",2,False,1,0,14912.0,0.0,1,0,0.0002903134116978226,0.0,False,14912.0,0.0,0.0,2.289382549086865e-18,0,0.0,False,other,0.010831792758024903
100000008293431100,peripheral,0.4,0,0.01120217894891494,"Вход 15 000, выход 297 000 KZT; возможны пропущенные входящие или начальный остаток; для проверки запросить выписку",3,False,1,5,15000.0,297000.0,1,7,0.00028689952801563704,19.8,False,312000.0,5.253784505788068e-05,8.999431326233042e-17,1.5183116564803e-14,0,0.0,True,missing_incoming,0.013604035375441055
100000008295429100,terminal,0.7,5,0.01735529175923536,"Вход 352 000 KZT от 1 плательщика, выход 0; глубина 3; признаки конечного получателя",3,False,1,0,352000.0,0.0,1,0,0.00029697732349136816,0.0,False,352000.0,0.0,0.0,2.1289109387952467e-12,0,0.0,False,terminal,0.014050957057576592
100000008297199100,peripheral,0.4,0,0.009424304370266938,"Вход/выход: 1/0 связей, 42 268/0 KZT; признаков специальной роли недостаточно",3,False,1,0,42268.0,0.0,1,0,0.0002965958116631634,0.0,False,42268.0,0.0,0.0,1.3609253848972668e-14,0,0.0,False,other,0.01144496714672226
100000008304115100,terminal,0.7,11,0.137549155714649,"Вход 51 000 KZT от 1 плательщика, выход 0; глубина 1; признаки конечного получателя",1,False,1,0,51000.0,0.0,1,0,0.00029403300196076604,0.0,False,51000.0,0.0,0.0,3.559803640775035e-19,1,1.0,False,terminal,0.11136069085234442
100000008304139100,coordinator,0.6226195870736196,2,0.1909866855965994,Вход/выход: 4/24 связей; seed-плательщиков 1; в топ-5% по посреднической роли в сети; признаки координации; возможен неполный вход или начальный остаток,1,False,4,24,189329.75,1692997.0,4,43,0.0003136180059586537,8.942054801213228,False,1882326.75,0.0009056403100055855,5.263744764653319e-14,2.6576717812315605e-14,1,0.25,True,coordinator,0.0927744375069474
100000008306857100,terminal,0.7,10,0.014604484322870209,"Вход 125 000 KZT от 1 плательщика, выход 0; глубина 3; признаки конечного получателя",3,False,1,0,125000.0,0.0,1,0,0.0002915232752351062,0.0,False,125000.0,0.0,0.0,1.8184172630466597e-17,0,0.0,False,terminal,0.011823885470522388
100000008308418100,peripheral,0.3,0,0.0,"Глубина 4, выход 0, вход 50 000 KZT; обход обрезан, данных для гипотезы о конечном получателе недостаточно",4,False,1,0,50000.0,0.0,1,0,0.00043159933146629903,0.0,True,50000.0,0.0,0.0,2.0377403950019637e-87,0,0.0,False,truncated,-0.2802156274976285
100000008309514100,peripheral,0.4,1,0.008831146324674369,"Вход/выход: 1/0 связей, 17 200/0 KZT; признаков специальной роли недостаточно",3,False,1,0,17200.0,0.0,1,0,0.000288253832019236,0.0,False,17200.0,0.0,0.0,2.6123200155565922e-42,0,0.0,False,other,0.010724630230818016
100000008314203100,transit,0.7558506684533968,40,0.2312752098822955,"Вход 382 076, выход 327 000 KZT; передаёт 85.6%; 2/2 связей; признаки транзита; seed: входящие суммы занижены методом сбора",0,True,2,2,382076.0,327000.0,10,13,0.0005029908624026964,0.8558506684533967,False,709076.0,3.7399821905609976e-05,5.047973378474601e-19,8.512026704028095e-19,2,1.0,True,transit,0.1404314353059882
100000008314863100,peripheral,0.4,2,0.02034570578855891,"Вход/выход: 1/0 связей, 12 000/0 KZT; признаков специальной роли недостаточно",3,False,1,0,12000.0,0.0,1,0,0.0005170968391841085,0.0,False,12000.0,0.0,0.0,4.5571798738290335e-113,0,0.0,False,other,0.024708023550425513
100000008321975100,peripheral,0.3,20,0.0,"Глубина 4, выход 0, вход 5 900 KZT; обход обрезан, данных для гипотезы о конечном получателе недостаточно",4,False,1,0,5900.0,0.0,1,0,0.00030322854188756906,0.0,True,5900.0,0.0,0.0,1.937081066861927e-85,0,0.0,False,truncated,-0.28845172830926985
100000008324800100,transit,0.8705603038936373,70,0.22410978076336496,"Вход 526 500, выход 511 000 KZT; передаёт 97.1%; 3/1 связей; признаки транзита",2,False,3,1,526500.0,511000.0,17,13,0.00185178263556515,0.9705603038936372,False,1037500.0,1.8737385724253492e-05,1.2464681594366635e-48,6.726441017435821e-13,0,0.0,False,transit,0.13608055180115058
100000008327791100,peripheral,0.3,15,0.0,"Глубина 4, выход 0, вход 11 000 KZT; обход обрезан, данных для гипотезы о конечном получателе недостаточно",4,False,1,0,11000.0,0.0,1,0,0.0005367685704661637,0.0,True,11000.0,0.0,0.0,1.6757685415713952e-119,0,0.0,False,truncated,-0.27409455136446537
100000008331280100,peripheral,0.3,25,0.0,"Глубина 4, выход 0, вход 41 000 KZT; обход обрезан, данных для гипотезы о конечном получателе недостаточно",4,False,1,0,41000.0,0.0,2,0,0.00031806648242539286,0.0,True,41000.0,0.0,0.0,2.8315696047082887e-55,0,0.0,False,truncated,-0.2872495778252017
100000008332511100,terminal,0.7,10,0.07652306668353903,"Вход 100 000 KZT от 1 плательщика, выход 0; глубина 3; признаки конечного получателя",3,False,1,0,100000.0,0.0,1,0,0.0011127776746800726,0.0,False,100000.0,0.0,0.0,2.7818170943428595e-78,0,0.0,False,terminal,0.06195357236286814
100000008333492100,peripheral,0.3,48,0.0,"Глубина 4, выход 0, вход 216 400 KZT; обход обрезан, данных для гипотезы о конечном получателе недостаточно",4,False,1,0,216400.0,0.0,1,0,0.00043801085615694494,0.0,True,216400.0,0.0,0.0,4.5910420926018756e-55,0,0.0,False,truncated,-0.27843516269108154
100000008335401100,terminal,0.7,8,0.03452384254777454,"Вход 150 000 KZT от 1 плательщика, выход 0; глубина 2; признаки конечного получателя",2,False,1,0,150000.0,0.0,3,0,0.0005512278448300623,0.0,False,150000.0,0.0,0.0,5.820306438520528e-70,0,0.0,False,terminal,0.027950727411031894
100000008336318100,peripheral,0.3,7,0.0,"Глубина 4, выход 0, вход 170 000 KZT; обход обрезан, данных для гипотезы о конечном получателе недостаточно",4,False,1,0,170000.0,0.0,1,0,0.00032671946741775836,0.0,True,170000.0,0.0,0.0,5.750773098714996e-20,0,0.0,False,truncated,-0.2856435729227681
100000008337304100,peripheral,0.3,4,0.0,"Глубина 4, выход 0, вход 105 465 KZT; обход обрезан, данных для гипотезы о конечном получателе недостаточно",4,False,1,0,105465.0,0.0,2,0,0.00035426504692391266,0.0,True,105465.0,0.0,0.0,2.3227464859946563e-64,0,0.0,False,truncated,-0.28449329365426085
100000008343415100,peripheral,0.3,4,0.0,"Глубина 4, выход 0, вход 100 000 KZT; обход обрезан, данных для гипотезы о конечном получателе недостаточно",4,False,1,0,100000.0,0.0,3,0,0.0004339920196479948,0.0,True,100000.0,0.0,0.0,4.33947097131523e-74,0,0.0,False,truncated,-0.27965205986932107
100000008343874100,peripheral,0.4,4,0.02172324840716872,"Вход/выход: 2/2 связей, 283 535/176 400 KZT; признаков специальной роли недостаточно",3,False,2,2,283535.0,176400.0,2,5,0.0003076522795593052,0.6221454141464017,False,459935.0,3.7399821905609976e-05,2.079417137787357e-75,1.202579541074703e-13,0,0.0,False,other,0.02638092474225666
100000008346837100,distributor,0.6,12,0.4120796328333632,"Отправляет 1 258 643 KZT на 25 получателей, 26 переводов; признаки распределения; возможен неполный вход или начальный остаток",2,False,9,25,254359.0,1258643.0,12,26,0.0005474079827287935,4.948293553599441,False,1513002.0,0.010417631344612646,1.5092147629987456e-14,2.505210026727016e-16,0,0.0,True,distributor,0.2224149001379706
100000008349675100,peripheral,0.4,6,0.09162777223847614,"Вход/выход: 1/1 связей, 46 520/36 650 KZT; признаков специальной роли недостаточно",1,False,1,1,46520.0,36650.0,1,2,0.0002882368551639779,0.7878331900257953,False,83170.0,0.0,5.551580711289526e-99,7.199477604001737e-17,1,1.0,False,other,0.11127366029319
100000008349740100,peripheral,0.3,36,0.0,"Глубина 4, выход 0, вход 70 000 KZT; обход обрезан, данных для гипотезы о конечном получателе недостаточно",4,False,1,0,70000.0,0.0,2,0,0.00029252500391614434,0.0,True,70000.0,0.0,0.0,7.236196783514868e-25,0,0.0,False,truncated,-0.2885733150180609
100000008352542100,terminal,0.7,2,0.01685904268941735,"Вход 50 220 KZT от 1 плательщика, выход 0; глубина 2; признаки конечного получателя",2,False,1,0,50220.0,0.0,1,0,0.00033147541987125204,0.0,False,50220.0,0.0,0.0,5.624502355915977e-18,0,0.0,False,terminal,0.013649190583892008
100000008356606100,terminal,0.7,28,0.05330106082223238,"Вход 168 500 KZT от 2 плательщиков, выход 0; глубина 2; признаки конечного получателя",2,False,2,0,168500.0,0.0,2,0,0.0006267853006401152,0.0,False,168500.0,0.0,0.0,5.2389587012386664e-20,0,0.0,False,terminal,0.04315288542112424
100000008376089100,terminal,0.7,30,0.015533612279689656,"Вход 135 000 KZT от 1 плательщика, выход 0; глубина 2; признаки конечного получателя",2,False,1,0,135000.0,0.0,1,0,0.000302435334778072,0.0,False,135000.0,0.0,0.0,1.04717811323041e-15,0,0.0,False,terminal,0.012576113505831377
100000008376785100,peripheral,0.3,5,0.0,"Глубина 4, выход 0, вход 234 250 KZT; обход обрезан, данных для гипотезы о конечном получателе недостаточно",4,False,1,0,234250.0,0.0,2,0,0.0005318070054641103,0.0,True,234250.0,0.0,0.0,2.190540830577159e-62,0,0.0,False,truncated,-0.2725371648173327
100000008379273100,transit,0.8444444444444444,8,0.05623711013545723,"Вход 36 000, выход 38 000 KZT; передаёт 105.6%; 2/4 связей; признаки транзита",3,False,2,4,36000.0,38000.0,2,4,0.0002990171904496492,1.0555555555555556,False,74000.0,0.00123686553873553,1.5809477632411247e-18,8.846677017857074e-20,0,0.0,False,transit,0.03414744752713662
100000008383405100,peripheral,0.4,22,0.09212619866367296,"Вход/выход: 1/0 связей, 25 000/0 KZT; признаков специальной роли недостаточно",1,False,1,0,25000.0,0.0,2,0,0.0003060252661737654,0.0,False,25000.0,0.0,0.0,4.151532897499987e-62,1,1.0,False,other,0.11187895420532562
100000008388049100,terminal,0.7,10,0.019768880233898806,"Вход 496 400 KZT от 1 плательщика, выход 0; глубина 3; признаки конечного получателя",3,False,1,0,496400.0,0.0,1,0,0.00030921374363523924,0.0,False,496400.0,0.0,0.0,7.221298635010895e-17,0,0.0,False,terminal,0.016005013980538517
100000008389800100,peripheral,0.4,3,0.04212786441610426,"Вход 189 000, выход 401 620 KZT; возможны пропущенные входящие или начальный остаток; для проверки запросить выписку",2,False,3,7,189000.0,401620.0,3,8,0.0005050963840560336,2.124973544973545,False,590620.0,0.0001593944790739092,3.617839797285991e-16,2.0658385417679474e-21,0,0.0,True,missing_incoming,0.05116048943888537
100000008405209100,terminal,0.7,15,0.014074858060707332,"Вход 54 400 KZT от 1 плательщика, выход 0; глубина 3; признаки конечного получателя",3,False,1,0,54400.0,0.0,1,0,0.00029413180237518533,0.0,False,54400.0,0.0,0.0,3.188621113823234e-15,0,0.0,False,terminal,0.011395096604886903
100000008406609100,peripheral,0.4,19,0.016126198651710458,"Вход/выход: 1/0 связей, 34 000/0 KZT; признаков специальной роли недостаточно",2,False,1,0,34000.0,0.0,1,0,0.00043050382065094834,0.0,False,34000.0,0.0,0.0,1.4747407552307403e-79,0,0.0,False,other,0.01958381292868996
100000008413748100,distributor,0.55,15,0.10171881370914325,"Отправляет 1 377 320 KZT на 18 получателей, 21 переводов; признаки распределения; возможен неполный вход или начальный остаток",2,False,2,18,26480.0,1377320.22,2,21,0.00039089149206356923,52.01360347432024,False,1403800.22,0.0016571682991985753,9.682688800984129e-14,6.803477234444679e-19,0,0.0,True,distributor,0.05490147532338862
100000008416433100,peripheral,0.4,13,0.009000198415125789,"Вход/выход: 1/0 связей, 20 000/0 KZT; признаков специальной роли недостаточно",3,False,1,0,20000.0,0.0,1,0,0.0002912223270400026,0.0,False,20000.0,0.0,0.0,1.404639740669317e-18,0,0.0,False,other,0.01092992873830313
100000008417029100,terminal,0.7,7,0.015490723271227377,"Вход 100 000 KZT от 1 плательщика, выход 0; глубина 3; признаки конечного получателя",3,False,1,0,100000.0,0.0,1,0,0.00030663007931043686,0.0,False,100000.0,0.0,0.0,5.534528293739828e-19,0,0.0,False,terminal,0.01254139028570315
100000008417359100,peripheral,0.4,15,0.009942449235425723,"Вход 40 810, выход 110 760 KZT; возможны пропущенные входящие или начальный остаток; для проверки запросить выписку",3,False,1,2,40810.0,110760.0,2,3,0.0002919927493261819,2.714040676304827,False,151570.0,0.0,9.574057471240103e-17,2.3920519789545253e-15,0,0.0,True,missing_incoming,0.012074207324670497
100000008418835100,peripheral,0.4,14,0.11388627039477955,"Вход/выход: 1/4 связей, 1 372 000/186 179 KZT; признаков специальной роли недостаточно; seed: входящие суммы занижены методом сбора",0,True,1,4,1372000.0,186179.0,67,6,0.0005285862410602082,0.13569897959183674,False,1558179.0,0.0,3.7872296786192473e-19,2.241585767524524e-29,1,1.0,True,other,0.13830459755132685
100000008418934100,terminal,0.7,6,0.019138694390620506,"Вход 360 000 KZT от 1 плательщика, выход 0; глубина 2; признаки конечного получателя",2,False,1,0,360000.0,0.0,1,0,0.00031944516765308105,0.0,False,360000.0,0.0,0.0,8.903234405338193e-18,0,0.0,False,terminal,0.015494811424163502
100000008422226100,terminal,0.7,0,0.01413986520724415,"Вход 87 450 KZT от 1 плательщика, выход 0; глубина 3; признаки конечного получателя",3,False,1,0,87450.0,0.0,1,0,0.0002904944753360778,0.0,False,87450.0,0.0,0.0,2.313819812281648e-14,0,0.0,False,terminal,0.011447726813419027
100000008427027100,terminal,0.7,2,0.03607144627157614,"Вход 300 000 KZT от 1 плательщика, выход 0; глубина 3; признаки конечного получателя",3,False,1,0,300000.0,0.0,1,0,0.0005512640793595238,0.0,False,300000.0,0.0,0.0,2.6741191075141818e-17,0,0.0,False,terminal,0.029203677448804116
100000008430691100,peripheral,0.4,53,0.014103542892481025,"Вход 20 000, выход 604 900 KZT; возможны пропущенные входящие или начальный остаток; для проверки запросить выписку",3,False,1,2,20000.0,604900.0,1,2,0.0003069779355111296,30.245,False,624900.0,1.9590382902938557e-05,1.2849434936861733e-23,1.8934821151348576e-18,0,0.0,True,missing_incoming,0.017127480046812363
100000008432942100,peripheral,0.4,0,0.009009997959281084,"Вход/выход: 1/0 связей, 44 542/0 KZT; признаков специальной роли недостаточно",3,False,1,0,44542.0,0.0,2,0,0.0002880778981897667,0.0,False,44542.0,0.0,0.0,1.178526724741557e-14,0,0.0,False,other,0.010941829400304671
100000008436257100,peripheral,0.4,15,0.017850204867293256,"Вход/выход: 2/0 связей, 35 000/0 KZT; признаков специальной роли недостаточно",3,False,2,0,35000.0,0.0,2,0,0.0002945798149854981,0.0,False,35000.0,0.0,0.0,3.906197068018017e-16,0,0.0,False,other,0.021677462891900055
100000008438656100,peripheral,0.4,2,0.05969073995638956,"Вход/выход: 2/1 связей, 80 000/5 000 KZT; признаков специальной роли недостаточно",1,False,2,1,80000.0,5000.0,2,1,0.00029739252742606105,0.0625,False,85000.0,2.3152270703472843e-05,4.784557452868469e-137,1.7822041773000152e-13,1,0.5,False,other,0.07248901679361508
100000008443341100,peripheral,0.4,11,0.07855434248415803,"Вход 34 500, выход 50 000 KZT; возможны пропущенные входящие или начальный остаток; для проверки запросить выписку",1,False,2,3,34500.0,50000.0,2,4,0.0006689699930486659,1.4492753623188406,False,84500.0,3.7399821905609976e-05,1.7509455793571664e-16,8.55924146413079e-15,1,0.5,True,missing_incoming,0.09539715968851843
100000008454065100,peripheral,0.4,13,0.009085783671017566,"Вход/выход: 1/0 связей, 24 050/0 KZT; признаков специальной роли недостаточно",3,False,1,0,24050.0,0.0,1,0,0.00029236706618660175,0.0,False,24050.0,0.0,0.0,1.6890792881548537e-18,0,0.0,False,other,0.011033864307809515
100000008459449100,terminal,0.7,0,0.014479980147258265,"Вход 53 700 KZT от 1 плательщика, выход 0; глубина 3; признаки конечного получателя",3,False,1,0,53700.0,0.0,1,0,0.0002995780948902197,0.0,False,53700.0,0.0,0.0,1.7290075983955526e-14,0,0.0,False,terminal,0.011723086080383555
100000008460102100,distributor,0.65,18,0.054080510440820836,"Отправляет 476 570 KZT на 31 получателя, 34 переводов; признаки распределения; возможен неполный вход или начальный остаток",3,False,1,31,17500.0,476570.0,1,34,0.00029968918055683897,27.23257142857143,False,494070.0,0.0014363312555654498,7.911279770501696e-19,4.930287458062915e-20,0,0.0,True,distributor,0.02918928860036539
100000008461217100,peripheral,0.3,52,0.0,"Глубина 4, выход 0, вход 18 000 KZT; обход обрезан, данных для гипотезы о конечном получателе недостаточно",4,False,1,0,18000.0,0.0,1,0,0.0005455897895490721,0.0,True,18000.0,0.0,0.0,2.6366124045790108e-110,0,0.0,False,truncated,-0.2734954943301913
100000008461532100,peripheral,0.4,25,0.0636829301096164,"Вход 565 300, выход 2 530 090 KZT; возможны пропущенные входящие или начальный остаток; для проверки запросить выписку",2,False,2,8,565300.0,2530090.0,2,9,0.0007452506208527072,4.475658942154608,False,3095390.0,0.0002623234001395489,2.2830934158972794e-30,5.16365630204232e-21,0,0.0,True,missing_incoming,0.07733717145331598
100000008463968100,peripheral,0.4,1,0.008724991890410053,"Вход/выход: 1/0 связей, 10 000/0 KZT; признаков специальной роли недостаточно",3,False,1,0,10000.0,0.0,1,0,0.00028713007200911945,0.0,False,10000.0,0.0,0.0,1.518790706718949e-42,0,0.0,False,other,0.010595715250475592
100000008465789100,distributor,0.55,7,0.08427614173651618,"Отправляет 1 858 100 KZT на 16 получателей, 17 переводов; признаки распределения; возможен неполный вход или начальный остаток",3,False,1,16,30099.0,1858100.0,1,17,0.0002898880397943201,61.732947938469714,False,1888199.0,0.001985752448797863,1.9425183585658102e-17,1.4661349704574498e-19,0,0.0,True,distributor,0.04548700822571475
100000008466579100,distributor,0.55,7,0.08573196653525096,"Отправляет 1 933 000 KZT на 17 получателей, 20 переводов; признаки распределения; возможен неполный вход или начальный остаток",2,False,2,17,36952.0,1933000.0,2,20,0.0003534138885849357,52.31110630006495,False,1969952.0,0.0005057880676758682,1.226232105747361e-15,1.5260686210037098e-19,0,0.0,True,distributor,0.04627277170789081
100000008468762100,terminal,0.7,16,0.029363790642076653,"Вход 170 000 KZT от 2 плательщиков, выход 0; глубина 3; признаки конечного получателя",3,False,2,0,170000.0,0.0,2,0,0.000310405073841,0.0,False,170000.0,0.0,0.0,4.3327857993551365e-17,0,0.0,False,terminal,0.02377311583597753
100000008469048100,peripheral,0.3,0,0.0,"Глубина 4, выход 0, вход 265 200 KZT; обход обрезан, данных для гипотезы о конечном получателе недостаточно",4,False,1,0,265200.0,0.0,7,0,0.0005788057669614711,0.0,True,265200.0,0.0,0.0,4.5497750003155966e-60,0,0.0,False,truncated,-0.2693983456410867
100000008470470100,peripheral,0.4,1,0.09150780269066632,"Вход/выход: 1/0 связей, 33 547/0 KZT; признаков специальной роли недостаточно",1,False,1,0,33547.0,0.0,1,0,0.00029261041656514913,0.0,False,33547.0,0.0,0.0,2.9384876388864918e-39,1,1.0,False,other,0.11112796810421291
100000008471634100,peripheral,0.3,24,0.0,"Глубина 4, выход 0, вход 20 000 KZT; обход обрезан, данных для гипотезы о конечном получателе недостаточно",4,False,1,0,20000.0,0.0,1,0,0.0011246149928916332,0.0,True,20000.0,0.0,0.0,2.4469121932608153e-108,0,0.0,False,truncated,-0.23798792404279595
100000008472324100,terminal,0.7,5,0.015483191814727893,"Вход 205 200 KZT от 1 плательщика, выход 0; глубина 3; признаки конечного получателя",3,False,1,0,205200.0,0.0,1,0,0.0002922196567372928,0.0,False,205200.0,0.0,0.0,1.2410583086385927e-12,0,0.0,False,terminal,0.012535292769549386
100000008473207100,terminal,0.7,2,0.035436253839689784,"Вход 202 000 KZT от 1 плательщика, выход 0; глубина 2; признаки конечного получателя",2,False,1,0,202000.0,0.0,4,0,0.0005562056073953194,0.0,False,202000.0,0.0,0.0,1.6661721878707025e-64,0,0.0,False,terminal,0.028689421525737686
100000008473765100,peripheral,0.4,4,0.009091608678033644,"Вход/выход: 1/0 связей, 30 000/0 KZT; признаков специальной роли недостаточно",3,False,1,0,30000.0,0.0,1,0,0.0002916730641589798,0.0,False,30000.0,0.0,0.0,1.889754067667343e-15,0,0.0,False,other,0.011040938253143747
100000008474308100,peripheral,0.4,11,0.0167903078109729,"Вход/выход: 1/1 связей, 14 000/10 000 KZT; признаков специальной роли недостаточно",2,False,1,1,14000.0,10000.0,2,1,0.00044502203600991537,0.7142857142857143,False,24000.0,0.0,2.5898123050590564e-17,6.41472306359782e-19,0,0.0,False,other,0.02039031356905295
100000008474391100,peripheral,0.4,21,0.014851386299808096,"Вход/выход: 1/0 связей, 20 000/0 KZT; признаков специальной роли недостаточно",3,False,1,0,20000.0,0.0,1,0,0.0004071507212217605,0.0,False,20000.0,0.0,0.0,6.493168979773444e-103,0,0.0,False,other,0.018035668374722737
100000008477350100,distributor,0.65,0,0.379205011912567,"Отправляет 3 374 866 KZT на 39 получателей, 44 переводов; признаки распределения; возможен неполный вход или начальный остаток",2,False,11,39,610100.0,3374866.0,14,44,0.0010342350786611242,5.531660383543682,False,3984966.0,0.001142980529179463,1.2302606849433007e-12,3.4032642536585736e-14,0,0.0,True,distributor,0.2046712288992388
100000008478414100,peripheral,0.4,1,0.008817638848381474,"Вход/выход: 1/0 связей, 10 000/0 KZT; признаков специальной роли недостаточно",2,False,1,0,10000.0,0.0,1,0,0.00028896566732328953,0.0,False,10000.0,0.0,0.0,1.3445403038387367e-36,0,0.0,False,other,0.010708226619863447
100000008486520100,peripheral,0.4,3,0.09160511684142522,"Вход/выход: 1/1 связей, 35 720/14 000 KZT; признаков специальной роли недостаточно",1,False,1,1,35720.0,14000.0,2,1,0.00028940983908926294,0.3919372900335946,False,49720.0,1.8699910952804988e-05,2.2635763774035695e-117,9.614776348906578e-16,1,1.0,False,other,0.1112461473580431
100000008488166100,peripheral,0.4,1,0.008660119736137414,"Вход/выход: 1/0 связей, 5 600/0 KZT; признаков специальной роли недостаточно",3,False,1,0,5600.0,0.0,1,0,0.0002864433297807149,0.0,False,5600.0,0.0,0.0,8.505227957626116e-43,0,0.0,False,other,0.010516933873599666
100000008489604100,peripheral,0.4,1,0.008739735561835651,"Вход/выход: 1/0 связей, 11 000/0 KZT; признаков специальной роли недостаточно",3,False,1,0,11000.0,0.0,1,0,0.0002872861497883023,0.0,False,11000.0,0.0,0.0,1.670669777390844e-42,0,0.0,False,other,0.010613620108856484
100000008489922100,distributor,0.65,7,0.16817293624769003,"Отправляет 3 789 900 KZT на 36 получателей, 41 переводов; признаки распределения; возможен неполный вход или начальный остаток",3,False,3,36,262010.0,3789900.0,5,41,0.0005858952858663094,14.464715087210411,False,4051910.0,0.0007631344612644703,5.4586199586380996e-17,4.683029517433454e-17,0,0.0,True,distributor,0.09076926846458529
100000008490127100,peripheral,0.4,5,0.019472480801889906,"Вход 431 755, выход 923 000 KZT; возможны пропущенные входящие или начальный остаток; для проверки запросить выписку",3,False,1,6,431755.0,923000.0,2,9,0.00029956211716964667,2.137786476126507,False,1354755.0,0.00011219946571682993,9.341409543388368e-47,2.611272563578243e-12,0,0.0,True,missing_incoming,0.023647570609659482
100000008491390100,peripheral,0.4,0,0.008927066652795721,"Вход/выход: 1/0 связей, 36 000/0 KZT; признаков специальной роли недостаточно",3,False,1,0,36000.0,0.0,1,0,0.00028759681303119975,0.0,False,36000.0,0.0,0.0,9.52515874695704e-15,0,0.0,False,other,0.010841116812842597
100000008493007100,transit,0.9,1,0.018299375789609287,"Вход 26 150, выход 26 150 KZT; передаёт 100.0%; 1/1 связей; признаки транзита",3,False,1,1,26150.0,26150.0,1,1,0.0002896507281429226,1.0,False,52300.0,8.904719501335708e-07,1.967506084602751e-105,3.971637698070052e-42,0,0.0,False,transit,0.011111470220463117
100000008497298100,terminal,0.7,6,0.023320268808213456,"Вход 600 000 KZT от 1 плательщика, выход 0; глубина 2; признаки конечного получателя",2,False,1,0,600000.0,0.0,1,0,0.00034202908327694116,0.0,False,600000.0,0.0,0.0,1.4838724008896988e-17,0,0.0,False,terminal,0.018880241262494726
100000008501413100,transit,0.88,33,0.025801784459958812,"Вход 5 000, выход 5 100 KZT; передаёт 102.0%; 1/1 связей; признаки транзита",3,False,1,1,5000.0,5100.0,1,1,0.0003666452836068578,1.02,False,10100.0,2.048085485307213e-05,1.1435346575471848e-136,3.2454246993641805e-20,0,0.0,False,transit,0.015666969352278744
100000008502995100,peripheral,0.4,0,0.031034079321444707,"Вход/выход: 1/0 связей, 25 000/0 KZT; признаков специальной роли недостаточно",3,False,1,0,25000.0,0.0,2,0,0.0007270949451502088,0.0,False,25000.0,0.0,0.0,1.1693818525130682e-18,0,0.0,False,other,0.03768808861726596
100000008503177100,peripheral,0.4,4,0.009159309524231182,"Вход/выход: 1/0 связей, 33 951/0 KZT; признаков специальной роли недостаточно",3,False,1,0,33951.0,0.0,1,0,0.0002924769306603002,0.0,False,33951.0,0.0,0.0,2.138634678379132e-15,0,0.0,False,other,0.011123154821082776
100000008507703100,peripheral,0.4,1,0.008997749811783645,"Вход/выход: 1/0 связей, 28 500/0 KZT; признаков специальной роли недостаточно",3,False,1,0,28500.0,0.0,1,0,0.00029001751092400227,0.0,False,28500.0,0.0,0.0,4.328553514149005e-42,0,0.0,False,other,0.010926955130522104
100000008512552100,peripheral,0.4,15,0.05363240034525336,"Вход 394 360, выход 1 302 275 KZT; возможны пропущенные входящие или начальный остаток; для проверки запросить выписку",2,False,4,6,394360.0,1302275.0,9,11,0.0004258788196805511,3.3022492139162187,False,1696635.0,7.479964381121995e-05,4.7824959870265e-15,3.2965277959429388e-15,0,0.0,True,missing_incoming,0.06513171008014611
100000008512827100,distributor,0.55,10,0.09768743615145686,"Отправляет 1 944 500 KZT на 10 получателей, 10 переводов; признаки распределения; возможен неполный вход или начальный остаток",2,False,3,10,107949.0,1944500.0,3,10,0.0003352561979240575,18.01313583266172,False,2052449.0,0.0001371326803205699,2.2107024583519155e-15,1.2086699424570535e-19,0,0.0,True,distributor,0.05272558900077132
100000008513251100,peripheral,0.2,87,0.0,0 входящих и 0 исходящих рёбер; недостаточно данных для гипотезы о роли; seed: входящие суммы занижены методом сбора,0,True,0,0,0.0,0.0,0,0,0.0002855692942172909,,False,0.0,0.0,0.0,0.0,0,0.0,True,no_edges,0.0
100000008514970100,peripheral,0.4,4,0.012772200164051862,"Вход/выход: 1/1 связей, 379 966/31 000 KZT; признаков специальной роли недостаточно",3,False,1,1,379966.0,31000.0,1,1,0.0003126314885305634,0.0815862471905381,False,410966.0,8.904719501335708e-07,3.508133500298935e-102,2.3299069612316062e-14,0,0.0,False,other,0.015510684452224859
100000008516839100,terminal,0.7,19,0.140724300749584,"Вход 155 000 KZT от 3 плательщиков, выход 0; глубина 0; признаки конечного получателя; seed: входящие суммы занижены методом сбора",0,True,3,0,155000.0,0.0,4,0,0.0010695838614429962,0.0,False,155000.0,0.0,0.0,5.942620559106326e-79,1,0.3333333333333333,True,terminal,0.11393130891837078
100000008517061100,peripheral,0.3,13,0.0,"Глубина 4, выход 0, вход 1 844 000 KZT; обход обрезан, данных для гипотезы о конечном получателе недостаточно",4,False,1,0,1844000.0,0.0,4,0,0.00041305671798624714,0.0,True,1844000.0,0.0,0.0,2.0913883103383665e-16,0,0.0,False,truncated,-0.2663934627029476
100000008517538100,distributor,0.55,7,0.09123829001414345,"Отправляет 1 439 000 KZT на 17 получателей, 18 переводов; признаки распределения; возможен неполный вход или начальный остаток",3,False,3,17,155500.0,1439000.0,6,18,0.00030701646079282416,9.254019292604502,False,1594500.0,0.00035262689225289405,4.551808109437135e-17,2.788371771524062e-17,0,0.0,True,distributor,0.0492447419027402
100000008522127100,peripheral,0.4,63,0.0009955767387078089,"Вход/выход: 0/1 связей, 0/145 000 KZT; признаков специальной роли недостаточно; seed: входящие суммы занижены методом сбора",0,True,0,1,0.0,145000.0,0,3,0.0002855692942172909,,False,145000.0,0.0,1.0618304415104187e-71,0.0,0,0.0,True,other,0.001209038101793504
100000008524903100,peripheral,0.3,0,0.0,"Глубина 4, выход 0, вход 15 000 KZT; обход обрезан, данных для гипотезы о конечном получателе недостаточно",4,False,1,0,15000.0,0.0,1,0,0.0003317732501869909,0.0,True,15000.0,0.0,0.0,1.721789524477247e-86,0,0.0,False,truncated,-0.2866262253272526
100000008525136100,peripheral,0.3,0,0.0,"Глубина 4, выход 0, вход 14 100 KZT; обход обрезан, данных для гипотезы о конечном получателе недостаточно",4,False,1,0,14100.0,0.0,1,0,0.0002885216550484359,0.0,True,14100.0,0.0,0.0,3.279118694670497e-17,0,0.0,False,truncated,-0.2892848021682948
100000008531133100,peripheral,0.4,3,0.022487604987073084,"Вход 25 000, выход 158 272 KZT; возможны пропущенные входящие или начальный остаток; для проверки запросить выписку",2,False,1,3,25000.0,158271.68,1,3,0.0005327484529006037,6.3308672,False,183271.68,2.226179875333927e-05,1.4351501516277319e-16,3.595414325170328e-104,0,0.0,True,missing_incoming,0.02730916682800528
100000008531186100,terminal,0.7,2,0.019936778326826075,"Вход 125 000 KZT от 1 плательщика, выход 0; глубина 2; признаки конечного получателя",2,False,1,0,125000.0,0.0,1,0,0.0003619550454860551,0.0,False,125000.0,0.0,0.0,6.384540766719883e-15,0,0.0,False,terminal,0.016140945368296068
100000008532050100,terminal,0.7,5,0.018670811799259966,"Вход 455 156 KZT от 1 плательщика, выход 0; глубина 3; признаки конечного получателя",3,False,1,0,455156.0,0.0,1,0,0.0003003205242521543,0.0,False,455156.0,0.0,0.0,2.7528028047110494e-12,0,0.0,False,terminal,0.015116010635885411
100000008536546100,terminal,0.7,16,0.030706153749932675,"Вход 250 000 KZT от 2 плательщиков, выход 0; глубина 3; признаки конечного получателя",3,False,2,0,250000.0,0.0,2,0,0.0003172528720016747,0.0,False,250000.0,0.0,0.0,6.25978189836321e-17,0,0.0,False,terminal,0.024859901736544322
100000008537380100,peripheral,0.4,1,0.008695504547558852,"Вход/выход: 1/0 связей, 8 000/0 KZT; признаков специальной роли недостаточно",3,False,1,0,8000.0,0.0,1,0,0.00028681791645075375,0.0,False,8000.0,0.0,0.0,1.2150325653751593e-42,0,0.0,False,other,0.010559905533713807
100000008545727100,peripheral,0.4,8,0.025315372440996804,"Вход 30 000, выход 1 866 500 KZT; возможны пропущенные входящие или начальный остаток; для проверки запросить выписку",2,False,1,6,30000.0,1866500.0,1,7,0.0003387010043398451,62.21666666666667,False,1896500.0,0.0001308993766696349,4.451863962225752e-17,1.1640612877041055e-70,0,0.0,True,missing_incoming,0.030743235204535306
100000008546855100,consolidator,0.8,17,0.27520197712173344,Вход 71 790 KZT от 6 плательщиков; передаёт 13.9%; признаки консолидации,2,False,6,2,71790.0,10000.0,8,2,0.0014269758891576913,0.1392951664577239,False,81790.0,5.621215717276048e-05,2.006788846279603e-130,2.7410073566177894e-17,0,0.0,False,consolidator,0.13368318607400992
100000008547295100,peripheral,0.4,6,0.022681692269584972,"Вход/выход: 1/0 связей, 15 000/0 KZT; признаков специальной роли недостаточно",3,False,1,0,15000.0,0.0,1,0,0.0005629711569533369,0.0,False,15000.0,0.0,0.0,3.610518469533619e-105,0,0.0,False,other,0.02754486831690809
100000008547844100,distributor,0.55,7,0.13785434330235666,"Отправляет 2 042 199 KZT на 19 получателей, 21 переводов; признаки распределения; возможен неполный вход или начальный остаток",2,False,3,19,177600.0,2042199.0,3,21,0.0003443380521779434,11.498868243243244,False,2219799.0,0.0021922741297376587,1.858732520064508e-17,2.979566553478384e-17,0,0.0,True,distributor,0.07440518180518234
100000008547948100,distributor,0.6,7,0.23142460157401476,"Отправляет 5 185 600 KZT на 26 получателей, 31 переводов; признаки распределения; возможен неполный вход или начальный остаток",2,False,6,26,212665.0,5185600.0,7,31,0.0004277037249167612,24.383890155878966,False,5398265.0,0.0009047480535425258,3.220735538653475e-16,1.2069485884467531e-17,0,0.0,True,distributor,0.12490857481754868
100000008548853100,peripheral,0.4,1,0.008783966576112448,"Вход/выход: 1/0 связей, 14 000/0 KZT; признаков специальной роли недостаточно",3,False,1,0,14000.0,0.0,1,0,0.00028775438312585085,0.0,False,14000.0,0.0,0.0,2.1263069894065287e-42,0,0.0,False,other,0.01066733468399916
100000008551752100,peripheral,0.3,41,0.0,"Глубина 4, выход 0, вход 406 000 KZT; обход обрезан, данных для гипотезы о конечном получателе недостаточно",4,False,1,0,406000.0,0.0,2,0,0.0003415570643909764,0.0,True,406000.0,0.0,0.0,4.5501736211968123e-39,0,0.0,False,truncated,-0.2827663003617025
100000008554390100,peripheral,0.3,18,0.0,"Глубина 4, выход 0, вход 14 000 KZT; обход обрезан, данных для гипотезы о конечном получателе недостаточно",4,False,1,0,14000.0,0.0,1,0,0.00029306138884771293,0.0,True,14000.0,0.0,0.0,2.898518883974521e-21,0,0.0,False,truncated,-0.2890073765791499
100000008555233100,terminal,0.7,16,0.0232972205001706,"Вход 440 600 KZT от 1 плательщика, выход 0; глубина 3; признаки конечного получателя",3,False,1,0,440600.0,0.0,1,0,0.0003634087205622213,0.0,False,440600.0,0.0,0.0,4.760413093705263e-18,0,0.0,False,terminal,0.018861581202436237
100000008555918100,peripheral,0.4,2,0.09394814562449513,"Вход/выход: 1/2 связей, 139 211/43 300 KZT; признаков специальной роли недостаточно",1,False,1,2,139211.0,43300.0,1,2,0.00031344440839775313,0.3110386391879952,False,182511.0,4.6304541406945686e-05,5.46601545297005e-100,6.838893946505831e-14,1,1.0,False,other,0.11409154436481447
100000008556318100,terminal,0.7,2,0.11016119710575276,"Вход 180 132 KZT от 2 плательщиков, выход 0; глубина 1; признаки конечного получателя",1,False,2,0,180132.0,0.0,2,0,0.0005605041030696607,0.0,False,180132.0,0.0,0.0,5.731505598240009e-14,1,0.5,False,terminal,0.08918722147788076
100000008557672100,peripheral,0.4,1,0.00975696621597124,"Вход/выход: 1/0 связей, 49 125/0 KZT; признаков специальной роли недостаточно",2,False,1,0,49125.0,0.0,1,0,0.0003022539771005091,0.0,False,49125.0,0.0,0.0,6.605054242607795e-36,0,0.0,False,other,0.011848954936745839
100000008560263100,peripheral,0.3,5,0.0,"Глубина 4, выход 0, вход 100 000 KZT; обход обрезан, данных для гипотезы о конечном получателе недостаточно",4,False,1,0,100000.0,0.0,1,0,0.0003131893168807817,0.0,True,100000.0,0.0,0.0,9.7167839228486e-47,0,0.0,False,truncated,-0.2870565664123322
100000008560717100,consolidator,0.8500000000000001,5,0.1951065459317741,Вход 529 000 KZT от 7 плательщиков; передаёт 4.7%; признаки консолидации,1,False,7,1,529000.0,25000.0,9,1,0.0003308341565552128,0.04725897920604915,False,554000.0,1.8699910952804988e-05,2.719706033570032e-106,1.920917534675351e-12,1,0.14285714285714285,False,consolidator,0.09477571693650058
100000008561016100,transit,0.8722222222222223,7,0.023455370918448317,"Вход 180 000, выход 185 000 KZT; передаёт 102.8%; 1/1 связей; признаки транзита",3,False,1,1,180000.0,185000.0,2,4,0.0002948428406003132,1.0277777777777777,False,365000.0,2.226179875333927e-05,4.794216396616158e-68,1.1241464450287742e-16,0,0.0,False,transit,0.01424221560706141
100000008566737100,terminal,0.7,0,0.09469721629044538,"Вход 230 000 KZT от 2 плательщиков, выход 0; глубина 1; признаки конечного получателя",1,False,2,0,230000.0,0.0,2,0,0.00034946381190953385,0.0,False,230000.0,0.0,0.0,5.364199841115912e-14,1,0.5,False,terminal,0.0766674820583779
100000008568512100,terminal,0.7,5,0.015412286666965891,"Вход 199 640 KZT от 1 плательщика, выход 0; глубина 3; признаки конечного получателя",3,False,1,0,199640.0,0.0,1,0,0.00029203946172944083,0.0,False,199640.0,0.0,0.0,1.2074311926735314e-12,0,0.0,False,terminal,0.012477887500874783
100000008571243100,terminal,0.7,8,0.01581313333109403,"Вход 134 000 KZT от 1 плательщика, выход 0; глубина 3; признаки конечного получателя",3,False,1,0,134000.0,0.0,1,0,0.00030626343281042745,0.0,False,134000.0,0.0,0.0,1.5611761217317026e-18,0,0.0,False,terminal,0.012802415566577867
100000008571433100,peripheral,0.4,54,0.09710431199122356,"Вход/выход: 2/2 связей, 350 000/1 434 000 KZT; признаков специальной роли недостаточно; seed: входящие суммы занижены методом сбора",0,True,2,2,350000.0,1434000.0,2,3,0.0016264807087207902,4.097142857142857,False,1784000.0,2.6714158504007127e-06,2.8551527588085545e-33,1.0120491468093845e-41,0,0.0,True,other,0.11792442358407651
100000008571443100,terminal,0.7,12,0.02861122877829997,"Вход 65 000 KZT от 2 плательщиков, выход 0; глубина 2; признаки конечного получателя",2,False,2,0,65000.0,0.0,2,0,0.00031474857317144927,0.0,False,65000.0,0.0,0.0,1.847022074556663e-16,0,0.0,False,terminal,0.023163836857681527
100000008575624100,peripheral,0.4,49,0.0006145111594093027,"Вход/выход: 0/3 связей, 0/89 500 KZT; признаков специальной роли недостаточно; seed: входящие суммы занижены методом сбора",0,True,0,3,0.0,89500.0,0,5,0.0002855692942172909,,False,89500.0,0.0,4.3448059942250825e-67,0.0,0,0.0,True,other,0.0007462683455897834
100000008576243100,terminal,0.7,0,0.13000501594034367,"Вход 82 920 KZT от 2 плательщиков, выход 0; глубина 3; признаки конечного получателя",3,False,2,0,82920.0,0.0,4,0,0.0016515737888683503,0.0,False,82920.0,0.0,0.0,3.936299950663317e-17,0,0.0,False,terminal,0.10525290623681281
100000008576528100,peripheral,0.4,5,0.008815606031949733,"Вход/выход: 1/0 связей, 28 000/0 KZT; признаков специальной роли недостаточно",3,False,1,0,28000.0,0.0,1,0,0.0002864767510913652,0.0,False,28000.0,0.0,0.0,1.6934518831325824e-13,0,0.0,False,other,0.010705757947761772
100000008579978100,peripheral,0.4,5,0.00954340922872888,"Вход 34 000, выход 77 000 KZT; возможны пропущенные входящие или начальный остаток; для проверки запросить выписку",3,False,1,1,34000.0,77000.0,1,6,0.0002866712061358097,2.264705882352941,False,111000.0,1.8737385724253492e-05,8.526160245264659e-85,2.056334429518136e-13,0,0.0,True,missing_incoming,0.011589609248521579
100000008582730100,transit,0.9,17,0.07856816552024827,"Вход 5 000, выход 5 000 KZT; передаёт 100.0%; 1/1 связей; признаки транзита",3,False,1,1,5000.0,5000.0,1,1,0.0008925911171850297,1.0,False,10000.0,0.0,4.1468012149059273e-20,6.632368789536616e-128,0,0.0,False,transit,0.04770697325918434
100000008583360100,peripheral,0.4,8,0.012789406357484682,"Вход 112 843, выход 170 000 KZT; возможны пропущенные входящие или начальный остаток; для проверки запросить выписку",3,False,1,1,112843.0,170000.0,1,1,0.0003276125928311374,1.5065179054083992,False,282843.0,1.8699910952804988e-05,1.1612189749022175e-69,3.0131201368971675e-19,0,0.0,True,missing_incoming,0.015531579821349402
100000008583971100,peripheral,0.3,0,0.0,"Глубина 4, выход 0, вход 51 000 KZT; обход обрезан, данных для гипотезы о конечном получателе недостаточно",4,False,2,0,51000.0,0.0,2,0,0.00032971602313587925,0.0,True,51000.0,0.0,0.0,8.7417284393098e-18,0,0.0,False,truncated,-0.2760354797957742
100000008586731100,peripheral,0.4,11,0.0911049912850839,"Вход/выход: 1/0 связей, 12 000/0 KZT; признаков специальной роли недостаточно",1,False,1,0,12000.0,0.0,1,0,0.00028756075486281447,0.0,False,12000.0,0.0,0.0,8.376008566529495e-20,1,1.0,False,other,0.1106387900044732
100000008587459100,peripheral,0.4,0,0.023881437680132962,"Вход 181 507, выход 686 500 KZT; возможны пропущенные входящие или начальный остаток; для проверки запросить выписку",2,False,2,2,181507.0,686500.0,2,4,0.00030075681163842634,3.782223275135394,False,868007.0,0.0,2.4706347515061764e-16,3.5734693380868056e-14,0,0.0,True,missing_incoming,0.029001850845132994
100000008588665100,peripheral,0.3,0,0.0,"Глубина 4, выход 0, вход 25 000 KZT; обход обрезан, данных для гипотезы о конечном получателе недостаточно",4,False,1,0,25000.0,0.0,1,0,0.0003524909066556901,0.0,True,25000.0,0.0,0.0,5.118143524349149e-18,0,0.0,False,truncated,-0.28527297094955595
100000008595687100,peripheral,0.4,3,0.02100260771554732,"Вход/выход: 1/1 связей, 64 395/10 400 KZT; признаков специальной роли недостаточно",3,False,1,1,64395.0,10400.0,1,1,0.00030485762729909343,0.161503222299868,False,74795.0,0.001383793410507569,6.613373111180076e-22,2.3691656847263225e-16,0,0.0,False,other,0.025505771657619546
100000008596924100,terminal,0.7,6,0.02377251824240478,"Вход 100 000 KZT от 1 плательщика, выход 0; глубина 3; признаки конечного получателя",3,False,1,0,100000.0,0.0,1,0,0.0004160204242994224,0.0,False,100000.0,0.0,0.0,3.783815372765639e-75,0,0.0,False,terminal,0.019246385345077156
100000008598972100,terminal,0.7,4,0.014749281794652564,"Вход 120 000 KZT от 1 плательщика, выход 0; глубина 3; признаки конечного получателя",3,False,1,0,120000.0,0.0,1,0,0.00029411601502281744,0.0,False,120000.0,0.0,0.0,7.35825930077409e-15,0,0.0,False,terminal,0.011941114445193865
100000008599354100,peripheral,0.4,0,0.012385655492185132,"Вход/выход: 1/1 связей, 177 000/38 200 KZT; признаков специальной роли недостаточно",3,False,1,1,177000.0,38200.0,1,2,0.0003317435534185647,0.21581920903954802,False,215200.0,0.0,5.825330607787671e-17,5.698963592476962e-14,0,0.0,False,other,0.015041260832566239
100000008601794100,peripheral,0.4,57,0.1316269807388759,"Вход/выход: 2/1 связей, 494 400/871 400 KZT; признаков специальной роли недостаточно; seed: входящие суммы занижены методом сбора",0,True,2,1,494400.0,871400.0,8,13,0.002367779758018107,1.7625404530744337,False,1365800.0,0.0,1.9712151556057044e-38,4.1710440441916734e-49,0,0.0,True,other,0.15984908922630736
100000008603331100,peripheral,0.4,28,0.026958430835441707,"Вход 39 500, выход 741 774 KZT; возможны пропущенные входящие или начальный остаток; для проверки запросить выписку",2,False,2,6,39500.0,741774.0,3,6,0.0003442340297094514,18.779088607594936,False,781274.0,0.00018699910952804988,1.0222497802147864e-17,3.0200718041262206e-20,0,0.0,True,missing_incoming,0.032738581344235115
100000008603629100,distributor,0.8,4,0.6737688960865444,"Отправляет 4 986 156 KZT на 61 получателя, 74 переводов; признаки распределения; возможен неполный вход или начальный остаток",2,False,19,61,1817300.0,4986156.0,45,74,0.0011918072731347837,2.7437165025037142,False,6803456.0,0.005569902048085486,2.406957317550499e-13,2.6592788723236384e-14,0,0.0,True,distributor,0.3636584528790783
100000008612257100,peripheral,0.4,15,0.008758595786070002,"Вход/выход: 1/0 связей, 9 500/0 KZT; признаков специальной роли недостаточно",3,False,1,0,9500.0,0.0,1,0,0.00028786387694202796,0.0,False,9500.0,0.0,0.0,2.4073779224362267e-16,0,0.0,False,other,0.01063652414911891
100000008619159100,peripheral,0.3,64,0.0,"Глубина 4, выход 0, вход 446 400 KZT; обход обрезан, данных для гипотезы о конечном получателе недостаточно",4,False,1,0,446400.0,0.0,2,0,0.00035658738939848845,0.0,True,446400.0,0.0,0.0,2.4395653427432902e-32,0,0.0,False,truncated,-0.28150816539588425
100000008619857100,peripheral,0.4,0,0.008948364692053184,"Вход/выход: 1/2 связей, 29 000/13 000 KZT; признаков специальной роли недостаточно",3,False,1,2,29000.0,13000.0,1,2,0.0002872025732618286,0.4482758620689655,False,42000.0,0.0,5.512737211305664e-18,7.673044546159837e-15,0,0.0,False,other,0.010866981359446196
100000008620570100,peripheral,0.4,4,0.021842854232660355,"Вход/выход: 2/2 связей, 145 000/31 800 KZT; признаков специальной роли недостаточно",3,False,2,2,145000.0,31800.0,2,2,0.0003485384395879508,0.2193103448275862,False,176800.0,3.7399821905609976e-05,4.522052753937295e-18,3.4122734808462946e-16,0,0.0,False,other,0.026526175223302993
100000008624978100,terminal,0.7,16,0.017960804665305804,"Вход 109 000 KZT от 1 плательщика, выход 0; глубина 2; признаки конечного получателя",2,False,1,0,109000.0,0.0,1,0,0.00033803190556376176,0.0,False,109000.0,0.0,0.0,3.040459126429455e-21,0,0.0,False,terminal,0.014541184243557308
100000008625905100,peripheral,0.4,59,0.02771518394054256,"Вход 197 800, выход 635 000 KZT; возможны пропущенные входящие или начальный остаток; для проверки запросить выписку",3,False,1,2,197800.0,635000.0,1,2,0.0005453128171044595,3.210313447927199,False,832800.0,3.9180765805877114e-05,6.226262097973422e-51,1.5207538470742602e-65,0,0.0,True,missing_incoming,0.03365758969602225
100000008628231100,peripheral,0.4,66,0.09644843322158766,"Вход 50 000, выход 627 870 KZT; возможны пропущенные входящие или начальный остаток; для проверки запросить выписку",1,False,1,2,50000.0,627870.0,1,19,0.00029558111590539824,12.5574,False,677870.0,4.639733607910389e-05,4.1499869198752197e-50,2.456305157820083e-14,1,1.0,True,missing_incoming,0.11712791800915068
100000008628818100,peripheral,0.3,8,0.0,"Глубина 4, выход 0, вход 46 310 KZT; обход обрезан, данных для гипотезы о конечном получателе недостаточно",4,False,1,0,46310.0,0.0,1,0,0.00030290447081849904,0.0,True,46310.0,0.0,0.0,1.059196848684009e-19,0,0.0,False,truncated,-0.2881346455785876
100000008629504100,peripheral,0.3,0,0.0,"Глубина 4, выход 0, вход 20 000 KZT; обход обрезан, данных для гипотезы о конечном получателе недостаточно",4,False,1,0,20000.0,0.0,1,0,0.00030201034173378495,0.0,True,20000.0,0.0,0.0,4.7096280023304555e-19,0,0.0,False,truncated,-0.28840882839579723
100000008629581100,terminal,0.7,2,0.015677440526741172,"Вход 54 184 KZT от 1 плательщика, выход 0; глубина 2; признаки конечного получателя",2,False,1,0,54184.0,0.0,1,0,0.00031532894612265345,0.0,False,54184.0,0.0,0.0,6.37920589598468e-63,0,0.0,False,terminal,0.01269255778985858
100000008631800100,peripheral,0.3,18,0.0,"Глубина 4, выход 0, вход 12 850 KZT; обход обрезан, данных для гипотезы о конечном получателе недостаточно",4,False,1,0,12850.0,0.0,1,0,0.00029244596678878543,0.0,True,12850.0,0.0,0.0,2.6604262613623284e-21,0,0.0,False,truncated,-0.28905468731252926
100000008632060100,peripheral,0.4,0,0.033721893150813635,"Вход 6 000, выход 339 200 KZT; возможны пропущенные входящие или начальный остаток; для проверки запросить выписку",3,False,1,9,6000.0,339200.0,1,12,0.0002880256481640291,56.53333333333333,False,345200.0,0.002865538735529831,8.682834242115821e-16,1.362664328916319e-16,0,0.0,True,missing_incoming,0.04095219594710614
100000008633099100,peripheral,0.4,6,0.009274678217830182,"Вход/выход: 1/1 связей, 19 468/13 500 KZT; признаков специальной роли недостаточно",3,False,1,1,19468.0,13500.0,1,1,0.00029196202177266776,0.6934456544072324,False,32968.0,1.8737385724253492e-05,4.569276054861235e-118,1.420303695884478e-17,0,0.0,False,other,0.011263259687832046
100000008634520100,terminal,0.7,7,0.014770921865921813,"Вход 90 000 KZT от 1 плательщика, выход 0; глубина 3; признаки конечного получателя",3,False,1,0,90000.0,0.0,1,0,0.00029848291599650714,0.0,False,90000.0,0.0,0.0,4.383937916248729e-19,0,0.0,False,terminal,0.011958634387603667
100000008636603100,peripheral,0.4,3,0.06810788230692201,"Вход 35 460, выход 159 375 KZT; возможны пропущенные входящие или начальный остаток; для проверки запросить выписку",2,False,2,6,35460.0,159375.0,2,7,0.0003387006850594576,4.494500846023689,False,194835.0,0.00593766696349065,1.1660637534057693e-17,5.159537440135541e-16,0,0.0,True,missing_incoming,0.0827108765602686
100000008637537100,peripheral,0.4,40,0.12903672863166998,"Вход/выход: 3/3 связей, 619 890/2 351 495 KZT; признаков специальной роли недостаточно; seed: входящие суммы занижены методом сбора",0,True,3,3,619890.0,2351495.0,22,30,0.0008287331534345293,3.793406894771653,False,2971385.0,7.479964381121995e-05,9.62848999251613e-20,7.143198996817416e-18,2,0.6666666666666666,True,other,0.1567034618034252
100000008638859100,peripheral,0.3,17,0.0,"Глубина 4, выход 0, вход 34 000 KZT; обход обрезан, данных для гипотезы о конечном получателе недостаточно",4,False,1,0,34000.0,0.0,1,0,0.0005396486131466575,0.0,True,34000.0,0.0,0.0,1.0463530014245668e-18,0,0.0,False,truncated,-0.27372624295865716
100000008647905100,peripheral,0.4,17,0.013757355509878527,"Вход 50 000, выход 344 222 KZT; возможны пропущенные входящие или начальный остаток; для проверки запросить выписку",2,False,1,2,50000.0,344222.0,1,2,0.0003287103258672675,6.88444,False,394222.0,3.7399821905609976e-05,9.427357481323205e-62,1.8379622683369225e-64,0,0.0,True,missing_incoming,0.01670706671285898
100000008648783100,peripheral,0.3,18,0.0,"Глубина 4, выход 0, вход 5 200 KZT; обход обрезан, данных для гипотезы о конечном получателе недостаточно",4,False,1,0,5200.0,0.0,1,0,0.0002883520722228762,0.0,True,5200.0,0.0,0.0,1.0765927283333935e-21,0,0.0,False,truncated,-0.28936940653892235
100000008649416100,peripheral,0.3,15,0.0,"Глубина 4, выход 0, вход 5 000 KZT; обход обрезан, данных для гипотезы о конечном получателе недостаточно",4,False,1,0,5000.0,0.0,1,0,0.000533726717629368,0.0,True,5000.0,0.0,0.0,3.16255988575774e-134,0,0.0,False,truncated,-0.2743310285016977
100000008650785100,peripheral,0.4,3,0.0764692193324932,"Вход/выход: 2/2 связей, 92 000/120 120 KZT; признаков специальной роли недостаточно; seed: входящие суммы занижены методом сбора",0,True,2,2,92000.0,120120.0,2,2,0.0006125210138081811,1.3056521739130436,False,212120.0,2.3198668039551944e-05,4.82747068607842e-72,5.72033359399113e-22,1,0.5,True,other,0.09286496579599478
100000008652094100,peripheral,0.4,0,0.008917358000666786,"Вход/выход: 1/0 связей, 35 000/0 KZT; признаков специальной роли недостаточно",3,False,1,0,35000.0,0.0,1,0,0.0002875404930641467,0.0,False,35000.0,0.0,0.0,9.260571003986011e-15,0,0.0,False,other,0.010829326531004376
100000008653041100,peripheral,0.4,1,0.008990377976070848,"Вход/выход: 1/0 связей, 28 000/0 KZT; признаков специальной роли недостаточно",3,False,1,0,28000.0,0.0,1,0,0.00028993947203441087,0.0,False,28000.0,0.0,0.0,4.2526139788130574e-42,0,0.0,False,other,0.01091800270133166
100000008654653100,peripheral,0.4,3,0.0003707665095877357,"Вход/выход: 0/1 связей, 0/54 000 KZT; признаков специальной роли недостаточно; seed: входящие суммы занижены методом сбора",0,True,0,1,0.0,54000.0,0,1,0.0002855692942172909,,False,54000.0,0.0,1.329867264410169e-23,0.0,0,0.0,True,other,0.00045026246549551176
100000008655035100,peripheral,0.4,6,0.021632475969267796,"Вход/выход: 1/0 связей, 30 000/0 KZT; признаков специальной роли недостаточно",2,False,1,0,30000.0,0.0,1,0,0.0005401427143175893,0.0,False,30000.0,0.0,0.0,9.131508432352698e-101,0,0.0,False,other,0.02627068980832545
100000008655779100,peripheral,0.4,27,0.014921933000361534,"Вход/выход: 1/2 связей, 47 000/24 704 KZT; признаков специальной роли недостаточно",3,False,1,2,47000.0,24704.0,1,2,0.0003970523286129282,0.5256170212765957,False,71704.0,2.8495102404274267e-05,1.0385106937257102e-71,5.417483426315365e-60,0,0.0,False,other,0.018121340975948464
100000008656043100,peripheral,0.4,1,0.009206574397389885,"Вход/выход: 1/0 связей, 26 200/0 KZT; признаков специальной роли недостаточно",2,False,1,0,26200.0,0.0,1,0,0.0002944677917550073,0.0,False,26200.0,0.0,0.0,3.52269559605749e-36,0,0.0,False,other,0.011180553744042225
100000008659445100,peripheral,0.4,43,0.14064241757063667,"Вход/выход: 3/4 связей, 138 490/875 150 KZT; признаков специальной роли недостаточно; seed: входящие суммы занижены методом сбора",0,True,3,4,138490.0,875150.0,7,18,0.0024238038911821246,6.319228825185934,False,1013640.0,3.5618878005342833e-06,5.939827564909876e-48,2.5672710820358287e-48,0,0.0,True,other,0.1707975236463991
100000008659950100,terminal,0.7,7,0.01807220964218576,"Вход 246 000 KZT от 1 плательщика, выход 0; глубина 3; признаки конечного получателя",3,False,1,0,246000.0,0.0,1,0,0.0003208665270804821,0.0,False,246000.0,0.0,0.0,1.1982763637746526e-18,0,0.0,False,terminal,0.014631378437227812
100000008661550100,peripheral,0.4,1,0.008913710884657727,"Вход/выход: 1/0 связей, 22 800/0 KZT; признаков специальной роли недостаточно",3,False,1,0,22800.0,0.0,1,0,0.00028912786758266,0.0,False,22800.0,0.0,0.0,3.462842811319204e-42,0,0.0,False,other,0.010824897437751016
100000008661585100,peripheral,0.4,1,0.09167531027101684,"Вход/выход: 1/0 связей, 43 141/0 KZT; признаков специальной роли недостаточно",1,False,1,0,43141.0,0.0,1,0,0.00029462408478601393,0.0,False,43141.0,0.0,0.0,3.7788563874326214e-39,1,1.0,False,other,0.1113313909435672
100000008662216100,peripheral,0.4,1,0.00896383936750477,"Вход/выход: 1/0 связей, 26 200/0 KZT; признаков специальной роли недостаточно",3,False,1,0,26200.0,0.0,1,0,0.00028965853203188175,0.0,False,26200.0,0.0,0.0,3.979231651603647e-42,0,0.0,False,other,0.010885773956246054
100000008662805100,peripheral,0.4,1,0.00882082575467645,"Вход/выход: 1/0 связей, 16 500/0 KZT; признаков специальной роли недостаточно",3,False,1,0,16500.0,0.0,1,0,0.000288144577573808,0.0,False,16500.0,0.0,0.0,2.506004666086266e-42,0,0.0,False,other,0.010712096829951393
100000008663007100,peripheral,0.4,1,0.09116651952690648,"Вход/выход: 1/0 связей, 14 000/0 KZT; признаков специальной роли недостаточно",1,False,1,0,14000.0,0.0,1,0,0.0002885077302285591,0.0,False,14000.0,0.0,0.0,1.2263041984204514e-39,1,1.0,False,other,0.1107135105014551
100000008663723100,peripheral,0.4,1,0.00880755645039341,"Вход/выход: 1/0 связей, 15 600/0 KZT; признаков специальной роли недостаточно",3,False,1,0,15600.0,0.0,1,0,0.00028800410757254345,0.0,False,15600.0,0.0,0.0,2.3693135024815605e-42,0,0.0,False,other,0.01069598245740859
100000008664469100,peripheral,0.4,2,0.09134639651911065,"Вход/выход: 1/0 связей, 25 000/0 KZT; признаков специальной роли недостаточно",1,False,1,0,25000.0,0.0,1,0,0.0002905752050613446,0.0,False,25000.0,0.0,0.0,1.2281525789100415e-14,1,1.0,False,other,0.11093195487520888
100000008664774100,peripheral,0.4,1,0.00881787702039133,"Вход/выход: 1/0 связей, 16 300/0 KZT; признаков специальной роли недостаточно",3,False,1,0,16300.0,0.0,1,0,0.0002881133620179714,0.0,False,16300.0,0.0,0.0,2.475628851951887e-42,0,0.0,False,other,0.010708515858275215
100000008665380100,peripheral,0.4,0,0.059337302296356795,"Вход/выход: 2/1 связей, 69 100/18 200 KZT; признаков специальной роли недостаточно",1,False,2,1,69100.0,18200.0,2,1,0.00029077432850192693,0.2633863965267728,False,87300.0,1.8699910952804988e-05,2.3350847873915595e-112,1.913067589164225e-14,1,0.5,False,other,0.07205979865203517
100000008666075100,peripheral,0.4,1,0.09137982368670869,"Вход/выход: 1/0 связей, 26 217/0 KZT; признаков специальной роли недостаточно",1,False,1,0,26217.0,0.0,1,0,0.0002910719354249637,0.0,False,26217.0,0.0,0.0,2.2964297978563556e-39,1,1.0,False,other,0.1109725491535701
100000008667058100,peripheral,0.4,1,0.0912282218188555,"Вход/выход: 1/0 связей, 17 534/0 KZT; признаков специальной роли недостаточно",1,False,1,0,17534.0,0.0,1,0,0.00028924947543311784,0.0,False,17534.0,0.0,0.0,1.5358584153645855e-39,1,1.0,False,other,0.11078844236660812
100000008667795100,peripheral,0.4,1,0.009078840004624444,"Вход/выход: 1/0 связей, 34 000/0 KZT; признаков специальной роли недостаточно",3,False,1,0,34000.0,0.0,1,0,0.000290875938709508,0.0,False,34000.0,0.0,0.0,5.1638884028444276e-42,0,0.0,False,other,0.011025431851617013
100000008667799100,peripheral,0.4,1,0.009078840004624444,"Вход/выход: 1/0 связей, 34 000/0 KZT; признаков специальной роли недостаточно",3,False,1,0,34000.0,0.0,1,0,0.000290875938709508,0.0,False,34000.0,0.0,0.0,5.1638884028444276e-42,0,0.0,False,other,0.011025431851617013
100000008668099100,peripheral,0.4,1,0.00880903081753597,"Вход/выход: 1/0 связей, 15 700/0 KZT; признаков специальной роли недостаточно",3,False,1,0,15700.0,0.0,1,0,0.00028801971535046174,0.0,False,15700.0,0.0,0.0,2.38450140954875e-42,0,0.0,False,other,0.01069777294324668
100000008669037100,peripheral,0.2,88,0.0,0 входящих и 0 исходящих рёбер; недостаточно данных для гипотезы о роли; seed: входящие суммы занижены методом сбора,0,True,0,0,0.0,0.0,0,0,0.0002855692942172909,,False,0.0,0.0,0.0,0.0,0,0.0,True,no_edges,0.0
100000008669310100,terminal,0.7,0,0.013733805686277504,"Вход 59 567 KZT от 1 плательщика, выход 0; глубина 3; признаки конечного получателя",3,False,1,0,59567.0,0.0,2,0,0.00028892410569473836,0.0,False,59567.0,0.0,0.0,1.576069808555528e-14,0,0.0,False,terminal,0.011118978384923933
100000008670667100,peripheral,0.4,1,0.09119330258175927,"Вход/выход: 1/0 связей, 15 534/0 KZT; признаков специальной роли недостаточно",1,False,1,0,15534.0,0.0,1,0,0.0002888296988600795,0.0,False,15534.0,0.0,0.0,1.360672101304521e-39,1,1.0,False,other,0.11074603610449549
100000008671026100,peripheral,0.4,1,0.09133297953014413,"Вход/выход: 1/0 связей, 23 534/0 KZT; признаков специальной роли недостаточно",1,False,1,0,23534.0,0.0,1,0,0.0002905088051522328,0.0,False,23534.0,0.0,0.0,2.0614173575447793e-39,1,1.0,False,other,0.11091566115294602
100000008671081100,peripheral,0.4,1,0.009126019753186361,"Вход/выход: 1/0 связей, 37 200/0 KZT; признаков специальной роли недостаточно",3,False,1,0,37200.0,0.0,1,0,0.0002913753876028931,0.0,False,37200.0,0.0,0.0,5.649901428994491e-42,0,0.0,False,other,0.011082727398435868
100000008671129100,peripheral,0.4,1,0.00896383936750477,"Вход/выход: 1/0 связей, 26 200/0 KZT; признаков специальной роли недостаточно",3,False,1,0,26200.0,0.0,1,0,0.00028965853203188175,0.0,False,26200.0,0.0,0.0,3.979231651603647e-42,0,0.0,False,other,0.010885773956246054
100000008671929100,terminal,0.7,2,0.13829252973429895,"Вход 75 000 KZT от 1 плательщика, выход 0; глубина 1; признаки конечного получателя",1,False,1,0,75000.0,0.0,2,0,0.00030058702674945194,0.0,False,75000.0,0.0,0.0,3.684457736730124e-14,1,1.0,False,terminal,0.11196253129229328
100000008672162100,peripheral,0.4,1,0.09119358193565605,"Вход/выход: 1/0 связей, 15 550/0 KZT; признаков специальной роли недостаточно",1,False,1,0,15550.0,0.0,1,0,0.0002888330570726638,0.0,False,15550.0,0.0,0.0,1.3620735918170016e-39,1,1.0,False,other,0.11074637535459239
100000008672200100,peripheral,0.4,1,0.09107068368069592,"Вход/выход: 1/0 связей, 8 511/0 KZT; признаков специальной роли недостаточно",1,False,1,0,8511.0,0.0,1,0,0.00028735565342385543,0.0,False,8511.0,0.0,0.0,7.455053594826044e-40,1,1.0,False,other,0.11059712651508698
100000008672480100,peripheral,0.4,1,0.008889663950049698,"Вход/выход: 1/0 связей, 13 000/0 KZT; признаков специальной роли недостаточно",2,False,1,0,13000.0,0.0,1,0,0.0002899845792550891,0.0,False,13000.0,0.0,0.0,1.7479023949903575e-36,0,0.0,False,other,0.010795694605822479
100000008672493100,peripheral,0.4,1,0.008783966576112448,"Вход/выход: 1/0 связей, 14 000/0 KZT; признаков специальной роли недостаточно",3,False,1,0,14000.0,0.0,1,0,0.00028775438312585085,0.0,False,14000.0,0.0,0.0,2.1263069894065287e-42,0,0.0,False,other,0.01066733468399916
100000008672603100,peripheral,0.4,2,0.009310803423671328,"Вход/выход: 1/0 связей, 21 200/0 KZT; признаков специальной роли недостаточно",2,False,1,0,21200.0,0.0,1,0,0.00029721303813419784,0.0,False,21200.0,0.0,0.0,2.495924350267149e-63,0,0.0,False,other,0.011307130490150879
100000008672762100,peripheral,0.4,1,0.008889663950049698,"Вход/выход: 1/0 связей, 13 000/0 KZT; признаков специальной роли недостаточно",2,False,1,0,13000.0,0.0,1,0,0.0002899845792550891,0.0,False,13000.0,0.0,0.0,1.7479023949903575e-36,0,0.0,False,other,0.010795694605822479
100000008673001100,terminal,0.7,19,0.15109270129164415,"Вход 80 000 KZT от 1 плательщика, выход 0; глубина 0; признаки конечного получателя; seed: входящие суммы занижены методом сбора",0,True,1,0,80000.0,0.0,1,0,0.0004689783107025115,0.0,False,80000.0,0.0,0.0,1.5594191657446248e-81,1,1.0,True,terminal,0.12232563341566517
100000008675322100,peripheral,0.3,36,0.0,"Глубина 4, выход 0, вход 340 000 KZT; обход обрезан, данных для гипотезы о конечном получателе недостаточно",4,False,1,0,340000.0,0.0,4,0,0.0003193541698974364,0.0,True,340000.0,0.0,0.0,3.514724151992936e-24,0,0.0,False,truncated,-0.28467753008772423
100000008676812100,terminal,0.7,17,0.02944364004102492,"Вход 230 800 KZT от 1 плательщика, выход 0; глубина 3; признаки конечного получателя",3,False,1,0,230800.0,0.0,1,0,0.00047313415798956024,0.0,False,230800.0,0.0,0.0,1.087359857992119e-60,0,0.0,False,terminal,0.023837762428570733
100000008677215100,peripheral,0.4,21,0.009588605875669058,"Вход/выход: 1/0 связей, 9 000/0 KZT; признаков специальной роли недостаточно",3,False,1,0,9000.0,0.0,1,0,0.0003043767156368611,0.0,False,9000.0,0.0,0.0,9.828314110122023e-19,0,0.0,False,other,0.011644496497388912
100000008677368100,peripheral,0.3,6,0.0,"Глубина 4, выход 0, вход 13 500 KZT; обход обрезан, данных для гипотезы о конечном получателе недостаточно",4,False,1,0,13500.0,0.0,1,0,0.0005340288694748735,0.0,True,13500.0,0.0,0.0,1.1186149437370677e-115,0,0.0,False,truncated,-0.27424163369490295
100000008677518100,peripheral,0.4,1,0.00929557197458076,"Вход/выход: 1/0 связей, 48 700/0 KZT; признаков специальной роли недостаточно",3,False,1,0,48700.0,0.0,1,0,0.000293170282063496,0.0,False,48700.0,0.0,0.0,7.396510741721283e-42,0,0.0,False,other,0.011288633269816136
100000008679986100,peripheral,0.4,1,0.09125381761964702,"Вход/выход: 1/0 связей, 19 000/0 KZT; признаков специальной роли недостаточно",1,False,1,0,19000.0,0.0,1,0,0.00028955717166115493,0.0,False,19000.0,0.0,0.0,1.6642699835706127e-39,1,1.0,False,other,0.11081952615673668
100000008680061100,peripheral,0.3,5,0.0,"Глубина 4, выход 0, вход 41 300 KZT; обход обрезан, данных для гипотезы о конечном получателе недостаточно",4,False,1,0,41300.0,0.0,2,0,0.0003106855908070421,0.0,True,41300.0,0.0,0.0,6.944656173641494e-17,0,0.0,False,truncated,-0.287699482306906
100000008680451100,peripheral,0.4,1,0.09133297953014413,"Вход/выход: 1/0 связей, 23 534/0 KZT; признаков специальной роли недостаточно",1,False,1,0,23534.0,0.0,1,0,0.0002905088051522328,0.0,False,23534.0,0.0,0.0,2.0614173575447793e-39,1,1.0,False,other,0.11091566115294602
100000008680731100,distributor,0.6,11,0.022622225890868295,"Отправляет 1 464 354 KZT на 27 получателей, 28 переводов; признаки распределения; seed: входящие суммы занижены методом сбора",0,True,0,27,0.0,1464354.0,0,28,0.0002855692942172909,,False,1464354.0,0.0,2.6672542068222455e-17,0.0,0,0.0,True,distributor,0.012210067451818789
100000008680912100,peripheral,0.4,0,0.021526672460166343,"Вход/выход: 1/1 связей, 45 112/5 991 KZT; признаков специальной роли недостаточно",3,False,1,1,45112.0,5990.85,2,1,0.0005351757124790597,0.13279947685759888,False,51102.85,0.0,7.284461373590954e-19,2.7464581674536075e-18,0,0.0,False,other,0.026142200994923537
100000008682426100,peripheral,0.4,13,0.009000198415125789,"Вход/выход: 1/0 связей, 20 000/0 KZT; признаков специальной роли недостаточно",3,False,1,0,20000.0,0.0,1,0,0.0002912223270400026,0.0,False,20000.0,0.0,0.0,1.404639740669317e-18,0,0.0,False,other,0.01092992873830313
100000008683818100,peripheral,0.4,1,0.008995300765829762,"Вход/выход: 1/0 связей, 17 400/0 KZT; признаков специальной роли недостаточно",2,False,1,0,17400.0,0.0,1,0,0.0002914789834217285,0.0,False,17400.0,0.0,0.0,2.3395001286794017e-36,0,0.0,False,other,0.010923980985229061
100000008684452100,terminal,0.7,1,0.014011916034000179,"Вход 51 800 KZT от 1 плательщика, выход 0; глубина 3; признаки конечного получателя",3,False,1,0,51800.0,0.0,1,0,0.0002936541231789628,0.0,False,51800.0,0.0,0.0,7.867335860804157e-42,0,0.0,False,terminal,0.0113441383307969
100000008684767100,peripheral,0.4,1,0.009036083357490206,"Вход/выход: 1/0 связей, 31 100/0 KZT; признаков специальной роли недостаточно",3,False,1,0,31100.0,0.0,1,0,0.0002904233131498777,0.0,False,31100.0,0.0,0.0,4.723439097895932e-42,0,0.0,False,other,0.010973507762312425
100000008684951100,peripheral,0.4,1,0.008831146324674369,"Вход/выход: 1/0 связей, 17 200/0 KZT; признаков специальной роли недостаточно",3,False,1,0,17200.0,0.0,1,0,0.000288253832019236,0.0,False,17200.0,0.0,0.0,2.6123200155565922e-42,0,0.0,False,other,0.010724630230818016
100000008686214100,peripheral,0.4,4,0.009362882241338313,"Вход/выход: 1/0 связей, 25 000/0 KZT; признаков специальной роли недостаточно",3,False,1,0,25000.0,0.0,1,0,0.00029772792993778554,0.0,False,25000.0,0.0,0.0,2.6408586350096458e-17,0,0.0,False,other,0.011370375514273747
100000008686234100,peripheral,0.4,0,0.09157195080082481,"Вход/выход: 1/0 связей, 39 778/0 KZT; признаков специальной роли недостаточно",1,False,1,0,39778.0,0.0,1,0,0.0002930337323065542,0.0,False,39778.0,0.0,0.0,1.3896604533956163e-14,1,1.0,False,other,0.1112058701948547
100000008686247100,peripheral,0.4,22,0.010181439535666371,"Вход/выход: 1/1 связей, 22 000/5 000 KZT; признаков специальной роли недостаточно",3,False,1,1,22000.0,5000.0,2,1,0.0003136737677799251,0.22727272727272727,False,27000.0,0.0,2.5239275130687653e-113,1.161201228697501e-07,0,0.0,False,other,0.012364439476262394
100000008686313100,consolidator,0.8,0,0.22487776503088963,Вход 1 912 716 KZT от 6 плательщиков; передаёт 17.5%; признаки консолидации,1,False,6,7,1912716.0,333800.0,16,13,0.0004676329022286971,0.17451623764322566,False,2246516.0,1.8699910952804988e-05,7.688279287416759e-16,3.4806509322691516e-12,1,0.16666666666666666,False,consolidator,0.10923750047491135
100000008686494100,peripheral,0.4,1,0.00880903081753597,"Вход/выход: 1/0 связей, 15 700/0 KZT; признаков специальной роли недостаточно",3,False,1,0,15700.0,0.0,1,0,0.00028801971535046174,0.0,False,15700.0,0.0,0.0,2.38450140954875e-42,0,0.0,False,other,0.01069777294324668
100000008687492100,peripheral,0.4,1,0.00893768068449518,"Вход/выход: 1/0 связей, 15 000/0 KZT; признаков специальной роли недостаточно",2,False,1,0,15000.0,0.0,1,0,0.0002906638538762888,0.0,False,15000.0,0.0,0.0,2.016810455758105e-36,0,0.0,False,other,0.010854006596461834
100000008687617100,peripheral,0.4,1,0.009216693332453804,"Вход/выход: 1/0 связей, 43 350/0 KZT; признаков специальной роли недостаточно",3,False,1,0,43350.0,0.0,2,0,0.0002923352659448677,0.0,False,43350.0,0.0,0.0,6.583957713626644e-42,0,0.0,False,other,0.011192842277478361
100000008687671100,peripheral,0.4,1,0.09157682056278699,"Вход/выход: 1/0 связей, 37 500/0 KZT; признаков специальной роли недостаточно",1,False,1,0,37500.0,0.0,1,0,0.0002934401049617594,0.0,False,37500.0,0.0,0.0,3.284743388626209e-39,1,1.0,False,other,0.11121178408127853
100000008687733100,peripheral,0.4,1,0.008793549962539091,"Вход/выход: 1/0 связей, 14 650/0 KZT; признаков специальной роли недостаточно",3,False,1,0,14650.0,0.0,1,0,0.00028785583368231974,0.0,False,14650.0,0.0,0.0,2.2250283853432607e-42,0,0.0,False,other,0.010678972841946743
100000008687990100,peripheral,0.4,1,0.008837043793244608,"Вход/выход: 1/0 связей, 17 600/0 KZT; признаков специальной роли недостаточно",3,False,1,0,17600.0,0.0,1,0,0.00028831626313090915,0.0,False,17600.0,0.0,0.0,2.6730716438253503e-42,0,0.0,False,other,0.010731792174170375
100000008688109100,peripheral,0.4,1,0.00876627417040173,"Вход/выход: 1/0 связей, 12 800/0 KZT; признаков специальной роли недостаточно",3,False,1,0,12800.0,0.0,1,0,0.0002875670897908314,0.0,False,12800.0,0.0,0.0,1.944052104600255e-42,0,0.0,False,other,0.01064584885394209
100000008688155100,peripheral,0.4,1,0.008925505821798206,"Вход/выход: 1/0 связей, 23 600/0 KZT; признаков специальной роли недостаточно",3,False,1,0,23600.0,0.0,1,0,0.00028925272980600625,0.0,False,23600.0,0.0,0.0,3.5843460678567196e-42,0,0.0,False,other,0.01083922132445573
100000008688476100,peripheral,0.4,1,0.009153755989499855,"Вход/выход: 1/0 связей, 24 000/0 KZT; признаков специальной роли недостаточно",2,False,1,0,24000.0,0.0,1,0,0.0002937205896716876,0.0,False,24000.0,0.0,0.0,3.2268967292129675e-36,0,0.0,False,other,0.011116410554338934
100000008688881100,peripheral,0.4,1,0.009638989099438685,"Вход/выход: 1/0 связей, 44 211/0 KZT; признаков специальной роли недостаточно",2,False,1,0,44211.0,0.0,1,0,0.0003005849993562214,0.0,False,44211.0,0.0,0.0,5.944347137301439e-36,0,0.0,False,other,0.01170568237574494
100000008690762100,peripheral,0.4,1,0.008971948386788846,"Вход/выход: 1/0 связей, 26 750/0 KZT; признаков специальной роли недостаточно",3,False,1,0,26750.0,0.0,1,0,0.00028974437481043224,0.0,False,26750.0,0.0,0.0,4.0627651404731886e-42,0,0.0,False,other,0.01089562162835554
100000008690932100,peripheral,0.4,1,0.09132365609383944,"Вход/выход: 1/0 связей, 23 000/0 KZT; признаков специальной роли недостаточно",1,False,1,0,23000.0,0.0,1,0,0.00029039672480723154,0.0,False,23000.0,0.0,0.0,2.0146426116907416e-39,1,1.0,False,other,0.11090433868096194
100000008691027100,peripheral,0.4,1,0.0912282218188555,"Вход/выход: 1/0 связей, 17 534/0 KZT; признаков специальной роли недостаточно",1,False,1,0,17534.0,0.0,1,0,0.00028924947543311784,0.0,False,17534.0,0.0,0.0,1.5358584153645855e-39,1,1.0,False,other,0.11078844236660812
100000008691168100,peripheral,0.4,1,0.009153755989499855,"Вход/выход: 1/0 связей, 24 000/0 KZT; признаков специальной роли недостаточно",2,False,1,0,24000.0,0.0,1,0,0.0002937205896716876,0.0,False,24000.0,0.0,0.0,3.2268967292129675e-36,0,0.0,False,other,0.011116410554338934
100000008691330100,peripheral,0.4,1,0.09129641908890439,"Вход/выход: 1/0 связей, 21 440/0 KZT; признаков специальной роли недостаточно",1,False,1,0,21440.0,0.0,1,0,0.0002900692990802617,0.0,False,21440.0,0.0,0.0,1.8779972867238916e-39,1,1.0,False,other,0.11087126179651409
100000008691495100,peripheral,0.4,1,0.09139349456803186,"Вход/выход: 1/0 связей, 27 000/0 KZT; признаков специальной роли недостаточно",1,False,1,0,27000.0,0.0,1,0,0.0002912362779533082,0.0,False,27000.0,0.0,0.0,2.3650152398108706e-39,1,1.0,False,other,0.11098915120518721
100000008692291100,transit,0.875,7,0.05902542287179268,"Вход 160 000, выход 156 000 KZT; передаёт 97.5%; 3/3 связей; признаки транзита",3,False,3,3,160000.0,156000.0,3,3,0.000307852986577175,0.975,False,316000.0,6.144256455921639e-05,2.497151947425017e-78,3.040502015766394e-17,0,0.0,False,transit,0.03584052461847226
100000008693069100,peripheral,0.4,1,0.09127127723819511,"Вход/выход: 1/0 связей, 20 000/0 KZT; признаков специальной роли недостаточно",1,False,1,0,20000.0,0.0,1,0,0.0002897670599476741,0.0,False,20000.0,0.0,0.0,1.7518631406006452e-39,1,1.0,False,other,0.110840729287793
100000008695133100,peripheral,0.4,1,0.009117320987045261,"Вход/выход: 1/0 связей, 36 610/0 KZT; признаков специальной роли недостаточно",3,False,1,0,36610.0,0.0,1,0,0.00029128330171317526,0.0,False,36610.0,0.0,0.0,5.560292777298073e-42,0,0.0,False,other,0.011072163531991145
100000008695157100,peripheral,0.3,4,0.0,"Глубина 4, выход 0, вход 425 546 KZT; обход обрезан, данных для гипотезы о конечном получателе недостаточно",4,False,1,0,425546.0,0.0,3,0,0.0004975174254247276,0.0,True,425546.0,0.0,0.0,1.7993378843008686e-22,0,0.0,False,truncated,-0.27304385450315194
100000008695495100,peripheral,0.4,1,0.09128873685674323,"Вход/выход: 1/0 связей, 21 000/0 KZT; признаков специальной роли недостаточно",1,False,1,0,21000.0,0.0,1,0,0.00028997694823419326,0.0,False,21000.0,0.0,0.0,1.839456297630677e-39,1,1.0,False,other,0.11086193241884931
100000008695566100,peripheral,0.4,1,0.009074416903196764,"Вход/выход: 1/0 связей, 33 700/0 KZT; признаков специальной роли недостаточно",3,False,1,0,33700.0,0.0,1,0,0.0002908291153757531,0.0,False,33700.0,0.0,0.0,5.1183246816428586e-42,0,0.0,False,other,0.011020060394102745
100000008695689100,peripheral,0.4,1,0.00896383936750477,"Вход/выход: 1/0 связей, 26 200/0 KZT; признаков специальной роли недостаточно",3,False,1,0,26200.0,0.0,1,0,0.00028965853203188175,0.0,False,26200.0,0.0,0.0,3.979231651603647e-42,0,0.0,False,other,0.010885773956246054
100000008696692100,peripheral,0.4,1,0.009033714153386144,"Вход/выход: 1/0 связей, 19 000/0 KZT; признаков специальной роли недостаточно",2,False,1,0,19000.0,0.0,1,0,0.00029202240311868824,0.0,False,19000.0,0.0,0.0,2.5546265772935996e-36,0,0.0,False,other,0.010970630577740543
100000008696919100,peripheral,0.4,1,0.09147983238175225,"Вход/выход: 1/0 связей, 31 945/0 KZT; признаков специальной роли недостаточно",1,False,1,0,31945.0,0.0,1,0,0.00029227417553014546,0.0,False,31945.0,0.0,0.0,2.7981634013243804e-39,1,1.0,False,other,0.1110940006882607
100000008697670100,peripheral,0.4,1,0.008951307246793008,"Вход/выход: 1/0 связей, 25 350/0 KZT; признаков специальной роли недостаточно",3,False,1,0,25350.0,0.0,1,0,0.0002895258659195763,0.0,False,25350.0,0.0,0.0,3.850134441532536e-42,0,0.0,False,other,0.010870554826622294
100000008699083100,peripheral,0.3,10,0.0,"Глубина 4, выход 0, вход 238 500 KZT; обход обрезан, данных для гипотезы о конечном получателе недостаточно",4,False,1,0,238500.0,0.0,1,0,0.00030640170893457883,0.0,True,238500.0,0.0,0.0,6.496462478654283e-18,0,0.0,False,truncated,-0.2863177676546025
100000008701222100,peripheral,0.2,89,0.0,0 входящих и 0 исходящих рёбер; недостаточно данных для гипотезы о роли; seed: входящие суммы занижены методом сбора,0,True,0,0,0.0,0.0,0,0,0.0002855692942172909,,False,0.0,0.0,0.0,0.0,0,0.0,True,no_edges,0.0
100000008701256100,terminal,0.7,0,0.014842132602384964,"Вход 58 250 KZT от 1 плательщика, выход 0; глубина 2; признаки конечного получателя",2,False,1,0,58250.0,0.0,1,0,0.0003037426349007179,0.0,False,58250.0,0.0,0.0,3.0553981133319414e-17,0,0.0,False,terminal,0.012016287062877749
100000008701944100,terminal,0.7,14,0.14645553267775602,"Вход 52 124 KZT от 1 плательщика, выход 0; глубина 1; признаки конечного получателя",1,False,1,0,52124.0,0.0,1,0,0.00041152025351239013,0.0,False,52124.0,0.0,0.0,5.1655821214376896e-21,1,1.0,False,terminal,0.11857135155360359
100000008703533100,peripheral,0.3,7,0.0,"Глубина 4, выход 0, вход 75 000 KZT; обход обрезан, данных для гипотезы о конечном получателе недостаточно",4,False,1,0,75000.0,0.0,1,0,0.00029552677799059583,0.0,True,75000.0,0.0,0.0,3.814079076303598e-19,0,0.0,False,truncated,-0.28834763267081287
100000008706846100,peripheral,0.4,1,0.00878691531039757,"Вход/выход: 1/0 связей, 14 200/0 KZT; признаков специальной роли недостаточно",3,False,1,0,14200.0,0.0,1,0,0.00028778559868168743,0.0,False,14200.0,0.0,0.0,2.1566828035409078e-42,0,0.0,False,other,0.01067091565567534
100000008706947100,peripheral,0.4,1,0.008831146324674369,"Вход/выход: 1/0 связей, 17 200/0 KZT; признаков специальной роли недостаточно",3,False,1,0,17200.0,0.0,1,0,0.000288253832019236,0.0,False,17200.0,0.0,0.0,2.6123200155565922e-42,0,0.0,False,other,0.010724630230818016
100000008707810100,peripheral,0.4,1,0.00896383936750477,"Вход/выход: 1/0 связей, 26 200/0 KZT; признаков специальной роли недостаточно",3,False,1,0,26200.0,0.0,1,0,0.00028965853203188175,0.0,False,26200.0,0.0,0.0,3.979231651603647e-42,0,0.0,False,other,0.010885773956246054
100000008708025100,peripheral,0.4,27,0.009843411336485067,"Вход/выход: 1/0 связей, 10 000/0 KZT; признаков специальной роли недостаточно",3,False,1,0,10000.0,0.0,1,0,0.0003092890887695541,0.0,False,10000.0,0.0,0.0,1.1526560481522053e-60,0,0.0,False,other,0.011953934734235887
100000008708061100,peripheral,0.4,1,0.008705087933985492,"Вход/выход: 1/0 связей, 8 650/0 KZT; признаков специальной роли недостаточно",3,False,1,0,8650.0,0.0,1,0,0.0002869193670072226,0.0,False,8650.0,0.0,0.0,1.313753961311891e-42,0,0.0,False,other,0.010571543691661385
100000008708207100,terminal,0.7,7,0.03614064779040679,"Вход 465 000 KZT от 2 плательщиков, выход 0; глубина 3; признаки конечного получателя",3,False,2,0,465000.0,0.0,2,0,0.0003597869047298129,0.0,False,465000.0,0.0,0.0,5.2054576093797805e-18,0,0.0,False,terminal,0.029259703448418394
100000008708368100,peripheral,0.4,1,0.0913354762555965,"Вход/выход: 1/0 связей, 23 677/0 KZT; признаков специальной роли недостаточно",1,False,1,0,23677.0,0.0,1,0,0.00029053881917720503,0.0,False,23677.0,0.0,0.0,2.0739431790000734e-39,1,1.0,False,other,0.11091869320068706
100000008708595100,peripheral,0.4,1,0.008831146324674369,"Вход/выход: 1/0 связей, 17 200/0 KZT; признаков специальной роли недостаточно",3,False,1,0,17200.0,0.0,1,0,0.000288253832019236,0.0,False,17200.0,0.0,0.0,2.6123200155565922e-42,0,0.0,False,other,0.010724630230818016
100000008708743100,peripheral,0.4,1,0.00880681926682213,"Вход/выход: 1/0 связей, 15 550/0 KZT; признаков специальной роли недостаточно",3,False,1,0,15550.0,0.0,1,0,0.0002879963036835843,0.0,False,15550.0,0.0,0.0,2.361719548947966e-42,0,0.0,False,other,0.010695087214489547
100000008710791100,distributor,0.6,7,0.15712232878877178,"Отправляет 5 521 511 KZT на 23 получателей, 25 переводов; признаки распределения; возможен неполный вход или начальный остаток",2,False,3,23,181510.0,5521511.0,3,25,0.00033426219607625717,30.41987218335078,False,5703021.0,0.0003143365983971505,2.3821713555229414e-15,1.5454842878700872e-18,0,0.0,True,distributor,0.08480483936252114
100000008710843100,distributor,0.55,16,0.08755589726632508,"Отправляет 1 985 500 KZT на 13 получателей, 14 переводов; признаки распределения; возможен неполный вход или начальный остаток",2,False,2,13,33944.0,1985500.0,3,14,0.00029287559446499275,58.49340089559274,False,2019444.0,0.0009519145146927872,1.1811254963763281e-15,8.518626815183283e-18,0,0.0,True,distributor,0.0472572158276381
100000008710913100,peripheral,0.3,7,0.0,"Глубина 4, выход 0, вход 14 000 KZT; обход обрезан, данных для гипотезы о конечном получателе недостаточно",4,False,1,0,14000.0,0.0,1,0,0.00028811097479962785,0.0,True,14000.0,0.0,0.0,1.6705936577572382e-19,0,0.0,False,truncated,-0.289310808310146
100000008712036100,peripheral,0.4,1,0.008887172276091648,"Вход/выход: 1/0 связей, 21 000/0 KZT; признаков специальной роли недостаточно",3,False,1,0,21000.0,0.0,1,0,0.00028884692758013086,0.0,False,21000.0,0.0,0.0,3.189460484109793e-42,0,0.0,False,other,0.01079266869266541
100000008712184100,peripheral,0.4,1,0.00884294126181485,"Вход/выход: 1/0 связей, 18 000/0 KZT; признаков специальной роли недостаточно",3,False,1,0,18000.0,0.0,1,0,0.0002883786942425823,0.0,False,18000.0,0.0,0.0,2.7338232720941088e-42,0,0.0,False,other,0.010738954117522733
100000008712827100,terminal,0.7,1,0.014547111306749448,"Вход 76 000 KZT от 1 плательщика, выход 0; глубина 3; признаки конечного получателя",3,False,1,0,76000.0,0.0,1,0,0.0002974312054351879,0.0,False,76000.0,0.0,0.0,1.1542809371064012e-41,0,0.0,False,terminal,0.011777435903614502
100000008712991100,terminal,0.7,1,0.014328167786079291,"Вход 66 100 KZT от 1 плательщика, выход 0; глубина 3; признаки конечного получателя",3,False,1,0,66100.0,0.0,1,0,0.00029588603542127765,0.0,False,66100.0,0.0,0.0,1.0039206571412253e-41,0,0.0,False,terminal,0.011600177805643664
100000008713270100,peripheral,0.4,6,0.01039622586336891,"Вход 30 000, выход 190 000 KZT; возможны пропущенные входящие или начальный остаток; для проверки запросить выписку",2,False,1,3,30000.0,190000.0,1,3,0.00029125521728309953,6.333333333333333,False,220000.0,2.6767693891790706e-06,1.6142918775538788e-76,9.59087854642841e-19,0,0.0,True,missing_incoming,0.012625278087531805
100000008713685100,peripheral,0.4,1,0.00931031564600636,"Вход/выход: 1/0 связей, 49 700/0 KZT; признаков специальной роли недостаточно",3,False,1,0,49700.0,0.0,1,0,0.0002933263598426788,0.0,False,49700.0,0.0,0.0,7.548389812393177e-42,0,0.0,False,other,0.011306538128197027
100000008714412100,terminal,0.7,8,0.016582820046319436,"Вход 169 000 KZT от 1 плательщика, выход 0; глубина 3; признаки конечного получателя",3,False,1,0,169000.0,0.0,1,0,0.0003116686182638587,0.0,False,169000.0,0.0,0.0,1.9689460042735652e-18,0,0.0,False,terminal,0.013425558935957664
100000008715513100,peripheral,0.3,18,0.0,"Глубина 4, выход 0, вход 32 500 KZT; обход обрезан, данных для гипотезы о конечном получателе недостаточно",4,False,1,0,32500.0,0.0,1,0,0.00030296165675219926,0.0,True,32500.0,0.0,0.0,6.728704552083709e-21,0,0.0,False,truncated,-0.28824629086826464
100000008715887100,peripheral,0.4,1,0.00884294126181485,"Вход/выход: 1/0 связей, 18 000/0 KZT; признаков специальной роли недостаточно",3,False,1,0,18000.0,0.0,1,0,0.0002883786942425823,0.0,False,18000.0,0.0,0.0,2.7338232720941088e-42,0,0.0,False,other,0.010738954117522733
100000008716072100,peripheral,0.4,1,0.008755953600403812,"Вход/выход: 1/0 связей, 12 100/0 KZT; признаков специальной роли недостаточно",3,False,1,0,12100.0,0.0,1,0,0.00028745783534540344,0.0,False,12100.0,0.0,0.0,1.8377367551299282e-42,0,0.0,False,other,0.010633315453075467
100000008716222100,peripheral,0.4,1,0.09123635800109892,"Вход/выход: 1/0 связей, 18 000/0 KZT; признаков специальной роли недостаточно",1,False,1,0,18000.0,0.0,1,0,0.00028934728337463573,0.0,False,18000.0,0.0,0.0,1.5766768265405807e-39,1,1.0,False,other,0.11079832302568036
100000008716439100,peripheral,0.4,1,0.09113626200796261,"Вход/выход: 1/0 связей, 12 267/0 KZT; признаков специальной роли недостаточно",1,False,1,0,12267.0,0.0,1,0,0.00028814399382802143,0.0,False,12267.0,0.0,0.0,1.0745052572874056e-39,1,1.0,False,other,0.1106767654753345
100000008716773100,peripheral,0.4,1,0.09119579930721165,"Вход/выход: 1/0 связей, 15 677/0 KZT; признаков специальной роли недостаточно",1,False,1,0,15677.0,0.0,1,0,0.00028885971288505175,0.0,False,15677.0,0.0,0.0,1.3731979227598156e-39,1,1.0,False,other,0.11074906815223654
100000008717340100,peripheral,0.4,1,0.0916466590369794,"Вход/выход: 1/0 связей, 41 500/0 KZT; признаков специальной роли недостаточно",1,False,1,0,41500.0,0.0,1,0,0.000294279658107836,0.0,False,41500.0,0.0,0.0,3.635116016746338e-39,1,1.0,False,other,0.11129659660550378
100000008717341100,peripheral,0.4,1,0.09117746670773613,"Вход/выход: 1/0 связей, 14 627/0 KZT; признаков специальной роли недостаточно",1,False,1,0,14627.0,0.0,1,0,0.0002886393301842066,0.0,False,14627.0,0.0,0.0,1.2812251078782818e-39,1,1.0,False,other,0.11072680486462741
100000008717375100,peripheral,0.4,2,0.009598084553099557,"Вход/выход: 1/0 связей, 29 506/0 KZT; признаков специальной роли недостаточно",2,False,1,0,29506.0,0.0,1,0,0.0003017749691235294,0.0,False,29506.0,0.0,0.0,3.4738086735369104e-63,0,0.0,False,other,0.011656007495710306
100000008717802100,peripheral,0.4,1,0.008963102183933489,"Вход/выход: 1/0 связей, 26 150/0 KZT; признаков специальной роли недостаточно",3,False,1,0,26150.0,0.0,1,0,0.0002896507281429226,0.0,False,26150.0,0.0,0.0,3.971637698070052e-42,0,0.0,False,other,0.01088487871332701
100000008718089100,peripheral,0.4,1,0.09119330258175927,"Вход/выход: 1/0 связей, 15 534/0 KZT; признаков специальной роли недостаточно",1,False,1,0,15534.0,0.0,1,0,0.0002888296988600795,0.0,False,15534.0,0.0,0.0,1.360672101304521e-39,1,1.0,False,other,0.11074603610449549
100000008718811100,terminal,0.7,1,0.014487399437475767,"Вход 73 300 KZT от 1 плательщика, выход 0; глубина 3; признаки конечного получателя",3,False,1,0,73300.0,0.0,1,0,0.0002970097954313942,0.0,False,73300.0,0.0,0.0,1.1132735880249896e-41,0,0.0,False,terminal,0.01172909278598609
100000008720668100,peripheral,0.4,1,0.00881345391896365,"Вход/выход: 1/0 связей, 16 000/0 KZT; признаков специальной роли недостаточно",3,False,1,0,16000.0,0.0,1,0,0.0002880665386842166,0.0,False,16000.0,0.0,0.0,2.4300651307503186e-42,0,0.0,False,other,0.010703144400760948
100000008720798100,peripheral,0.4,1,0.09119330258175927,"Вход/выход: 1/0 связей, 15 534/0 KZT; признаков специальной роли недостаточно",1,False,1,0,15534.0,0.0,1,0,0.0002888296988600795,0.0,False,15534.0,0.0,0.0,1.360672101304521e-39,1,1.0,False,other,0.11074603610449549
100000008720856100,peripheral,0.4,5,0.010869310937899168,"Вход 18 105, выход 46 000 KZT; возможны пропущенные входящие или начальный остаток; для проверки запросить выписку",3,False,1,1,18105.0,46000.0,1,2,0.00031932628410571523,2.5407346037006353,False,64105.0,1.8699910952804988e-05,1.2204111790425322e-94,1.17124783374204e-16,0,0.0,True,missing_incoming,0.0131997972162524
100000008721637100,peripheral,0.4,6,0.010248611176525289,"Вход 24 041, выход 127 000 KZT; возможны пропущенные входящие или начальный остаток; для проверки запросить выписку",3,False,1,2,24041.0,127000.0,1,2,0.0002904606519895623,5.282642152988644,False,151041.0,4.897595725734639e-05,1.3824791379053851e-17,1.514385918026353e-15,0,0.0,True,missing_incoming,0.012446013372076625
100000008722328100,peripheral,0.4,1,0.0913354762555965,"Вход/выход: 1/0 связей, 23 677/0 KZT; признаков специальной роли недостаточно",1,False,1,0,23677.0,0.0,1,0,0.00029053881917720503,0.0,False,23677.0,0.0,0.0,2.0739431790000734e-39,1,1.0,False,other,0.11091869320068706
100000008722417100,peripheral,0.4,5,0.016787181621997813,"Вход 331 900, выход 720 000 KZT; возможны пропущенные входящие или начальный остаток; для проверки запросить выписку",3,False,1,3,331900.0,720000.0,1,6,0.0002963258990924791,2.16932811087677,False,1051900.0,5.621215717276048e-05,2.8565924502025304e-52,2.007345285756086e-12,0,0.0,True,missing_incoming,0.020386517094670476
100000008722541100,peripheral,0.3,5,0.0,"Глубина 4, выход 0, вход 280 000 KZT; обход обрезан, данных для гипотезы о конечном получателе недостаточно",4,False,1,0,280000.0,0.0,4,0,0.000383638105897556,0.0,True,280000.0,0.0,0.0,1.481762002346046e-51,0,0.0,False,truncated,-0.28123758847772323
100000008723830100,transit,0.8895929619278576,3,0.1350441783622597,"Вход 459 785, выход 455 000 KZT; передаёт 99.0%; 2/1 связей; признаки транзита",1,False,2,1,459785.0,455000.0,2,1,0.0003402309877065733,0.9895929619278576,False,914785.0,1.9590382902938557e-05,7.545065878116433e-51,1.2223855348419523e-14,1,0.5,False,transit,0.08199948367480335
100000008724279100,peripheral,0.4,3,0.09106652460946232,"Вход/выход: 1/0 связей, 11 750/0 KZT; признаков специальной роли недостаточно",1,False,1,0,11750.0,0.0,1,0,0.00028683263134622903,0.0,False,11750.0,0.0,0.0,3.162755377929795e-16,1,1.0,False,other,0.11059207569841562
100000008724461100,peripheral,0.4,7,0.010593793983283604,"Вход 100 111, выход 130 000 KZT; возможны пропущенные входящие или начальный остаток; для проверки запросить выписку",3,False,1,1,100111.0,130000.0,1,1,0.00029072698311701726,1.298558599954051,False,230111.0,2.226179875333927e-05,8.682985677618509e-75,6.252190264348646e-17,0,0.0,True,missing_incoming,0.012865206739326751
100000008727982100,peripheral,0.3,26,0.0,"Глубина 4, выход 0, вход 30 000 KZT; обход обрезан, данных для гипотезы о конечном получателе недостаточно",4,False,1,0,30000.0,0.0,2,0,0.0005138489258762212,0.0,True,30000.0,0.0,0.0,1.3997155557860735e-45,0,0.0,False,truncated,-0.2753409672497938
100000008728457100,peripheral,0.4,9,0.09157553927034606,"Вход/выход: 1/0 связей, 45 000/0 KZT; признаков специальной роли недостаточно",1,False,1,0,45000.0,0.0,1,0,0.0002923944521197359,0.0,False,45000.0,0.0,0.0,1.3356457973266136e-14,1,1.0,False,other,0.11121022806724125
100000008729597100,terminal,0.7,4,0.015001968037789831,"Вход 83 090 KZT от 1 плательщика, выход 0; глубина 3; признаки конечного получателя",3,False,1,0,83090.0,0.0,1,0,0.0003024747023657885,0.0,False,83090.0,0.0,0.0,5.233988849415984e-15,0,0.0,False,terminal,0.012145690870679352
100000008729801100,peripheral,0.4,1,0.0912282218188555,"Вход/выход: 1/0 связей, 17 534/0 KZT; признаков специальной роли недостаточно",1,False,1,0,17534.0,0.0,1,0,0.00028924947543311784,0.0,False,17534.0,0.0,0.0,1.5358584153645855e-39,1,1.0,False,other,0.11078844236660812
100000008730021100,terminal,0.7,14,0.1509833227626746,"Вход 75 555 KZT от 1 плательщика, выход 0; глубина 1; признаки конечного получателя",1,False,1,0,75555.0,0.0,3,0,0.00046813825917664206,0.0,False,75555.0,0.0,0.0,7.487636351493068e-21,1,1.0,False,terminal,0.12223707984739951
100000008730238100,peripheral,0.3,7,0.0,"Глубина 4, выход 0, вход 113 000 KZT; обход обрезан, данных для гипотезы о конечном получателе недостаточно",4,False,1,0,113000.0,0.0,1,0,0.0005632359245676687,0.0,True,113000.0,0.0,0.0,5.3296862226183986e-76,0,0.0,False,truncated,-0.27162175996771987
100000008730371100,terminal,0.7,0,0.07445359730834884,"Вход 520 000 KZT от 2 плательщиков, выход 0; глубина 3; признаки конечного получателя",3,False,2,0,520000.0,0.0,3,0,0.0008583627263123975,0.0,False,520000.0,0.0,0.0,5.06119915280978e-13,0,0.0,False,terminal,0.06027811650040511
100000008730846100,peripheral,0.4,9,0.07772318327115267,"Вход 155 042, выход 363 370 KZT; возможны пропущенные входящие или начальный остаток; для проверки запросить выписку",2,False,7,3,155042.0,363370.0,11,4,0.0005360575471708012,2.343687516930896,False,518412.0,0.00018699910952804988,2.377901016664323e-13,5.051250973286918e-17,0,0.0,True,missing_incoming,0.09438779183357589
100000008731444100,peripheral,0.4,0,0.03912406083216944,"Вход 439 000, выход 879 768 KZT; возможны пропущенные входящие или начальный остаток; для проверки запросить выписку",2,False,3,9,439000.0,879767.8,5,9,0.00035336188519380433,2.0040268792710707,False,1318767.8,0.0001157613535173642,7.735503314984706e-14,2.7478590409303867e-15,0,0.0,True,missing_incoming,0.04751264106911048
100000008732098100,peripheral,0.4,1,0.09119579930721165,"Вход/выход: 1/0 связей, 15 677/0 KZT; признаков специальной роли недостаточно",1,False,1,0,15677.0,0.0,1,0,0.00028885971288505175,0.0,False,15677.0,0.0,0.0,1.3731979227598156e-39,1,1.0,False,other,0.11074906815223654
100000008732488100,peripheral,0.4,4,0.01114183335343174,"Вход/выход: 1/1 связей, 137 000/10 000 KZT; признаков специальной роли недостаточно",3,False,1,1,137000.0,10000.0,1,1,0.0003134431769510035,0.072992700729927,False,147000.0,1.8737385724253492e-05,8.417082485105925e-124,8.629876909014199e-15,0,0.0,False,other,0.013530751095708582
100000008733049100,peripheral,0.4,14,0.008806789100211123,"Вход/выход: 1/0 связей, 10 000/0 KZT; признаков специальной роли недостаточно",2,False,1,0,10000.0,0.0,1,0,0.0002887507034719393,0.0,False,10000.0,0.0,0.0,1.5352619025528866e-18,0,0.0,False,other,0.010695050579862909
100000008733194100,peripheral,0.4,12,0.04797045372693798,"Вход/выход: 4/8 связей, 251 424/159 695 KZT; признаков специальной роли недостаточно",2,False,4,8,251424.0,159695.0,4,8,0.00047072559440912876,0.6351621165839378,False,411119.0,0.00018878005342831702,5.194098880264373e-22,2.890300662862594e-15,0,0.0,False,other,0.058255786883357495
100000008734279100,peripheral,0.3,4,0.0,"Глубина 4, выход 0, вход 31 650 KZT; обход обрезан, данных для гипотезы о конечном получателе недостаточно",4,False,1,0,31650.0,0.0,1,0,0.0003013329445693454,0.0,True,31650.0,0.0,0.0,1.3382582385481824e-23,0,0.0,False,truncated,-0.28835320896375816
100000008734364100,peripheral,0.4,1,0.009206574397389885,"Вход/выход: 1/0 связей, 26 200/0 KZT; признаков специальной роли недостаточно",2,False,1,0,26200.0,0.0,1,0,0.0002944677917550073,0.0,False,26200.0,0.0,0.0,3.52269559605749e-36,0,0.0,False,other,0.011180553744042225
100000008735384100,peripheral,0.4,1,0.09160685110668973,"Вход/выход: 1/0 связей, 39 220/0 KZT; признаков специальной роли недостаточно",1,False,1,0,39220.0,0.0,1,0,0.00029380111281457236,0.0,False,39220.0,0.0,0.0,3.435403618717865e-39,1,1.0,False,other,0.1112482534666954
100000008735802100,peripheral,0.3,0,0.0,"Глубина 4, выход 0, вход 85 000 KZT; обход обрезан, данных для гипотезы о конечном получателе недостаточно",4,False,1,0,85000.0,0.0,2,0,0.0005087033417052578,0.0,True,85000.0,0.0,0.0,3.088690924909122e-81,0,0.0,False,truncated,-0.2751977611204888
100000008735832100,peripheral,0.4,1,0.008837043793244608,"Вход/выход: 1/0 связей, 17 600/0 KZT; признаков специальной роли недостаточно",3,False,1,0,17600.0,0.0,1,0,0.00028831626313090915,0.0,False,17600.0,0.0,0.0,2.6730716438253503e-42,0,0.0,False,other,0.010731792174170375
100000008736173100,peripheral,0.4,1,0.09146438061933716,"Вход/выход: 1/0 связей, 31 060/0 KZT; признаков специальной роли недостаточно",1,False,1,0,31060.0,0.0,1,0,0.000292088424396576,0.0,False,31060.0,0.0,0.0,2.7206434573528016e-39,1,1.0,False,other,0.11107523591727585
100000008736394100,peripheral,0.4,1,0.008961689051717918,"Вход/выход: 1/0 связей, 16 000/0 KZT; признаков специальной роли недостаточно",2,False,1,0,16000.0,0.0,1,0,0.00029100349118688865,0.0,False,16000.0,0.0,0.0,2.151264486141979e-36,0,0.0,False,other,0.01088316259178151
100000008736760100,terminal,0.7,1,0.1378171818001075,"Вход 54 757 KZT от 1 плательщика, выход 0; глубина 1; признаки конечного получателя",1,False,1,0,54757.0,0.0,1,0,0.0002970621471222205,0.0,False,54757.0,0.0,0.0,4.7963384994934765e-39,1,1.0,False,terminal,0.11157768651391738
100000008736940100,consolidator,0.65,43,0.41247887114997034,Вход 451 090 KZT от 3 плательщиков; передаёт 40.4%; признаки консолидации,1,False,3,3,451090.0,182100.0,13,6,0.0024141567490764664,0.40368884258130305,False,633190.0,3.5690258522387606e-06,4.472094357801569e-49,2.3168741316364583e-47,1,0.3333333333333333,False,consolidator,0.20036734568642883
100000008737422100,terminal,0.7,1,0.13839717286865705,"Вход 76 903 KZT от 1 плательщика, выход 0; глубина 1; признаки конечного получателя",1,False,1,0,76903.0,0.0,1,0,0.00030171033311547385,0.0,False,76903.0,0.0,0.0,6.73617655508057e-39,1,1.0,False,terminal,0.11204725105429056
100000008737514100,terminal,0.7,14,0.01578906529595869,"Вход 85 000 KZT от 1 плательщика, выход 0; глубина 2; признаки конечного получателя",2,False,1,0,85000.0,0.0,1,0,0.0003126112728818023,0.0,False,85000.0,0.0,0.0,1.3049726171699539e-17,0,0.0,False,terminal,0.01278292992883473
100000008737958100,terminal,0.7,1,0.08910497983418644,"Вход 53 373 KZT от 2 плательщиков, выход 0; глубина 1; признаки конечного получателя",1,False,2,0,53373.0,0.0,2,0,0.00029962614026345346,0.0,False,53373.0,0.0,0.0,2.9607367285607237e-36,1,0.5,False,terminal,0.07213997106099605
100000008738325100,peripheral,0.4,19,0.10380946147441401,"Вход/выход: 1/1 связей, 36 550/54 000 KZT; признаков специальной роли недостаточно; seed: входящие суммы занижены методом сбора",0,True,1,1,36550.0,54000.0,1,1,0.0005285862410602082,1.4774281805745555,False,90550.0,0.0,9.359141984427157e-20,4.451290797875524e-97,1,1.0,True,other,0.12606722251479513
100000008738526100,peripheral,0.4,16,0.009898715975862444,"Вход 15 000, выход 140 000 KZT; возможны пропущенные входящие или начальный остаток; для проверки запросить выписку",3,False,1,1,15000.0,140000.0,1,1,0.0002874522211122593,9.333333333333334,False,155000.0,2.048085485307213e-05,2.2635763774035687e-73,4.641183168260999e-18,0,0.0,True,missing_incoming,0.012021097227706742
100000008738658100,peripheral,0.4,1,0.009018685825207998,"Вход/выход: 1/0 связей, 29 920/0 KZT; признаков специальной роли недостаточно",3,False,1,0,29920.0,0.0,1,0,0.0002902391413704419,0.0,False,29920.0,0.0,0.0,4.544221794503096e-42,0,0.0,False,other,0.01095238002942297
100000008739887100,peripheral,0.4,4,0.023437058335197585,"Вход 214 000, выход 307 000 KZT; возможны пропущенные входящие или начальный остаток; для проверки запросить выписку",3,False,2,2,214000.0,307000.0,3,2,0.0003333006339697427,1.4345794392523366,False,521000.0,3.7399821905609976e-05,8.293214996666228e-62,3.238604424520138e-14,0,0.0,True,missing_incoming,0.028462192234412285
100000008740295100,peripheral,0.3,7,0.0,"Глубина 4, выход 0, вход 300 000 KZT; обход обрезан, данных для гипотезы о конечном получателе недостаточно",4,False,1,0,300000.0,0.0,1,0,0.000325036609326122,0.0,True,300000.0,0.0,0.0,4.292260440912709e-18,0,0.0,False,truncated,-0.28466275718965844
100000008740793100,peripheral,0.4,1,0.008887172276091648,"Вход/выход: 1/0 связей, 21 000/0 KZT; признаков специальной роли недостаточно",3,False,1,0,21000.0,0.0,1,0,0.00028884692758013086,0.0,False,21000.0,0.0,0.0,3.189460484109793e-42,0,0.0,False,other,0.01079266869266541
100000008741372100,peripheral,0.4,1,0.09155019464450112,"Вход/выход: 1/0 связей, 35 975/0 KZT; признаков специальной роли недостаточно",1,False,1,0,35975.0,0.0,1,0,0.00029312002532481767,0.0,False,35975.0,0.0,0.0,3.15116382415541e-39,1,1.0,False,other,0.11117944930641764
100000008742053100,distributor,0.55,10,0.06490035313223357,"Отправляет 2 789 000 KZT на 12 получателей, 12 переводов; признаки распределения; возможен неполный вход или начальный остаток",3,False,1,12,10000.0,2789000.0,1,12,0.0002862711500893241,278.9,False,2799000.0,0.0001282279608192342,1.0039521002427643e-16,8.446048144675767e-19,0,0.0,True,distributor,0.03502916526491351
100000008742266100,peripheral,0.4,1,0.009081730887831627,"Вход/выход: 1/0 связей, 21 000/0 KZT; признаков специальной роли недостаточно",2,False,1,0,21000.0,0.0,1,0,0.00029270167773988795,0.0,False,21000.0,0.0,0.0,2.823534638061347e-36,0,0.0,False,other,0.011028942568379897
100000008743913100,distributor,0.55,16,0.09965378174781724,"Отправляет 1 850 600 KZT на 13 получателей, 13 переводов; признаки распределения; возможен неполный вход или начальный остаток",2,False,3,13,149300.0,1850600.0,3,13,0.00033210781237653756,12.395177494976558,False,1999900.0,0.0003134461264470169,4.2634861349225854e-17,1.074019350675896e-18,0,0.0,True,distributor,0.05378689978782515
100000008744364100,peripheral,0.4,1,0.008926980188940767,"Вход/выход: 1/0 связей, 23 700/0 KZT; признаков специальной роли недостаточно",3,False,1,0,23700.0,0.0,1,0,0.00028926833758392454,0.0,False,23700.0,0.0,0.0,3.59953397492391e-42,0,0.0,False,other,0.01084101181029382
100000008744799100,peripheral,0.4,1,0.008763325436116609,"Вход/выход: 1/0 связей, 12 600/0 KZT; признаков специальной роли недостаточно",3,False,1,0,12600.0,0.0,1,0,0.00028753587423499484,0.0,False,12600.0,0.0,0.0,1.9136762904658757e-42,0,0.0,False,other,0.01064226788226591
100000008744849100,peripheral,0.4,1,0.09169807761360359,"Вход/выход: 1/0 связей, 44 445/0 KZT; признаков специальной роли недостаточно",1,False,1,0,44445.0,0.0,1,0,0.00029489777911163493,0.0,False,44445.0,0.0,0.0,3.893077864199784e-39,1,1.0,False,other,0.11135903982646464
100000008745474100,peripheral,0.4,1,0.09163022953592564,"Вход/выход: 1/0 связей, 40 559/0 KZT; признаков специальной роли недостаточно",1,False,1,0,40559.0,0.0,1,0,0.0002940821532302215,0.0,False,40559.0,0.0,0.0,3.552690855981078e-39,1,1.0,False,other,0.1112766444591798
100000008745489100,terminal,0.7,1,0.1378376619326644,"Вход 55 539 KZT от 1 плательщика, выход 0; глубина 1; признаки конечного получателя",1,False,1,0,55539.0,0.0,1,0,0.00029722627976227855,0.0,False,55539.0,0.0,0.0,4.864836348290962e-39,1,1.0,False,terminal,0.11159426736240341
100000008745643100,peripheral,0.4,1,0.09127674209880067,"Вход/выход: 1/0 связей, 20 313/0 KZT; признаков специальной роли недостаточно",1,False,1,0,20313.0,0.0,1,0,0.0002898327549813546,0.0,False,20313.0,0.0,0.0,1.779279798751045e-39,1,1.0,False,other,0.11084736586781362
100000008745676100,peripheral,0.3,1,0.0,"Глубина 4, выход 0, вход 34 547 KZT; обход обрезан, данных для гипотезы о конечном получателе недостаточно",4,False,1,0,34547.0,0.0,1,0,0.0005303236661827129,0.0,True,34547.0,0.0,0.0,3.944329529919884e-98,0,0.0,False,truncated,-0.27429324724810134
100000008745725100,peripheral,0.4,1,0.09174373451610689,"Вход/выход: 1/0 связей, 47 060/0 KZT; признаков специальной роли недостаточно",1,False,1,0,47060.0,0.0,1,0,0.0002954466369808825,0.0,False,47060.0,0.0,0.0,4.122133969833318e-39,1,1.0,False,other,0.1114144860141769
100000008745863100,peripheral,0.4,1,0.008915185251800288,"Вход/выход: 1/0 связей, 22 900/0 KZT; признаков специальной роли недостаточно",3,False,1,0,22900.0,0.0,1,0,0.00028914347536057827,0.0,False,22900.0,0.0,0.0,3.478030718386393e-42,0,0.0,False,other,0.010826687923589106
100000008745884100,peripheral,0.4,1,0.00887242860466605,"Вход/выход: 1/0 связей, 20 000/0 KZT; признаков специальной роли недостаточно",3,False,1,0,20000.0,0.0,1,0,0.000288690849800948,0.0,False,20000.0,0.0,0.0,3.037581413437898e-42,0,0.0,False,other,0.010774763834284518
100000008746025100,peripheral,0.4,1,0.09130619647529133,"Вход/выход: 1/0 связей, 22 000/0 KZT; признаков специальной роли недостаточно",1,False,1,0,22000.0,0.0,1,0,0.0002901868365207124,0.0,False,22000.0,0.0,0.0,1.9270494546607097e-39,1,1.0,False,other,0.11088313554990563
100000008746449100,distributor,0.55,7,0.03904476835525622,"Отправляет 1 009 000 KZT на 10 получателей, 10 переводов; признаки распределения; возможен неполный вход или начальный остаток",3,False,1,10,10000.0,1009000.0,1,10,0.00028700414108164825,100.9,False,1019000.0,0.000215926064060445,1.2896574427427706e-18,4.871042129165254e-20,0,0.0,True,distributor,0.0210739322274542
100000008746673100,terminal,0.7,1,0.1377724240679594,"Вход 53 048 KZT от 1 плательщика, выход 0; глубина 1; признаки конечного получателя",1,False,1,0,53048.0,0.0,1,0,0.0002967034480405593,0.0,False,53048.0,0.0,0.0,4.646641794129151e-39,1,1.0,False,terminal,0.11154145036294213
100000008747113100,terminal,0.7,5,0.09119002334229005,"Вход 197 801 KZT от 2 плательщиков, выход 0; глубина 1; признаки конечного получателя",1,False,2,0,197801.0,0.0,2,0,0.00030751915506009613,0.0,False,197801.0,0.0,0.0,6.818008952606117e-13,1,0.5,False,terminal,0.07382803584273345
100000008748408100,distributor,0.6,6,0.2388146122476056,"Отправляет 1 499 960 KZT на 21 получателя, 22 переводов; признаки распределения; возможен неполный вход или начальный остаток",1,False,1,21,360000.0,1499960.0,2,22,0.00033405459494233067,4.166555555555555,False,1859960.0,0.0,1.2216499330356706e-16,1.7922670870231654e-16,1,1.0,True,distributor,0.12889724194648175
100000008748795100,peripheral,0.4,0,0.009034415219385356,"Вход/выход: 1/0 связей, 47 057/0 KZT; признаков специальной роли недостаточно",3,False,1,0,47057.0,0.0,1,0,0.000288219542906905,0.0,False,47057.0,0.0,0.0,1.2450705420987707e-14,0,0.0,False,other,0.010971481959127796
100000008748914100,distributor,0.55,2,0.26047967448120596,"Отправляет 4 471 847 KZT на 13 получателей, 21 переводов; признаки распределения; возможен неполный вход или начальный остаток",1,False,2,13,180000.0,4471847.0,9,21,0.0007908267344260672,24.843594444444445,False,4651847.0,0.0,5.654319799346519e-13,1.3412871016639495e-73,1,0.5,True,distributor,0.14059069211784148
100000008749063100,peripheral,0.4,1,0.09125381761964702,"Вход/выход: 1/0 связей, 19 000/0 KZT; признаков специальной роли недостаточно",1,False,1,0,19000.0,0.0,1,0,0.00028955717166115493,0.0,False,19000.0,0.0,0.0,1.6642699835706127e-39,1,1.0,False,other,0.11081952615673668
100000008749405100,peripheral,0.4,1,0.009125282569615086,"Вход/выход: 1/0 связей, 37 150/0 KZT; признаков специальной роли недостаточно",3,False,1,0,37150.0,0.0,1,0,0.000291367583713934,0.0,False,37150.0,0.0,0.0,5.642307475460896e-42,0,0.0,False,other,0.011081832155516828
100000008749406100,peripheral,0.4,1,0.09122141256762173,"Вход/выход: 1/0 связей, 17 144/0 KZT; признаков специальной роли недостаточно",1,False,1,0,17144.0,0.0,1,0,0.0002891676190013754,0.0,False,17144.0,0.0,0.0,1.5016970841228727e-39,1,1.0,False,other,0.11078017314549615
100000008749618100,peripheral,0.4,1,0.09174757563218747,"Вход/выход: 1/0 связей, 47 280/0 KZT; признаков специальной роли недостаточно",1,False,1,0,47280.0,0.0,1,0,0.00029549281240391677,0.0,False,47280.0,0.0,0.0,4.141404464379925e-39,1,1.0,False,other,0.1114191507030093
100000008749900100,peripheral,0.4,1,0.008830409141103088,"Вход/выход: 1/0 связей, 17 150/0 KZT; признаков специальной роли недостаточно",3,False,1,0,17150.0,0.0,1,0,0.00028824602813027684,0.0,False,17150.0,0.0,0.0,2.6047260620229977e-42,0,0.0,False,other,0.010723734987898973
100000008749989100,peripheral,0.4,1,0.008961689051717918,"Вход/выход: 1/0 связей, 16 000/0 KZT; признаков специальной роли недостаточно",2,False,1,0,16000.0,0.0,1,0,0.00029100349118688865,0.0,False,16000.0,0.0,0.0,2.151264486141979e-36,0,0.0,False,other,0.01088316259178151
100000008750464100,peripheral,0.4,1,0.008702876383271652,"Вход/выход: 1/0 связей, 8 500/0 KZT; признаков специальной роли недостаточно",3,False,1,0,8500.0,0.0,1,0,0.00028689595534034515,0.0,False,8500.0,0.0,0.0,1.2909721007111069e-42,0,0.0,False,other,0.010568857962904252
100000008751349100,peripheral,0.4,25,0.008804609241882715,"Вход/выход: 1/0 связей, 11 630/0 KZT; признаков специальной роли недостаточно",3,False,1,0,11630.0,0.0,1,0,0.00028848577638606985,0.0,False,11630.0,0.0,0.0,4.969347646354003e-32,0,0.0,False,other,0.010692403338647755
100000008751380100,terminal,0.7,7,0.03135273798070366,"Вход 345 780 KZT от 2 плательщиков, выход 0; глубина 3; признаки конечного получателя",3,False,2,0,345780.0,0.0,2,0,0.0003127638118830456,0.0,False,345780.0,0.0,0.0,2.8547784532164303e-17,0,0.0,False,terminal,0.025383380534060637
100000008751429100,peripheral,0.4,43,0.11784394151611238,"Вход/выход: 3/1 связей, 386 200/72 600 KZT; признаков специальной роли недостаточно",1,False,3,1,386200.0,72600.0,6,2,0.001504312992404113,0.1879854997410668,False,458800.0,0.0,5.089464306556955e-49,2.2410365180826024e-47,1,0.3333333333333333,False,other,0.14311083196201607
100000008752616100,peripheral,0.4,7,0.028863052226558685,"Вход 64 510, выход 1 265 000 KZT; возможны пропущенные входящие или начальный остаток; для проверки запросить выписку",2,False,2,7,64510.0,1265000.0,2,7,0.00031306069757078167,19.6093628894745,False,1329510.0,0.00015079134225708763,2.108252173818534e-17,3.0956426206784182e-18,0,0.0,True,missing_incoming,0.03505157213823478
100000008753061100,peripheral,0.4,1,0.008996275444641088,"Вход/выход: 1/0 связей, 28 400/0 KZT; признаков специальной роли недостаточно",3,False,1,0,28400.0,0.0,2,0,0.000290001903146084,0.0,False,28400.0,0.0,0.0,4.3133656070818155e-42,0,0.0,False,other,0.010925164644684016
100000008753193100,peripheral,0.4,1,0.09153709993059005,"Вход/выход: 1/0 связей, 35 225/0 KZT; признаков специальной роли недостаточно",1,False,1,0,35225.0,0.0,1,0,0.0002929626091099283,0.0,False,35225.0,0.0,0.0,3.085468956382886e-39,1,1.0,False,other,0.11116354695812541
100000008753897100,peripheral,0.4,1,0.008932140473939728,"Вход/выход: 1/0 связей, 24 050/0 KZT; признаков специальной роли недостаточно",3,False,1,0,24050.0,0.0,1,0,0.00028932296480663856,0.0,False,24050.0,0.0,0.0,3.652691649659073e-42,0,0.0,False,other,0.010847278510727133
100000008754608100,peripheral,0.4,1,0.00875890233468893,"Вход/выход: 1/0 связей, 12 300/0 KZT; признаков специальной роли недостаточно",3,False,1,0,12300.0,0.0,1,0,0.00028748905090124,0.0,False,12300.0,0.0,0.0,1.8681125692643076e-42,0,0.0,False,other,0.010636896424751645
100000008754747100,peripheral,0.4,1,0.009248392226018838,"Вход/выход: 1/0 связей, 45 500/0 KZT; признаков специальной роли недостаточно",3,False,1,0,45500.0,0.0,1,0,0.0002926708331701108,0.0,False,45500.0,0.0,0.0,6.910497715571219e-42,0,0.0,False,other,0.011231337722997276
100000008754997100,peripheral,0.4,1,0.00884294126181485,"Вход/выход: 1/0 связей, 18 000/0 KZT; признаков специальной роли недостаточно",3,False,1,0,18000.0,0.0,1,0,0.0002883786942425823,0.0,False,18000.0,0.0,0.0,2.7338232720941088e-42,0,0.0,False,other,0.010738954117522733
100000008755168100,peripheral,0.4,1,0.008837043793244608,"Вход/выход: 1/0 связей, 17 600/0 KZT; признаков специальной роли недостаточно",3,False,1,0,17600.0,0.0,1,0,0.00028831626313090915,0.0,False,17600.0,0.0,0.0,2.6730716438253503e-42,0,0.0,False,other,0.010731792174170375
100000008755361100,peripheral,0.4,1,0.09117746670773613,"Вход/выход: 1/0 связей, 14 627/0 KZT; признаков специальной роли недостаточно",1,False,1,0,14627.0,0.0,1,0,0.0002886393301842066,0.0,False,14627.0,0.0,0.0,1.2812251078782818e-39,1,1.0,False,other,0.11072680486462741
100000008755580100,peripheral,0.4,1,0.00881345391896365,"Вход/выход: 1/0 связей, 16 000/0 KZT; признаков специальной роли недостаточно",3,False,1,0,16000.0,0.0,1,0,0.0002880665386842166,0.0,False,16000.0,0.0,0.0,2.4300651307503186e-42,0,0.0,False,other,0.010703144400760948
100000008755754100,peripheral,0.4,10,0.009146982969082333,"Вход/выход: 1/0 связей, 7 000/0 KZT; признаков специальной роли недостаточно",3,False,1,0,7000.0,0.0,1,0,0.0002958990020703291,0.0,False,7000.0,0.0,0.0,4.923237323316312e-68,0,0.0,False,other,0.011108185332283587
100000008757301100,peripheral,0.3,0,0.0,"Глубина 4, выход 0, вход 58 398 KZT; обход обрезан, данных для гипотезы о конечном получателе недостаточно",4,False,1,0,58398.0,0.0,3,0,0.0005305464848242216,0.0,True,58398.0,0.0,0.0,2.5086579091786785e-88,0,0.0,False,truncated,-0.2740807154944688
100000008757369100,peripheral,0.4,0,0.009420780165216889,"Вход 25 961, выход 58 398 KZT; возможны пропущенные входящие или начальный остаток; для проверки запросить выписку",3,False,1,1,25961.0,58398.0,1,3,0.0002878715741932152,2.249451099726513,False,84359.0,1.8699910952804988e-05,4.432741733370011e-90,2.627792594259005e-14,0,0.0,True,missing_incoming,0.011440687317736325
100000008758106100,peripheral,0.3,7,0.0,"Глубина 4, выход 0, вход 10 000 KZT; обход обрезан, данных для гипотезы о конечном получателе недостаточно",4,False,1,0,10000.0,0.0,1,0,0.00028688487138758524,0.0,True,10000.0,0.0,0.0,1.4307534803042363e-19,0,0.0,False,truncated,-0.28941931412854416
100000008758168100,peripheral,0.4,16,0.03020997019531467,"Вход 75 410, выход 1 533 600 KZT; возможны пропущенные входящие или начальный остаток; для проверки запросить выписку",2,False,2,5,75410.0,1533600.0,2,5,0.0003183672512790776,20.33682535472749,False,1609010.0,4.452359750667854e-05,4.11947751106114e-17,1.4489990244748556e-19,0,0.0,True,missing_incoming,0.036687282456587485
100000008758607100,peripheral,0.3,7,0.0,"Глубина 4, выход 0, вход 5 000 KZT; обход обрезан, данных для гипотезы о конечном получателе недостаточно",4,False,1,0,5000.0,0.0,1,0,0.00028622708280243804,0.0,True,5000.0,0.0,0.0,7.153767401521181e-20,0,0.0,False,truncated,-0.28950132373093873
100000008759795100,peripheral,0.3,18,0.0,"Глубина 4, выход 0, вход 17 000 KZT; обход обрезан, данных для гипотезы о конечном получателе недостаточно",4,False,1,0,17000.0,0.0,1,0,0.0002946668376970891,0.0,True,17000.0,0.0,0.0,3.519630073397632e-21,0,0.0,False,truncated,-0.288883957274682
100000008759857100,peripheral,0.4,16,0.015475277398703875,"Вход 5 000, выход 994 000 KZT; возможны пропущенные входящие или начальный остаток; для проверки запросить выписку",3,False,1,2,5000.0,994000.0,1,3,0.00028633291495751956,198.8,False,999000.0,0.0,3.258878083460493e-17,5.592561322293595e-20,0,0.0,True,missing_incoming,0.018793327810311657
100000008760098100,peripheral,0.4,16,0.011399650345410812,"Вход 7 000, выход 390 000 KZT; возможны пропущенные входящие или начальный остаток; для проверки запросить выписку",3,False,1,1,7000.0,390000.0,1,1,0.00028663836325361103,55.714285714285715,False,397000.0,5.353538778358141e-06,9.783528237625631e-18,7.829585851211031e-20,0,0.0,True,missing_incoming,0.013843846565372795
100000008761132100,peripheral,0.3,7,0.0,"Глубина 4, выход 0, вход 10 000 KZT; обход обрезан, данных для гипотезы о конечном получателе недостаточно",4,False,1,0,10000.0,0.0,1,0,0.00028688487138758524,0.0,True,10000.0,0.0,0.0,1.4307534803042363e-19,0,0.0,False,truncated,-0.28941931412854416
100000008761219100,peripheral,0.4,48,0.02061650987513199,"Вход 50 000, выход 375 000 KZT; возможны пропущенные входящие или начальный остаток; для проверки запросить выписку",3,False,2,2,50000.0,375000.0,2,2,0.00029284083313645565,7.5,False,425000.0,2.2306411576492254e-05,1.0064126804537278e-54,1.7455017960515067e-17,0,0.0,True,missing_incoming,0.025036890674433654
100000008761220100,peripheral,0.3,7,0.0,"Глубина 4, выход 0, вход 10 000 KZT; обход обрезан, данных для гипотезы о конечном получателе недостаточно",4,False,1,0,10000.0,0.0,1,0,0.00028688487138758524,0.0,True,10000.0,0.0,0.0,1.4307534803042363e-19,0,0.0,False,truncated,-0.28941931412854416
100000008762005100,peripheral,0.3,7,0.0,"Глубина 4, выход 0, вход 5 000 KZT; обход обрезан, данных для гипотезы о конечном получателе недостаточно",4,False,1,0,5000.0,0.0,1,0,0.0002867795934290693,0.0,True,5000.0,0.0,0.0,1.6914038525632341e-21,0,0.0,False,truncated,-0.28946745802714025
100000008762728100,peripheral,0.4,3,0.010316225117119552,"Вход/выход: 1/0 связей, 17 026/0 KZT; признаков специальной роли недостаточно",2,False,1,0,17026.0,0.0,1,0,0.00031770106594377663,0.0,False,17026.0,0.0,0.0,2.032601945923331e-21,0,0.0,False,other,0.012528124401003404
100000008762832100,peripheral,0.4,2,0.011330659131955913,"Вход/выход: 1/1 связей, 150 000/85 000 KZT; признаков специальной роли недостаточно",2,False,1,1,150000.0,85000.0,1,4,0.000308147620844976,0.5666666666666667,False,235000.0,0.0,3.449639289654269e-75,2.2196429417879367e-14,0,0.0,False,other,0.013760062962850898
100000008762843100,peripheral,0.3,7,0.0,"Глубина 4, выход 0, вход 7 000 KZT; обход обрезан, данных для гипотезы о конечном получателе недостаточно",4,False,1,0,7000.0,0.0,1,0,0.0002872637131137807,0.0,True,7000.0,0.0,0.0,2.3679653935885272e-21,0,0.0,False,truncated,-0.28942110790466297
100000008762885100,peripheral,0.3,7,0.0,"Глубина 4, выход 0, вход 7 000 KZT; обход обрезан, данных для гипотезы о конечном получателе недостаточно",4,False,1,0,7000.0,0.0,1,0,0.0002872637131137807,0.0,True,7000.0,0.0,0.0,2.3679653935885272e-21,0,0.0,False,truncated,-0.28942110790466297
100000008763688100,peripheral,0.4,1,0.008887172276091648,"Вход/выход: 1/0 связей, 21 000/0 KZT; признаков специальной роли недостаточно",3,False,1,0,21000.0,0.0,1,0,0.00028884692758013086,0.0,False,21000.0,0.0,0.0,3.189460484109793e-42,0,0.0,False,other,0.01079266869266541
100000008764436100,peripheral,0.4,1,0.008892064786771969,"Вход/выход: 1/0 связей, 13 100/0 KZT; признаков специальной роли недостаточно",2,False,1,0,13100.0,0.0,1,0,0.00029001854298614906,0.0,False,13100.0,0.0,0.0,1.761347798028745e-36,0,0.0,False,other,0.010798610205354444
100000008764654100,peripheral,0.4,1,0.008963102183933489,"Вход/выход: 1/0 связей, 26 150/0 KZT; признаков специальной роли недостаточно",3,False,1,0,26150.0,0.0,1,0,0.0002896507281429226,0.0,False,26150.0,0.0,0.0,3.971637698070052e-42,0,0.0,False,other,0.01088487871332701
100000008765494100,peripheral,0.4,1,0.009153755989499855,"Вход/выход: 1/0 связей, 24 000/0 KZT; признаков специальной роли недостаточно",2,False,1,0,24000.0,0.0,1,0,0.0002937205896716876,0.0,False,24000.0,0.0,0.0,3.2268967292129675e-36,0,0.0,False,other,0.011116410554338934
100000008765627100,terminal,0.7,6,0.014345224026944691,"Вход 60 000 KZT от 1 плательщика, выход 0; глубина 2; признаки конечного получателя",2,False,1,0,60000.0,0.0,1,0,0.00029694114034890817,0.0,False,60000.0,0.0,0.0,1.918175709285682e-18,0,0.0,False,terminal,0.011613986649153075
100000008766031100,peripheral,0.3,7,0.0,"Глубина 4, выход 0, вход 5 000 KZT; обход обрезан, данных для гипотезы о конечном получателе недостаточно",4,False,1,0,5000.0,0.0,1,0,0.0002864770372824112,0.0,True,5000.0,0.0,0.0,5.966405920561565e-20,0,0.0,False,truncated,-0.2894860029679093
100000008766764100,peripheral,0.3,7,0.0,"Глубина 4, выход 0, вход 5 000 KZT; обход обрезан, данных для гипотезы о конечном получателе недостаточно",4,False,1,0,5000.0,0.0,1,0,0.00028622708280243804,0.0,True,5000.0,0.0,0.0,7.153767401521181e-20,0,0.0,False,truncated,-0.28950132373093873
100000008767027100,peripheral,0.4,16,0.008650427203699998,"Вход/выход: 1/0 связей, 5 000/0 KZT; признаков специальной роли недостаточно",3,False,1,0,5000.0,0.0,1,0,0.00028633291495751956,0.0,False,5000.0,0.0,0.0,5.592561322293595e-20,0,0.0,False,other,0.01050516316767205
100000008767065100,peripheral,0.4,16,0.008723299231245946,"Вход/выход: 1/0 связей, 10 000/0 KZT; признаков специальной роли недостаточно",3,False,1,0,10000.0,0.0,1,0,0.0002870965356977483,0.0,False,10000.0,0.0,0.0,1.118512264458719e-19,0,0.0,False,other,0.010593659668677438
100000008767925100,peripheral,0.4,1,0.09122141256762173,"Вход/выход: 1/0 связей, 17 144/0 KZT; признаков специальной роли недостаточно",1,False,1,0,17144.0,0.0,1,0,0.0002891676190013754,0.0,False,17144.0,0.0,0.0,1.5016970841228727e-39,1,1.0,False,other,0.11078017314549615
100000008767950100,peripheral,0.4,1,0.00883335787538821,"Вход/выход: 1/0 связей, 17 350/0 KZT; признаков специальной роли недостаточно",3,False,1,0,17350.0,0.0,1,0,0.0002882772436861134,0.0,False,17350.0,0.0,0.0,2.6351018761573768e-42,0,0.0,False,other,0.010727315959575151
100000008768896100,peripheral,0.4,1,0.09174373451610689,"Вход/выход: 1/0 связей, 47 060/0 KZT; признаков специальной роли недостаточно",1,False,1,0,47060.0,0.0,1,0,0.0002954466369808825,0.0,False,47060.0,0.0,0.0,4.122133969833318e-39,1,1.0,False,other,0.1114144860141769
100000008769097100,peripheral,0.4,1,0.009036083357490206,"Вход/выход: 1/0 связей, 31 100/0 KZT; признаков специальной роли недостаточно",3,False,1,0,31100.0,0.0,1,0,0.0002904233131498777,0.0,False,31100.0,0.0,0.0,4.723439097895932e-42,0,0.0,False,other,0.010973507762312425
100000008769636100,peripheral,0.4,1,0.09132571632882812,"Вход/выход: 1/0 связей, 23 118/0 KZT; признаков специальной роли недостаточно",1,False,1,0,23118.0,0.0,1,0,0.0002904214916250408,0.0,False,23118.0,0.0,0.0,2.0249786042202854e-39,1,1.0,False,other,0.1109068406504266
100000008770483100,peripheral,0.3,48,0.0,"Глубина 4, выход 0, вход 5 000 KZT; обход обрезан, данных для гипотезы о конечном получателе недостаточно",4,False,1,0,5000.0,0.0,1,0,0.0002888920536538102,0.0,True,5000.0,0.0,0.0,1.2092888799267644e-55,0,0.0,False,truncated,-0.2893379764410694
100000008771627100,peripheral,0.4,1,0.00897369323532929,"Вход/выход: 1/0 связей, 16 500/0 KZT; признаков специальной роли недостаточно",2,False,1,0,16500.0,0.0,1,0,0.0002911733098421886,0.0,False,16500.0,0.0,0.0,2.2184915013339155e-36,0,0.0,False,other,0.01089774058944135
100000008771814100,peripheral,0.4,1,0.009146553479333032,"Вход/выход: 1/0 связей, 23 700/0 KZT; признаков специальной роли недостаточно",2,False,1,0,23700.0,0.0,1,0,0.0002936186984785076,0.0,False,23700.0,0.0,0.0,3.186560520097806e-36,0,0.0,False,other,0.01110766375574303
100000008771819100,peripheral,0.4,1,0.09160126402875433,"Вход/выход: 1/0 связей, 38 900/0 KZT; признаков специальной роли недостаточно",1,False,1,0,38900.0,0.0,1,0,0.00029373394856288624,0.0,False,38900.0,0.0,0.0,3.407373808468255e-39,1,1.0,False,other,0.11124146846475737
100000008772058100,terminal,0.7,1,0.014666960305936705,"Вход 50 000 KZT от 1 плательщика, выход 0; глубина 2; признаки конечного получателя",2,False,1,0,50000.0,0.0,1,0,0.000302551159747284,0.0,False,50000.0,0.0,0.0,6.722701519193684e-36,0,0.0,False,terminal,0.011874466432650556
100000008772246100,peripheral,0.4,1,0.00923364855459324,"Вход/выход: 1/0 связей, 44 500/0 KZT; признаков специальной роли недостаточно",3,False,1,0,44500.0,0.0,1,0,0.00029251475539092793,0.0,False,44500.0,0.0,0.0,6.758618644899323e-42,0,0.0,False,other,0.011213432864616383
100000008773876100,peripheral,0.4,1,0.09137813010370953,"Вход/выход: 1/0 связей, 26 120/0 KZT; признаков специальной роли недостаточно",1,False,1,0,26120.0,0.0,1,0,0.00029105157626117134,0.0,False,26120.0,0.0,0.0,2.2879332616244427e-39,1,1.0,False,other,0.11097049244985766
100000008774237100,peripheral,0.4,23,0.010240212315205182,"Вход/выход: 1/1 связей, 50 000/10 000 KZT; признаков специальной роли недостаточно",2,False,1,1,50000.0,10000.0,1,1,0.0003103490467286019,0.2,False,60000.0,0.0,6.779557472601084e-43,5.977965097446581e-41,0,0.0,False,other,0.012435813712971621
100000008775471100,terminal,0.7,16,0.024351875275885206,"Вход 580 000 KZT от 1 плательщика, выход 0; глубина 3; признаки конечного получателя",3,False,1,0,580000.0,0.0,2,0,0.00035837580082273557,0.0,False,580000.0,0.0,0.0,1.7945908250609193e-16,0,0.0,False,terminal,0.019715436566535682
100000008775747100,peripheral,0.3,7,0.0,"Глубина 4, выход 0, вход 5 000 KZT; обход обрезан, данных для гипотезы о конечном получателе недостаточно",4,False,1,0,5000.0,0.0,1,0,0.00028622708280243804,0.0,True,5000.0,0.0,0.0,7.153767401521181e-20,0,0.0,False,truncated,-0.28950132373093873
100000008776298100,peripheral,0.4,1,0.09166935654109194,"Вход/выход: 1/0 связей, 42 800/0 KZT; признаков специальной роли недостаточно",1,False,1,0,42800.0,0.0,1,0,0.00029455251288031093,0.0,False,42800.0,0.0,0.0,3.748987120885381e-39,1,1.0,False,other,0.111324160675877
100000008776310100,peripheral,0.4,1,0.00886063366752557,"Вход/выход: 1/0 связей, 19 200/0 KZT; признаков специальной роли недостаточно",3,False,1,0,19200.0,0.0,1,0,0.00028856598757760174,0.0,False,19200.0,0.0,0.0,2.9160781569003824e-42,0,0.0,False,other,0.010760439947579805
100000008776420100,terminal,0.7,1,0.014403360510349853,"Вход 69 500 KZT от 1 плательщика, выход 0; глубина 3; признаки конечного получателя",3,False,1,0,69500.0,0.0,1,0,0.00029641669987049937,0.0,False,69500.0,0.0,0.0,1.0555595411696697e-41,0,0.0,False,terminal,0.0116610543241387
100000008776576100,peripheral,0.4,1,0.09117987613509577,"Вход/выход: 1/0 связей, 14 765/0 KZT; признаков специальной роли недостаточно",1,False,1,0,14765.0,0.0,1,0,0.00028866829476774624,0.0,False,14765.0,0.0,0.0,1.2933129635484262e-39,1,1.0,False,other,0.11072973089671317
100000008776720100,peripheral,0.4,1,0.008963102183933489,"Вход/выход: 1/0 связей, 26 150/0 KZT; признаков специальной роли недостаточно",3,False,1,0,26150.0,0.0,1,0,0.0002896507281429226,0.0,False,26150.0,0.0,0.0,3.971637698070052e-42,0,0.0,False,other,0.01088487871332701
100000008777088100,peripheral,0.4,1,0.09123635800109892,"Вход/выход: 1/0 связей, 18 000/0 KZT; признаков специальной роли недостаточно",1,False,1,0,18000.0,0.0,1,0,0.00028934728337463573,0.0,False,18000.0,0.0,0.0,1.5766768265405807e-39,1,1.0,False,other,0.11079832302568036
100000008778010100,peripheral,0.3,1,0.0,"Глубина 4, выход 0, вход 76 950 KZT; обход обрезан, данных для гипотезы о конечном получателе недостаточно",4,False,1,0,76950.0,0.0,2,0,0.0005296426486872762,0.0,True,76950.0,0.0,0.0,3.5587658199592415e-83,0,0.0,False,truncated,-0.27398142524730024
100000008778753100,peripheral,0.3,24,0.0,"Глубина 4, выход 0, вход 10 000 KZT; обход обрезан, данных для гипотезы о конечном получателе недостаточно",4,False,1,0,10000.0,0.0,1,0,0.00029415636801295746,0.0,True,10000.0,0.0,0.0,2.6627802012569305e-23,0,0.0,False,truncated,-0.2889736134686524
100000008779584100,peripheral,0.4,1,0.09147031688964352,"Вход/выход: 1/0 связей, 31 400/0 KZT; признаков специальной роли недостаточно",1,False,1,0,31400.0,0.0,1,0,0.00029215978641399247,0.0,False,31400.0,0.0,0.0,2.7504251307430128e-39,1,1.0,False,other,0.11108244498183499
100000008782056100,peripheral,0.4,1,0.09142984549384903,"Вход/выход: 1/0 связей, 29 082/0 KZT; признаков специальной роли недостаточно",1,False,1,0,29082.0,0.0,1,0,0.0002916732653658411,0.0,False,29082.0,0.0,0.0,2.547384192747398e-39,1,1.0,False,other,0.11103329612404646
100000008782421100,peripheral,0.4,1,0.09178947871670293,"Вход/выход: 1/0 связей, 49 680/0 KZT; признаков специальной роли недостаточно",1,False,1,0,49680.0,0.0,1,0,0.00029599654429156275,0.0,False,49680.0,0.0,0.0,4.3516280412520024e-39,1,1.0,False,other,0.11147003821754446
100000008782800100,peripheral,0.4,1,0.09167950057946839,"Вход/выход: 1/0 связей, 43 381/0 KZT; признаков специальной роли недостаточно",1,False,1,0,43381.0,0.0,1,0,0.0002946744579747786,0.0,False,43381.0,0.0,0.0,3.799878745119829e-39,1,1.0,False,other,0.11133647969502072
